> Task :buildSrc:extractPluginRequests UP-TO-DATE
> Task :buildSrc:generatePluginAdapters UP-TO-DATE
> Task :buildSrc:compileJava UP-TO-DATE
> Task :buildSrc:compileGroovy NO-SOURCE
> Task :buildSrc:compileGroovyPlugins UP-TO-DATE
> Task :buildSrc:pluginDescriptors UP-TO-DATE
> Task :buildSrc:processResources UP-TO-DATE
> Task :buildSrc:classes UP-TO-DATE
> Task :buildSrc:jar UP-TO-DATE
> Task :services:platform:identity:extractIncludeProto UP-TO-DATE
> Task :services:platform:identity:extractProto UP-TO-DATE
> Task :services:platform:identity:generateProto UP-TO-DATE
> Task :services:platform:identity:compileJava UP-TO-DATE
> Task :services:platform:identity:processResources
> Task :services:platform:identity:classes
> Task :services:platform:identity:resolveMainClassName

> Task :services:platform:identity:bootRun

  .   ____          _            __ _ _
 /\\ / ___'_ __ _ _(_)_ __  __ _ \ \ \ \
( ( )\___ | '_ | '_| | '_ \/ _` | \ \ \ \
 \\/  ___)| |_)| | | | | || (_| |  ) ) ) )
  '  |____| .__|_| |_|_| |_\__, | / / / /
 =========|_|==============|___/=/_/_/_/

 :: Spring Boot ::                (v3.5.7)

2026-08-14T14:50:26.952+05:30  INFO 28548 --- [           main] o.ai.identity.UserManagementApplication  : Starting UserManagementApplication using Java 21.0.12 with PID 28548 (C:\Onified\onified-backend-beta\services\platform\identity\build\classes\java\main started by windo in C:\Onified\onified-backend-beta\services\platform\identity)
2026-08-14T14:50:26.954+05:30  INFO 28548 --- [           main] o.ai.identity.UserManagementApplication  : The following 1 profile is active: "local"
2026-08-14T14:50:29.085+05:30  INFO 28548 --- [           main] .s.d.r.c.RepositoryConfigurationDelegate : Multiple Spring Data modules found, entering strict repository configuration mode
2026-08-14T14:50:29.085+05:30  INFO 28548 --- [           main] .s.d.r.c.RepositoryConfigurationDelegate : Bootstrapping Spring Data JPA repositories in DEFAULT mode.
2026-08-14T14:50:29.643+05:30  INFO 28548 --- [           main] .s.d.r.c.RepositoryConfigurationDelegate : Finished Spring Data repository scanning in 541 ms. Found 29 JPA repository interfaces.
2026-08-14T14:50:30.588+05:30  INFO 28548 --- [           main] .s.d.r.c.RepositoryConfigurationDelegate : Multiple Spring Data modules found, entering strict repository configuration mode
2026-08-14T14:50:30.592+05:30  INFO 28548 --- [           main] .s.d.r.c.RepositoryConfigurationDelegate : Bootstrapping Spring Data Redis repositories in DEFAULT mode.
2026-08-14T14:50:30.665+05:30  INFO 28548 --- [           main] .RepositoryConfigurationExtensionSupport : Spring Data Redis - Could not safely identify store assignment for repository candidate interface onified.ai.identity.devicesession.DeviceSessionTokenRepository; If you want this repository to be a Redis repository, consider annotating your entities with one of these annotations: org.springframework.data.redis.core.RedisHash (preferred), or consider extending one of the following types with your repository: org.springframework.data.keyvalue.repository.KeyValueRepository
2026-08-14T14:50:30.667+05:30  INFO 28548 --- [           main] .RepositoryConfigurationExtensionSupport : Spring Data Redis - Could not safely identify store assignment for repository candidate interface onified.ai.identity.repositories.auth.AppTierMappingRepository; If you want this repository to be a Redis repository, consider annotating your entities with one of these annotations: org.springframework.data.redis.core.RedisHash (preferred), or consider extending one of the following types with your repository: org.springframework.data.keyvalue.repository.KeyValueRepository
2026-08-14T14:50:30.669+05:30  INFO 28548 --- [           main] .RepositoryConfigurationExtensionSupport : Spring Data Redis - Could not safely identify store assignment for repository candidate interface onified.ai.identity.repositories.auth.BreakGlassActivationRepository; If you want this repository to be a Redis repository, consider annotating your entities with one of these annotations: org.springframework.data.redis.core.RedisHash (preferred), or consider extending one of the following types with your repository: org.springframework.data.keyvalue.repository.KeyValueRepository
2026-08-14T14:50:30.669+05:30  INFO 28548 --- [           main] .RepositoryConfigurationExtensionSupport : Spring Data Redis - Could not safely identify store assignment for repository candidate interface onified.ai.identity.repositories.auth.BreakGlassApprovalRepository; If you want this repository to be a Redis repository, consider annotating your entities with one of these annotations: org.springframework.data.redis.core.RedisHash (preferred), or consider extending one of the following types with your repository: org.springframework.data.keyvalue.repository.KeyValueRepository
2026-08-14T14:50:30.669+05:30  INFO 28548 --- [           main] .RepositoryConfigurationExtensionSupport : Spring Data Redis - Could not safely identify store assignment for repository candidate interface onified.ai.identity.repositories.auth.BreakGlassAuditEventRepository; If you want this repository to be a Redis repository, consider annotating your entities with one of these annotations: org.springframework.data.redis.core.RedisHash (preferred), or consider extending one of the following types with your repository: org.springframework.data.keyvalue.repository.KeyValueRepository
2026-08-14T14:50:30.669+05:30  INFO 28548 --- [           main] .RepositoryConfigurationExtensionSupport : Spring Data Redis - Could not safely identify store assignment for repository candidate interface onified.ai.identity.repositories.auth.BreakGlassCredentialRepository; If you want this repository to be a Redis repository, consider annotating your entities with one of these annotations: org.springframework.data.redis.core.RedisHash (preferred), or consider extending one of the following types with your repository: org.springframework.data.keyvalue.repository.KeyValueRepository
2026-08-14T14:50:30.669+05:30  INFO 28548 --- [           main] .RepositoryConfigurationExtensionSupport : Spring Data Redis - Could not safely identify store assignment for repository candidate interface onified.ai.identity.repositories.auth.BreakGlassPrincipalRepository; If you want this repository to be a Redis repository, consider annotating your entities with one of these annotations: org.springframework.data.redis.core.RedisHash (preferred), or consider extending one of the following types with your repository: org.springframework.data.keyvalue.repository.KeyValueRepository
2026-08-14T14:50:30.670+05:30  INFO 28548 --- [           main] .RepositoryConfigurationExtensionSupport : Spring Data Redis - Could not safely identify store assignment for repository candidate interface onified.ai.identity.repositories.auth.BreakGlassRequestRepository; If you want this repository to be a Redis repository, consider annotating your entities with one of these annotations: org.springframework.data.redis.core.RedisHash (preferred), or consider extending one of the following types with your repository: org.springframework.data.keyvalue.repository.KeyValueRepository
2026-08-14T14:50:30.670+05:30  INFO 28548 --- [           main] .RepositoryConfigurationExtensionSupport : Spring Data Redis - Could not safely identify store assignment for repository candidate interface onified.ai.identity.repositories.auth.ElevatedAccessGrantRepository; If you want this repository to be a Redis repository, consider annotating your entities with one of these annotations: org.springframework.data.redis.core.RedisHash (preferred), or consider extending one of the following types with your repository: org.springframework.data.keyvalue.repository.KeyValueRepository
2026-08-14T14:50:30.671+05:30  INFO 28548 --- [           main] .RepositoryConfigurationExtensionSupport : Spring Data Redis - Could not safely identify store assignment for repository candidate interface onified.ai.identity.repositories.auth.JwtSigningKeyRepository; If you want this repository to be a Redis repository, consider annotating your entities with one of these annotations: org.springframework.data.redis.core.RedisHash (preferred), or consider extending one of the following types with your repository: org.springframework.data.keyvalue.repository.KeyValueRepository
2026-08-14T14:50:30.671+05:30  INFO 28548 --- [           main] .RepositoryConfigurationExtensionSupport : Spring Data Redis - Could not safely identify store assignment for repository candidate interface onified.ai.identity.repositories.auth.LoginEventRepository; If you want this repository to be a Redis repository, consider annotating your entities with one of these annotations: org.springframework.data.redis.core.RedisHash (preferred), or consider extending one of the following types with your repository: org.springframework.data.keyvalue.repository.KeyValueRepository
2026-08-14T14:50:30.671+05:30  INFO 28548 --- [           main] .RepositoryConfigurationExtensionSupport : Spring Data Redis - Could not safely identify store assignment for repository candidate interface onified.ai.identity.repositories.auth.PasswordHistoryRepository; If you want this repository to be a Redis repository, consider annotating your entities with one of these annotations: org.springframework.data.redis.core.RedisHash (preferred), or consider extending one of the following types with your repository: org.springframework.data.keyvalue.repository.KeyValueRepository
2026-08-14T14:50:30.671+05:30  INFO 28548 --- [           main] .RepositoryConfigurationExtensionSupport : Spring Data Redis - Could not safely identify store assignment for repository candidate interface onified.ai.identity.repositories.auth.SensitiveActionRepository; If you want this repository to be a Redis repository, consider annotating your entities with one of these annotations: org.springframework.data.redis.core.RedisHash (preferred), or consider extending one of the following types with your repository: org.springframework.data.keyvalue.repository.KeyValueRepository
2026-08-14T14:50:30.680+05:30  INFO 28548 --- [           main] .RepositoryConfigurationExtensionSupport : Spring Data Redis - Could not safely identify store assignment for repository candidate interface onified.ai.identity.repositories.auth.TrustedDeviceRepository; If you want this repository to be a Redis repository, consider annotating your entities with one of these annotations: org.springframework.data.redis.core.RedisHash (preferred), or consider extending one of the following types with your repository: org.springframework.data.keyvalue.repository.KeyValueRepository
2026-08-14T14:50:30.681+05:30  INFO 28548 --- [           main] .RepositoryConfigurationExtensionSupport : Spring Data Redis - Could not safely identify store assignment for repository candidate interface onified.ai.identity.repositories.auth.UserMfaEnrollmentRepository; If you want this repository to be a Redis repository, consider annotating your entities with one of these annotations: org.springframework.data.redis.core.RedisHash (preferred), or consider extending one of the following types with your repository: org.springframework.data.keyvalue.repository.KeyValueRepository
2026-08-14T14:50:30.681+05:30  INFO 28548 --- [           main] .RepositoryConfigurationExtensionSupport : Spring Data Redis - Could not safely identify store assignment for repository candidate interface onified.ai.identity.repositories.auth.UserPasskeyRepository; If you want this repository to be a Redis repository, consider annotating your entities with one of these annotations: org.springframework.data.redis.core.RedisHash (preferred), or consider extending one of the following types with your repository: org.springframework.data.keyvalue.repository.KeyValueRepository
2026-08-14T14:50:30.683+05:30  INFO 28548 --- [           main] .RepositoryConfigurationExtensionSupport : Spring Data Redis - Could not safely identify store assignment for repository candidate interface onified.ai.identity.repositories.manifest.IntentDefinitionRepository; If you want this repository to be a Redis repository, consider annotating your entities with one of these annotations: org.springframework.data.redis.core.RedisHash (preferred), or consider extending one of the following types with your repository: org.springframework.data.keyvalue.repository.KeyValueRepository
2026-08-14T14:50:30.685+05:30  INFO 28548 --- [           main] .RepositoryConfigurationExtensionSupport : Spring Data Redis - Could not safely identify store assignment for repository candidate interface onified.ai.identity.repositories.manifest.ViewDefinitionRepository; If you want this repository to be a Redis repository, consider annotating your entities with one of these annotations: org.springframework.data.redis.core.RedisHash (preferred), or consider extending one of the following types with your repository: org.springframework.data.keyvalue.repository.KeyValueRepository
2026-08-14T14:50:30.685+05:30  INFO 28548 --- [           main] .RepositoryConfigurationExtensionSupport : Spring Data Redis - Could not safely identify store assignment for repository candidate interface onified.ai.identity.repositories.platform.PlatformTierDefaultsRepository; If you want this repository to be a Redis repository, consider annotating your entities with one of these annotations: org.springframework.data.redis.core.RedisHash (preferred), or consider extending one of the following types with your repository: org.springframework.data.keyvalue.repository.KeyValueRepository
2026-08-14T14:50:30.685+05:30  INFO 28548 --- [           main] .RepositoryConfigurationExtensionSupport : Spring Data Redis - Could not safely identify store assignment for repository candidate interface onified.ai.identity.repositories.rbac.PrincipalRoleMappingRepository; If you want this repository to be a Redis repository, consider annotating your entities with one of these annotations: org.springframework.data.redis.core.RedisHash (preferred), or consider extending one of the following types with your repository: org.springframework.data.keyvalue.repository.KeyValueRepository
2026-08-14T14:50:30.685+05:30  INFO 28548 --- [           main] .RepositoryConfigurationExtensionSupport : Spring Data Redis - Could not safely identify store assignment for repository candidate interface onified.ai.identity.repositories.tenant.TenantAuthPolicyRepository; If you want this repository to be a Redis repository, consider annotating your entities with one of these annotations: org.springframework.data.redis.core.RedisHash (preferred), or consider extending one of the following types with your repository: org.springframework.data.keyvalue.repository.KeyValueRepository
2026-08-14T14:50:30.685+05:30  INFO 28548 --- [           main] .RepositoryConfigurationExtensionSupport : Spring Data Redis - Could not safely identify store assignment for repository candidate interface onified.ai.identity.repositories.tenant.TenantBrandedLoginConfigRepository; If you want this repository to be a Redis repository, consider annotating your entities with one of these annotations: org.springframework.data.redis.core.RedisHash (preferred), or consider extending one of the following types with your repository: org.springframework.data.keyvalue.repository.KeyValueRepository
2026-08-14T14:50:30.688+05:30  INFO 28548 --- [           main] .RepositoryConfigurationExtensionSupport : Spring Data Redis - Could not safely identify store assignment for repository candidate interface onified.ai.identity.repositories.tenant.TenantTierPolicyRepository; If you want this repository to be a Redis repository, consider annotating your entities with one of these annotations: org.springframework.data.redis.core.RedisHash (preferred), or consider extending one of the following types with your repository: org.springframework.data.keyvalue.repository.KeyValueRepository
2026-08-14T14:50:30.688+05:30  INFO 28548 --- [           main] .s.d.r.c.RepositoryConfigurationDelegate : Finished Spring Data repository scanning in 81 ms. Found 0 Redis repository interfaces.
2026-08-14T14:50:31.157+05:30  INFO 28548 --- [           main] o.s.cloud.context.scope.GenericScope     : BeanFactory id=e7fb2e27-62ff-32c8-873d-d9fc42cfc90e
2026-08-14T14:50:31.742+05:30  WARN 28548 --- [           main] trationDelegate$BeanPostProcessorChecker : Bean 'rlsConfig' of type [onified.ai.identity.platform.authflow.RlsConfig$$SpringCGLIB$$0] is not eligible for getting processed by all BeanPostProcessors (for example: not eligible for auto-proxying). The currently created BeanPostProcessor [rlsDataSourceWrapperPostProcessor] is declared through a non-static factory method on that class; consider declaring it as static instead.
2026-08-14T14:50:31.752+05:30  WARN 28548 --- [           main] trationDelegate$BeanPostProcessorChecker : Bean 'ai.onified.rbac.config.RbacAutoConfiguration' of type [ai.onified.rbac.config.RbacAutoConfiguration] is not eligible for getting processed by all BeanPostProcessors (for example: not eligible for auto-proxying). The currently created BeanPostProcessor [onifiedPublicIdObjectMapperPostProcessor] is declared through a non-static factory method on that class; consider declaring it as static instead.
2026-08-14T14:50:32.304+05:30  INFO 28548 --- [           main] o.s.b.w.embedded.tomcat.TomcatWebServer  : Tomcat initialized with port 8082 (http)
2026-08-14T14:50:32.329+05:30  INFO 28548 --- [           main] o.apache.catalina.core.StandardService   : Starting service [Tomcat]
2026-08-14T14:50:32.329+05:30  INFO 28548 --- [           main] o.apache.catalina.core.StandardEngine    : Starting Servlet engine: [Apache Tomcat/10.1.50]
2026-08-14T14:50:32.389+05:30  INFO 28548 --- [           main] o.a.c.c.C.[Tomcat].[localhost].[/]       : Initializing Spring embedded WebApplicationContext
2026-08-14T14:50:32.390+05:30  INFO 28548 --- [           main] w.s.c.ServletWebServerApplicationContext : Root WebApplicationContext: initialization completed in 5335 ms
2026-08-14T14:50:32.668+05:30  INFO 28548 --- [           main] .a.LoggingSdkMicrometerAutoConfiguration : Micrometer common tags: tenant_key=beta, service_name=identity-service
2026-08-14T14:50:33.217+05:30  INFO 28548 --- [           main] o.a.i.config.JwtKeyProviderConfig        : JWT key provider: RS256 (asymmetric). Public key exposed via /.well-known/jwks.json.
2026-08-14T14:50:33.288+05:30  INFO 28548 --- [           main] a.onified.rbac.security.jwt.RbacJwtUtil  : RbacJwtUtil initialised — 1 RS256 trusted key(s) cached (trial-verify, no kid), accepted issuer(s)=[onified-gateway]
2026-08-14T14:50:33.317+05:30  INFO 28548 --- [           main] a.o.a.a.ApiContractAutoConfiguration     : Onified API contract: response-header filter ENABLED (X-Request-Id + X-Trace-Id; MDC keys cleared=[traceId, requestId, userId, appId, tenantId])
2026-08-14T14:50:33.658+05:30  INFO 28548 --- [           main] o.a.k.clients.producer.ProducerConfig    : ProducerConfig values: 
	acks = -1
	auto.include.jmx.reporter = true
	batch.size = 16384
	bootstrap.servers = [localhost:29092]
	buffer.memory = 33554432
	client.dns.lookup = use_all_dns_ips
	client.id = logging-sdk-producer
	compression.gzip.level = -1
	compression.lz4.level = 9
	compression.type = lz4
	compression.zstd.level = 3
	connections.max.idle.ms = 540000
	delivery.timeout.ms = 120000
	enable.idempotence = true
	enable.metrics.push = true
	interceptor.classes = []
	key.serializer = class org.apache.kafka.common.serialization.StringSerializer
	linger.ms = 10
	max.block.ms = 60000
	max.in.flight.requests.per.connection = 5
	max.request.size = 1048576
	metadata.max.age.ms = 300000
	metadata.max.idle.ms = 300000
	metadata.recovery.strategy = none
	metric.reporters = []
	metrics.num.samples = 2
	metrics.recording.level = INFO
	metrics.sample.window.ms = 30000
	partitioner.adaptive.partitioning.enable = true
	partitioner.availability.timeout.ms = 0
	partitioner.class = null
	partitioner.ignore.keys = false
	receive.buffer.bytes = 32768
	reconnect.backoff.max.ms = 1000
	reconnect.backoff.ms = 50
	request.timeout.ms = 30000
	retries = 3
	retry.backoff.max.ms = 1000
	retry.backoff.ms = 100
	sasl.client.callback.handler.class = null
	sasl.jaas.config = null
	sasl.kerberos.kinit.cmd = /usr/bin/kinit
	sasl.kerberos.min.time.before.relogin = 60000
	sasl.kerberos.service.name = null
	sasl.kerberos.ticket.renew.jitter = 0.05
	sasl.kerberos.ticket.renew.window.factor = 0.8
	sasl.login.callback.handler.class = null
	sasl.login.class = null
	sasl.login.connect.timeout.ms = null
	sasl.login.read.timeout.ms = null
	sasl.login.refresh.buffer.seconds = 300
	sasl.login.refresh.min.period.seconds = 60
	sasl.login.refresh.window.factor = 0.8
	sasl.login.refresh.window.jitter = 0.05
	sasl.login.retry.backoff.max.ms = 10000
	sasl.login.retry.backoff.ms = 100
	sasl.mechanism = GSSAPI
	sasl.oauthbearer.clock.skew.seconds = 30
	sasl.oauthbearer.expected.audience = null
	sasl.oauthbearer.expected.issuer = null
	sasl.oauthbearer.header.urlencode = false
	sasl.oauthbearer.jwks.endpoint.refresh.ms = 3600000
	sasl.oauthbearer.jwks.endpoint.retry.backoff.max.ms = 10000
	sasl.oauthbearer.jwks.endpoint.retry.backoff.ms = 100
	sasl.oauthbearer.jwks.endpoint.url = null
	sasl.oauthbearer.scope.claim.name = scope
	sasl.oauthbearer.sub.claim.name = sub
	sasl.oauthbearer.token.endpoint.url = null
	security.protocol = PLAINTEXT
	security.providers = null
	send.buffer.bytes = 131072
	socket.connection.setup.timeout.max.ms = 30000
	socket.connection.setup.timeout.ms = 10000
	ssl.cipher.suites = null
	ssl.enabled.protocols = [TLSv1.2, TLSv1.3]
	ssl.endpoint.identification.algorithm = https
	ssl.engine.factory.class = null
	ssl.key.password = null
	ssl.keymanager.algorithm = SunX509
	ssl.keystore.certificate.chain = null
	ssl.keystore.key = null
	ssl.keystore.location = null
	ssl.keystore.password = null
	ssl.keystore.type = JKS
	ssl.protocol = TLSv1.3
	ssl.provider = null
	ssl.secure.random.implementation = null
	ssl.trustmanager.algorithm = PKIX
	ssl.truststore.certificates = null
	ssl.truststore.location = null
	ssl.truststore.password = null
	ssl.truststore.type = JKS
	transaction.timeout.ms = 60000
	transactional.id = null
	value.serializer = class org.apache.kafka.common.serialization.StringSerializer

2026-08-14T14:50:33.736+05:30  INFO 28548 --- [           main] o.a.k.c.t.i.KafkaMetricsCollector        : initializing Kafka metrics collector
2026-08-14T14:50:33.904+05:30  INFO 28548 --- [           main] o.a.k.clients.producer.KafkaProducer     : [Producer clientId=logging-sdk-producer] Instantiated an idempotent producer.
2026-08-14T14:50:33.989+05:30  INFO 28548 --- [           main] o.a.kafka.common.utils.AppInfoParser     : Kafka version: 3.9.1
2026-08-14T14:50:33.990+05:30  INFO 28548 --- [           main] o.a.kafka.common.utils.AppInfoParser     : Kafka commitId: f745dfdcee2b9851
2026-08-14T14:50:33.990+05:30  INFO 28548 --- [           main] o.a.kafka.common.utils.AppInfoParser     : Kafka startTimeMs: 1786699233986
2026-08-14T14:50:34.019+05:30  INFO 28548 --- [           main] c.o.logging.producer.KafkaLogProducer    : KafkaLogProducer initialized: bootstrap.servers=localhost:29092 dlq.capacity=10000
2026-08-14T14:50:34.022+05:30  INFO 28548 --- [           main] com.onified.logging.LoggingClient        : LoggingClient initialized: region=ap-south-1 residency=false
2026-08-14T14:50:34.115+05:30  WARN 28548 --- [           main] c.onified.logging.config.JwtClaimConfig  : No default profile (strategy=NONE) found; unmatched tokens will produce null claims
2026-08-14T14:50:34.115+05:30  INFO 28548 --- [           main] c.o.l.a.LoggingSdkAutoConfiguration      : JWT claim config loaded from JSON file: classpath:jwt-claims-config.json
2026-08-14T14:50:34.122+05:30  INFO 28548 --- [           main] c.o.l.interceptor.LoggingInterceptor     : LoggingInterceptor: auto-emit enabled for service=identity-service
2026-08-14T14:50:34.397+05:30  INFO 28548 --- [           main] o.a.i.config.MetadataApiKeyAuthFilter    : Authority-raw API-key auth is DISABLED (onified.metadata.bootstrap.api-key not set) — [/internal/v1/authority-bulk-upsert, /internal/v1/rbac-authorities/raw] remains restricted to authenticated callers.
2026-08-14T14:50:34.454+05:30  INFO 28548 --- [           main] a.o.a.a.ApiContractAutoConfiguration     : Onified API contract: enum forward-compatibility ENABLED (unknown enum values fall back to @JsonEnumDefaultValue instead of throwing)
2026-08-14T14:50:34.817+05:30  INFO 28548 --- [ng-sdk-producer] org.apache.kafka.clients.Metadata        : [Producer clientId=logging-sdk-producer] Cluster ID: ryBcbGcBTaWagDsecpQfkw
2026-08-14T14:50:35.049+05:30  INFO 28548 --- [           main] o.hibernate.jpa.internal.util.LogHelper  : HHH000204: Processing PersistenceUnitInfo [name: default]
2026-08-14T14:50:35.181+05:30  INFO 28548 --- [           main] org.hibernate.Version                    : HHH000412: Hibernate ORM core version 6.6.33.Final
2026-08-14T14:50:35.246+05:30  INFO 28548 --- [           main] o.h.c.internal.RegionFactoryInitiator    : HHH000026: Second-level cache disabled
2026-08-14T14:50:35.825+05:30  INFO 28548 --- [           main] o.s.o.j.p.SpringPersistenceUnitInfo      : No LoadTimeWeaver setup: ignoring JPA class transformer
2026-08-14T14:50:35.878+05:30  INFO 28548 --- [           main] com.zaxxer.hikari.HikariDataSource       : identity-service-pool-local - Starting...
2026-08-14T14:50:36.126+05:30  INFO 28548 --- [           main] com.zaxxer.hikari.HikariDataSource       : identity-service-pool-local - Start completed.
2026-08-14T14:50:36.296+05:30  INFO 28548 --- [           main] org.hibernate.orm.connections.pooling    : HHH10001005: Database info:
	Database JDBC URL [Connecting through datasource 'onified.ai.identity.platform.authflow.RlsAwareDataSource@1bd6831d']
	Database driver: undefined/unknown
	Database version: 17.10
	Autocommit mode: undefined/unknown
	Isolation level: undefined/unknown
	Minimum pool size: undefined/unknown
	Maximum pool size: undefined/unknown
2026-08-14T14:50:37.035+05:30  WARN 28548 --- [           main] o.h.boot.model.internal.ToOneBinder      : HHH000491: 'onified.ai.identity.entities.user.UserFavorites.routeNode' uses both @NotFound and FetchType.LAZY. @ManyToOne and @OneToOne associations mapped with @NotFound are forced to EAGER fetching.
2026-08-14T14:50:37.519+05:30  WARN 28548 --- [ng-sdk-producer] org.apache.kafka.clients.NetworkClient   : [Producer clientId=logging-sdk-producer] Error connecting to node kafka:29092 (id: 1 rack: null)

java.net.UnknownHostException: No such host is known (kafka)
	at java.base/java.net.Inet6AddressImpl.lookupAllHostAddr(Native Method) ~[na:na]
	at java.base/java.net.Inet6AddressImpl.lookupAllHostAddr(Inet6AddressImpl.java:52) ~[na:na]
	at java.base/java.net.InetAddress$PlatformResolver.lookupByName(InetAddress.java:1211) ~[na:na]
	at java.base/java.net.InetAddress.getAddressesFromNameService(InetAddress.java:1828) ~[na:na]
	at java.base/java.net.InetAddress$NameServiceAddresses.get(InetAddress.java:1139) ~[na:na]
	at java.base/java.net.InetAddress.getAllByName0(InetAddress.java:1818) ~[na:na]
	at java.base/java.net.InetAddress.getAllByName(InetAddress.java:1688) ~[na:na]
	at org.apache.kafka.clients.DefaultHostResolver.resolve(DefaultHostResolver.java:27) ~[kafka-clients-3.9.1.jar:na]
	at org.apache.kafka.clients.ClientUtils.resolve(ClientUtils.java:125) ~[kafka-clients-3.9.1.jar:na]
	at org.apache.kafka.clients.ClusterConnectionStates$NodeConnectionState.resolveAddresses(ClusterConnectionStates.java:536) ~[kafka-clients-3.9.1.jar:na]
	at org.apache.kafka.clients.ClusterConnectionStates$NodeConnectionState.currentAddress(ClusterConnectionStates.java:511) ~[kafka-clients-3.9.1.jar:na]
	at org.apache.kafka.clients.ClusterConnectionStates$NodeConnectionState.access$200(ClusterConnectionStates.java:466) ~[kafka-clients-3.9.1.jar:na]
	at org.apache.kafka.clients.ClusterConnectionStates.currentAddress(ClusterConnectionStates.java:173) ~[kafka-clients-3.9.1.jar:na]
	at org.apache.kafka.clients.NetworkClient.initiateConnect(NetworkClient.java:1075) ~[kafka-clients-3.9.1.jar:na]
	at org.apache.kafka.clients.NetworkClient.ready(NetworkClient.java:321) ~[kafka-clients-3.9.1.jar:na]
	at org.apache.kafka.clients.NetworkClientUtils.awaitReady(NetworkClientUtils.java:65) ~[kafka-clients-3.9.1.jar:na]
	at org.apache.kafka.clients.producer.internals.Sender.awaitNodeReady(Sender.java:569) ~[kafka-clients-3.9.1.jar:na]
	at org.apache.kafka.clients.producer.internals.Sender.maybeSendAndPollTransactionalRequest(Sender.java:490) ~[kafka-clients-3.9.1.jar:na]
	at org.apache.kafka.clients.producer.internals.Sender.runOnce(Sender.java:337) ~[kafka-clients-3.9.1.jar:na]
	at org.apache.kafka.clients.producer.internals.Sender.run(Sender.java:251) ~[kafka-clients-3.9.1.jar:na]
	at java.base/java.lang.Thread.run(Thread.java:1583) ~[na:na]

2026-08-14T14:50:37.633+05:30  WARN 28548 --- [ng-sdk-producer] org.apache.kafka.clients.NetworkClient   : [Producer clientId=logging-sdk-producer] Error connecting to node kafka:29092 (id: 1 rack: null)

java.net.UnknownHostException: kafka
	at java.base/java.net.InetAddress$CachedLookup.get(InetAddress.java:988) ~[na:na]
	at java.base/java.net.InetAddress.getAllByName0(InetAddress.java:1818) ~[na:na]
	at java.base/java.net.InetAddress.getAllByName(InetAddress.java:1688) ~[na:na]
	at org.apache.kafka.clients.DefaultHostResolver.resolve(DefaultHostResolver.java:27) ~[kafka-clients-3.9.1.jar:na]
	at org.apache.kafka.clients.ClientUtils.resolve(ClientUtils.java:125) ~[kafka-clients-3.9.1.jar:na]
	at org.apache.kafka.clients.ClusterConnectionStates$NodeConnectionState.resolveAddresses(ClusterConnectionStates.java:536) ~[kafka-clients-3.9.1.jar:na]
	at org.apache.kafka.clients.ClusterConnectionStates$NodeConnectionState.currentAddress(ClusterConnectionStates.java:511) ~[kafka-clients-3.9.1.jar:na]
	at org.apache.kafka.clients.ClusterConnectionStates$NodeConnectionState.access$200(ClusterConnectionStates.java:466) ~[kafka-clients-3.9.1.jar:na]
	at org.apache.kafka.clients.ClusterConnectionStates.currentAddress(ClusterConnectionStates.java:173) ~[kafka-clients-3.9.1.jar:na]
	at org.apache.kafka.clients.NetworkClient.initiateConnect(NetworkClient.java:1075) ~[kafka-clients-3.9.1.jar:na]
	at org.apache.kafka.clients.NetworkClient.access$800(NetworkClient.java:77) ~[kafka-clients-3.9.1.jar:na]
	at org.apache.kafka.clients.NetworkClient$DefaultMetadataUpdater.maybeUpdate(NetworkClient.java:1264) ~[kafka-clients-3.9.1.jar:na]
	at org.apache.kafka.clients.NetworkClient$DefaultMetadataUpdater.maybeUpdate(NetworkClient.java:1164) ~[kafka-clients-3.9.1.jar:na]
	at org.apache.kafka.clients.NetworkClient.poll(NetworkClient.java:593) ~[kafka-clients-3.9.1.jar:na]
	at org.apache.kafka.clients.NetworkClientUtils.isReady(NetworkClientUtils.java:43) ~[kafka-clients-3.9.1.jar:na]
	at org.apache.kafka.clients.NetworkClientUtils.awaitReady(NetworkClientUtils.java:65) ~[kafka-clients-3.9.1.jar:na]
	at org.apache.kafka.clients.producer.internals.Sender.awaitNodeReady(Sender.java:569) ~[kafka-clients-3.9.1.jar:na]
	at org.apache.kafka.clients.producer.internals.Sender.maybeSendAndPollTransactionalRequest(Sender.java:490) ~[kafka-clients-3.9.1.jar:na]
	at org.apache.kafka.clients.producer.internals.Sender.runOnce(Sender.java:337) ~[kafka-clients-3.9.1.jar:na]
	at org.apache.kafka.clients.producer.internals.Sender.run(Sender.java:251) ~[kafka-clients-3.9.1.jar:na]
	at java.base/java.lang.Thread.run(Thread.java:1583) ~[na:na]

2026-08-14T14:50:37.747+05:30  WARN 28548 --- [ng-sdk-producer] org.apache.kafka.clients.NetworkClient   : [Producer clientId=logging-sdk-producer] Error connecting to node kafka:29092 (id: 1 rack: null)

java.net.UnknownHostException: kafka
	at java.base/java.net.InetAddress$CachedLookup.get(InetAddress.java:988) ~[na:na]
	at java.base/java.net.InetAddress.getAllByName0(InetAddress.java:1818) ~[na:na]
	at java.base/java.net.InetAddress.getAllByName(InetAddress.java:1688) ~[na:na]
	at org.apache.kafka.clients.DefaultHostResolver.resolve(DefaultHostResolver.java:27) ~[kafka-clients-3.9.1.jar:na]
	at org.apache.kafka.clients.ClientUtils.resolve(ClientUtils.java:125) ~[kafka-clients-3.9.1.jar:na]
	at org.apache.kafka.clients.ClusterConnectionStates$NodeConnectionState.resolveAddresses(ClusterConnectionStates.java:536) ~[kafka-clients-3.9.1.jar:na]
	at org.apache.kafka.clients.ClusterConnectionStates$NodeConnectionState.currentAddress(ClusterConnectionStates.java:511) ~[kafka-clients-3.9.1.jar:na]
	at org.apache.kafka.clients.ClusterConnectionStates$NodeConnectionState.access$200(ClusterConnectionStates.java:466) ~[kafka-clients-3.9.1.jar:na]
	at org.apache.kafka.clients.ClusterConnectionStates.currentAddress(ClusterConnectionStates.java:173) ~[kafka-clients-3.9.1.jar:na]
	at org.apache.kafka.clients.NetworkClient.initiateConnect(NetworkClient.java:1075) ~[kafka-clients-3.9.1.jar:na]
	at org.apache.kafka.clients.NetworkClient.access$800(NetworkClient.java:77) ~[kafka-clients-3.9.1.jar:na]
	at org.apache.kafka.clients.NetworkClient$DefaultMetadataUpdater.maybeUpdate(NetworkClient.java:1264) ~[kafka-clients-3.9.1.jar:na]
	at org.apache.kafka.clients.NetworkClient$DefaultMetadataUpdater.maybeUpdate(NetworkClient.java:1164) ~[kafka-clients-3.9.1.jar:na]
	at org.apache.kafka.clients.NetworkClient.poll(NetworkClient.java:593) ~[kafka-clients-3.9.1.jar:na]
	at org.apache.kafka.clients.NetworkClientUtils.isReady(NetworkClientUtils.java:43) ~[kafka-clients-3.9.1.jar:na]
	at org.apache.kafka.clients.NetworkClientUtils.awaitReady(NetworkClientUtils.java:65) ~[kafka-clients-3.9.1.jar:na]
	at org.apache.kafka.clients.producer.internals.Sender.awaitNodeReady(Sender.java:569) ~[kafka-clients-3.9.1.jar:na]
	at org.apache.kafka.clients.producer.internals.Sender.maybeSendAndPollTransactionalRequest(Sender.java:490) ~[kafka-clients-3.9.1.jar:na]
	at org.apache.kafka.clients.producer.internals.Sender.runOnce(Sender.java:337) ~[kafka-clients-3.9.1.jar:na]
	at org.apache.kafka.clients.producer.internals.Sender.run(Sender.java:251) ~[kafka-clients-3.9.1.jar:na]
	at java.base/java.lang.Thread.run(Thread.java:1583) ~[na:na]

2026-08-14T14:50:37.943+05:30  WARN 28548 --- [ng-sdk-producer] org.apache.kafka.clients.NetworkClient   : [Producer clientId=logging-sdk-producer] Error connecting to node kafka:29092 (id: 1 rack: null)

java.net.UnknownHostException: kafka
	at java.base/java.net.InetAddress$CachedLookup.get(InetAddress.java:988) ~[na:na]
	at java.base/java.net.InetAddress.getAllByName0(InetAddress.java:1818) ~[na:na]
	at java.base/java.net.InetAddress.getAllByName(InetAddress.java:1688) ~[na:na]
	at org.apache.kafka.clients.DefaultHostResolver.resolve(DefaultHostResolver.java:27) ~[kafka-clients-3.9.1.jar:na]
	at org.apache.kafka.clients.ClientUtils.resolve(ClientUtils.java:125) ~[kafka-clients-3.9.1.jar:na]
	at org.apache.kafka.clients.ClusterConnectionStates$NodeConnectionState.resolveAddresses(ClusterConnectionStates.java:536) ~[kafka-clients-3.9.1.jar:na]
	at org.apache.kafka.clients.ClusterConnectionStates$NodeConnectionState.currentAddress(ClusterConnectionStates.java:511) ~[kafka-clients-3.9.1.jar:na]
	at org.apache.kafka.clients.ClusterConnectionStates$NodeConnectionState.access$200(ClusterConnectionStates.java:466) ~[kafka-clients-3.9.1.jar:na]
	at org.apache.kafka.clients.ClusterConnectionStates.currentAddress(ClusterConnectionStates.java:173) ~[kafka-clients-3.9.1.jar:na]
	at org.apache.kafka.clients.NetworkClient.initiateConnect(NetworkClient.java:1075) ~[kafka-clients-3.9.1.jar:na]
	at org.apache.kafka.clients.NetworkClient.access$800(NetworkClient.java:77) ~[kafka-clients-3.9.1.jar:na]
	at org.apache.kafka.clients.NetworkClient$DefaultMetadataUpdater.maybeUpdate(NetworkClient.java:1264) ~[kafka-clients-3.9.1.jar:na]
	at org.apache.kafka.clients.NetworkClient$DefaultMetadataUpdater.maybeUpdate(NetworkClient.java:1164) ~[kafka-clients-3.9.1.jar:na]
	at org.apache.kafka.clients.NetworkClient.poll(NetworkClient.java:593) ~[kafka-clients-3.9.1.jar:na]
	at org.apache.kafka.clients.NetworkClientUtils.isReady(NetworkClientUtils.java:43) ~[kafka-clients-3.9.1.jar:na]
	at org.apache.kafka.clients.NetworkClientUtils.awaitReady(NetworkClientUtils.java:65) ~[kafka-clients-3.9.1.jar:na]
	at org.apache.kafka.clients.producer.internals.Sender.awaitNodeReady(Sender.java:569) ~[kafka-clients-3.9.1.jar:na]
	at org.apache.kafka.clients.producer.internals.Sender.maybeSendAndPollTransactionalRequest(Sender.java:490) ~[kafka-clients-3.9.1.jar:na]
	at org.apache.kafka.clients.producer.internals.Sender.runOnce(Sender.java:337) ~[kafka-clients-3.9.1.jar:na]
	at org.apache.kafka.clients.producer.internals.Sender.run(Sender.java:251) ~[kafka-clients-3.9.1.jar:na]
	at java.base/java.lang.Thread.run(Thread.java:1583) ~[na:na]

2026-08-14T14:50:38.357+05:30  WARN 28548 --- [ng-sdk-producer] org.apache.kafka.clients.NetworkClient   : [Producer clientId=logging-sdk-producer] Error connecting to node kafka:29092 (id: 1 rack: null)

java.net.UnknownHostException: kafka
	at java.base/java.net.InetAddress$CachedLookup.get(InetAddress.java:988) ~[na:na]
	at java.base/java.net.InetAddress.getAllByName0(InetAddress.java:1818) ~[na:na]
	at java.base/java.net.InetAddress.getAllByName(InetAddress.java:1688) ~[na:na]
	at org.apache.kafka.clients.DefaultHostResolver.resolve(DefaultHostResolver.java:27) ~[kafka-clients-3.9.1.jar:na]
	at org.apache.kafka.clients.ClientUtils.resolve(ClientUtils.java:125) ~[kafka-clients-3.9.1.jar:na]
	at org.apache.kafka.clients.ClusterConnectionStates$NodeConnectionState.resolveAddresses(ClusterConnectionStates.java:536) ~[kafka-clients-3.9.1.jar:na]
	at org.apache.kafka.clients.ClusterConnectionStates$NodeConnectionState.currentAddress(ClusterConnectionStates.java:511) ~[kafka-clients-3.9.1.jar:na]
	at org.apache.kafka.clients.ClusterConnectionStates$NodeConnectionState.access$200(ClusterConnectionStates.java:466) ~[kafka-clients-3.9.1.jar:na]
	at org.apache.kafka.clients.ClusterConnectionStates.currentAddress(ClusterConnectionStates.java:173) ~[kafka-clients-3.9.1.jar:na]
	at org.apache.kafka.clients.NetworkClient.initiateConnect(NetworkClient.java:1075) ~[kafka-clients-3.9.1.jar:na]
	at org.apache.kafka.clients.NetworkClient.access$800(NetworkClient.java:77) ~[kafka-clients-3.9.1.jar:na]
	at org.apache.kafka.clients.NetworkClient$DefaultMetadataUpdater.maybeUpdate(NetworkClient.java:1264) ~[kafka-clients-3.9.1.jar:na]
	at org.apache.kafka.clients.NetworkClient$DefaultMetadataUpdater.maybeUpdate(NetworkClient.java:1164) ~[kafka-clients-3.9.1.jar:na]
	at org.apache.kafka.clients.NetworkClient.poll(NetworkClient.java:593) ~[kafka-clients-3.9.1.jar:na]
	at org.apache.kafka.clients.NetworkClientUtils.isReady(NetworkClientUtils.java:43) ~[kafka-clients-3.9.1.jar:na]
	at org.apache.kafka.clients.NetworkClientUtils.awaitReady(NetworkClientUtils.java:65) ~[kafka-clients-3.9.1.jar:na]
	at org.apache.kafka.clients.producer.internals.Sender.awaitNodeReady(Sender.java:569) ~[kafka-clients-3.9.1.jar:na]
	at org.apache.kafka.clients.producer.internals.Sender.maybeSendAndPollTransactionalRequest(Sender.java:490) ~[kafka-clients-3.9.1.jar:na]
	at org.apache.kafka.clients.producer.internals.Sender.runOnce(Sender.java:337) ~[kafka-clients-3.9.1.jar:na]
	at org.apache.kafka.clients.producer.internals.Sender.run(Sender.java:251) ~[kafka-clients-3.9.1.jar:na]
	at java.base/java.lang.Thread.run(Thread.java:1583) ~[na:na]

2026-08-14T14:50:39.133+05:30  WARN 28548 --- [ng-sdk-producer] org.apache.kafka.clients.NetworkClient   : [Producer clientId=logging-sdk-producer] Error connecting to node kafka:29092 (id: 1 rack: null)

java.net.UnknownHostException: kafka
	at java.base/java.net.InetAddress$CachedLookup.get(InetAddress.java:988) ~[na:na]
	at java.base/java.net.InetAddress.getAllByName0(InetAddress.java:1818) ~[na:na]
	at java.base/java.net.InetAddress.getAllByName(InetAddress.java:1688) ~[na:na]
	at org.apache.kafka.clients.DefaultHostResolver.resolve(DefaultHostResolver.java:27) ~[kafka-clients-3.9.1.jar:na]
	at org.apache.kafka.clients.ClientUtils.resolve(ClientUtils.java:125) ~[kafka-clients-3.9.1.jar:na]
	at org.apache.kafka.clients.ClusterConnectionStates$NodeConnectionState.resolveAddresses(ClusterConnectionStates.java:536) ~[kafka-clients-3.9.1.jar:na]
	at org.apache.kafka.clients.ClusterConnectionStates$NodeConnectionState.currentAddress(ClusterConnectionStates.java:511) ~[kafka-clients-3.9.1.jar:na]
	at org.apache.kafka.clients.ClusterConnectionStates$NodeConnectionState.access$200(ClusterConnectionStates.java:466) ~[kafka-clients-3.9.1.jar:na]
	at org.apache.kafka.clients.ClusterConnectionStates.currentAddress(ClusterConnectionStates.java:173) ~[kafka-clients-3.9.1.jar:na]
	at org.apache.kafka.clients.NetworkClient.initiateConnect(NetworkClient.java:1075) ~[kafka-clients-3.9.1.jar:na]
	at org.apache.kafka.clients.NetworkClient.access$800(NetworkClient.java:77) ~[kafka-clients-3.9.1.jar:na]
	at org.apache.kafka.clients.NetworkClient$DefaultMetadataUpdater.maybeUpdate(NetworkClient.java:1264) ~[kafka-clients-3.9.1.jar:na]
	at org.apache.kafka.clients.NetworkClient$DefaultMetadataUpdater.maybeUpdate(NetworkClient.java:1164) ~[kafka-clients-3.9.1.jar:na]
	at org.apache.kafka.clients.NetworkClient.poll(NetworkClient.java:593) ~[kafka-clients-3.9.1.jar:na]
	at org.apache.kafka.clients.NetworkClientUtils.isReady(NetworkClientUtils.java:43) ~[kafka-clients-3.9.1.jar:na]
	at org.apache.kafka.clients.NetworkClientUtils.awaitReady(NetworkClientUtils.java:65) ~[kafka-clients-3.9.1.jar:na]
	at org.apache.kafka.clients.producer.internals.Sender.awaitNodeReady(Sender.java:569) ~[kafka-clients-3.9.1.jar:na]
	at org.apache.kafka.clients.producer.internals.Sender.maybeSendAndPollTransactionalRequest(Sender.java:490) ~[kafka-clients-3.9.1.jar:na]
	at org.apache.kafka.clients.producer.internals.Sender.runOnce(Sender.java:337) ~[kafka-clients-3.9.1.jar:na]
	at org.apache.kafka.clients.producer.internals.Sender.run(Sender.java:251) ~[kafka-clients-3.9.1.jar:na]
	at java.base/java.lang.Thread.run(Thread.java:1583) ~[na:na]

2026-08-14T14:50:39.358+05:30  INFO 28548 --- [           main] o.h.e.t.j.p.i.JtaPlatformInitiator       : HHH000489: No JTA platform available (set 'hibernate.transaction.jta.platform' to enable JTA platform integration)
2026-08-14T14:50:39.459+05:30  WARN 28548 --- [           main] o.h.t.s.i.ExceptionHandlerLoggedImpl     : GenerationTarget encountered exception accepting command : Error executing DDL "create table iam.app_discovery (id uuid not null, created_at timestamp(6) with time zone not null, created_by uuid, deleted_at timestamp(6) with time zone, deleted_by uuid, is_active boolean not null, public_id varchar(50) not null, updated_at timestamp(6) with time zone, updated_by uuid, app_id uuid not null, capabilities jsonb default '[]'::jsonb not null, code varchar(50), content_status varchar(20) default 'DRAFT'::character varying not null, content_version integer default 1 not null, cta_overrides jsonb, display_name varchar(200), ecosystem ARRAY, effective_from timestamp(6) with time zone, effective_to timestamp(6) with time zone, expected_launch_at date, hero_image_url TEXT, hero_video_url TEXT, icon_color varchar(30) not null, last_reviewed_at timestamp(6) with time zone, marketing_owner varchar(150), meta_description TEXT, metrics jsonb default '[]'::jsonb not null, og_image_url TEXT, owner_subject_id varchar(128), owner_subject_type varchar(16), preview_steps ARRAY, preview_title varchar(200), preview_type varchar(50) not null, published_at timestamp(6) with time zone, slug varchar(200), primary key (id))" via JDBC [ERROR: syntax error at or near "ARRAY"
  Position: 554]

org.hibernate.tool.schema.spi.CommandAcceptanceException: Error executing DDL "create table iam.app_discovery (id uuid not null, created_at timestamp(6) with time zone not null, created_by uuid, deleted_at timestamp(6) with time zone, deleted_by uuid, is_active boolean not null, public_id varchar(50) not null, updated_at timestamp(6) with time zone, updated_by uuid, app_id uuid not null, capabilities jsonb default '[]'::jsonb not null, code varchar(50), content_status varchar(20) default 'DRAFT'::character varying not null, content_version integer default 1 not null, cta_overrides jsonb, display_name varchar(200), ecosystem ARRAY, effective_from timestamp(6) with time zone, effective_to timestamp(6) with time zone, expected_launch_at date, hero_image_url TEXT, hero_video_url TEXT, icon_color varchar(30) not null, last_reviewed_at timestamp(6) with time zone, marketing_owner varchar(150), meta_description TEXT, metrics jsonb default '[]'::jsonb not null, og_image_url TEXT, owner_subject_id varchar(128), owner_subject_type varchar(16), preview_steps ARRAY, preview_title varchar(200), preview_type varchar(50) not null, published_at timestamp(6) with time zone, slug varchar(200), primary key (id))" via JDBC [ERROR: syntax error at or near "ARRAY"
  Position: 554]
	at org.hibernate.tool.schema.internal.exec.GenerationTargetToDatabase.accept(GenerationTargetToDatabase.java:94) ~[hibernate-core-6.6.33.Final.jar:6.6.33.Final]
	at org.hibernate.tool.schema.internal.AbstractSchemaMigrator.applySqlString(AbstractSchemaMigrator.java:576) ~[hibernate-core-6.6.33.Final.jar:6.6.33.Final]
	at org.hibernate.tool.schema.internal.AbstractSchemaMigrator.applySqlStrings(AbstractSchemaMigrator.java:516) ~[hibernate-core-6.6.33.Final.jar:6.6.33.Final]
	at org.hibernate.tool.schema.internal.AbstractSchemaMigrator.createTable(AbstractSchemaMigrator.java:316) ~[hibernate-core-6.6.33.Final.jar:6.6.33.Final]
	at org.hibernate.tool.schema.internal.GroupedSchemaMigratorImpl.performTablesMigration(GroupedSchemaMigratorImpl.java:80) ~[hibernate-core-6.6.33.Final.jar:6.6.33.Final]
	at org.hibernate.tool.schema.internal.AbstractSchemaMigrator.performMigration(AbstractSchemaMigrator.java:233) ~[hibernate-core-6.6.33.Final.jar:6.6.33.Final]
	at org.hibernate.tool.schema.internal.AbstractSchemaMigrator.doMigration(AbstractSchemaMigrator.java:112) ~[hibernate-core-6.6.33.Final.jar:6.6.33.Final]
	at org.hibernate.tool.schema.spi.SchemaManagementToolCoordinator.performDatabaseAction(SchemaManagementToolCoordinator.java:280) ~[hibernate-core-6.6.33.Final.jar:6.6.33.Final]
	at org.hibernate.tool.schema.spi.SchemaManagementToolCoordinator.lambda$process$5(SchemaManagementToolCoordinator.java:144) ~[hibernate-core-6.6.33.Final.jar:6.6.33.Final]
	at java.base/java.util.HashMap.forEach(HashMap.java:1429) ~[na:na]
	at org.hibernate.tool.schema.spi.SchemaManagementToolCoordinator.process(SchemaManagementToolCoordinator.java:141) ~[hibernate-core-6.6.33.Final.jar:6.6.33.Final]
	at org.hibernate.boot.internal.SessionFactoryObserverForSchemaExport.sessionFactoryCreated(SessionFactoryObserverForSchemaExport.java:37) ~[hibernate-core-6.6.33.Final.jar:6.6.33.Final]
	at org.hibernate.internal.SessionFactoryObserverChain.sessionFactoryCreated(SessionFactoryObserverChain.java:35) ~[hibernate-core-6.6.33.Final.jar:6.6.33.Final]
	at org.hibernate.internal.SessionFactoryImpl.<init>(SessionFactoryImpl.java:324) ~[hibernate-core-6.6.33.Final.jar:6.6.33.Final]
	at org.hibernate.boot.internal.SessionFactoryBuilderImpl.build(SessionFactoryBuilderImpl.java:463) ~[hibernate-core-6.6.33.Final.jar:6.6.33.Final]
	at org.hibernate.jpa.boot.internal.EntityManagerFactoryBuilderImpl.build(EntityManagerFactoryBuilderImpl.java:1517) ~[hibernate-core-6.6.33.Final.jar:6.6.33.Final]
	at org.springframework.orm.jpa.vendor.SpringHibernateJpaPersistenceProvider.createContainerEntityManagerFactory(SpringHibernateJpaPersistenceProvider.java:66) ~[spring-orm-6.2.11.jar:6.2.11]
	at org.springframework.orm.jpa.LocalContainerEntityManagerFactoryBean.createNativeEntityManagerFactory(LocalContainerEntityManagerFactoryBean.java:390) ~[spring-orm-6.2.11.jar:6.2.11]
	at org.springframework.orm.jpa.AbstractEntityManagerFactoryBean.buildNativeEntityManagerFactory(AbstractEntityManagerFactoryBean.java:419) ~[spring-orm-6.2.11.jar:6.2.11]
	at org.springframework.orm.jpa.AbstractEntityManagerFactoryBean.afterPropertiesSet(AbstractEntityManagerFactoryBean.java:400) ~[spring-orm-6.2.11.jar:6.2.11]
	at org.springframework.orm.jpa.LocalContainerEntityManagerFactoryBean.afterPropertiesSet(LocalContainerEntityManagerFactoryBean.java:366) ~[spring-orm-6.2.11.jar:6.2.11]
	at org.springframework.beans.factory.support.AbstractAutowireCapableBeanFactory.invokeInitMethods(AbstractAutowireCapableBeanFactory.java:1873) ~[spring-beans-6.2.11.jar:6.2.11]
	at org.springframework.beans.factory.support.AbstractAutowireCapableBeanFactory.initializeBean(AbstractAutowireCapableBeanFactory.java:1822) ~[spring-beans-6.2.11.jar:6.2.11]
	at org.springframework.beans.factory.support.AbstractAutowireCapableBeanFactory.doCreateBean(AbstractAutowireCapableBeanFactory.java:607) ~[spring-beans-6.2.11.jar:6.2.11]
	at org.springframework.beans.factory.support.AbstractAutowireCapableBeanFactory.createBean(AbstractAutowireCapableBeanFactory.java:529) ~[spring-beans-6.2.11.jar:6.2.11]
	at org.springframework.beans.factory.support.AbstractBeanFactory.lambda$doGetBean$0(AbstractBeanFactory.java:339) ~[spring-beans-6.2.11.jar:6.2.11]
	at org.springframework.beans.factory.support.DefaultSingletonBeanRegistry.getSingleton(DefaultSingletonBeanRegistry.java:373) ~[spring-beans-6.2.11.jar:6.2.11]
	at org.springframework.beans.factory.support.AbstractBeanFactory.doGetBean(AbstractBeanFactory.java:337) ~[spring-beans-6.2.11.jar:6.2.11]
	at org.springframework.beans.factory.support.AbstractBeanFactory.getBean(AbstractBeanFactory.java:227) ~[spring-beans-6.2.11.jar:6.2.11]
	at org.springframework.beans.factory.support.DefaultListableBeanFactory.resolveNamedBean(DefaultListableBeanFactory.java:1613) ~[spring-beans-6.2.11.jar:6.2.11]
	at org.springframework.beans.factory.support.DefaultListableBeanFactory.resolveNamedBean(DefaultListableBeanFactory.java:1571) ~[spring-beans-6.2.11.jar:6.2.11]
	at org.springframework.beans.factory.support.DefaultListableBeanFactory.resolveNamedBean(DefaultListableBeanFactory.java:1539) ~[spring-beans-6.2.11.jar:6.2.11]
	at org.springframework.orm.jpa.support.PersistenceAnnotationBeanPostProcessor.findDefaultEntityManagerFactory(PersistenceAnnotationBeanPostProcessor.java:594) ~[spring-orm-6.2.11.jar:6.2.11]
	at org.springframework.orm.jpa.support.PersistenceAnnotationBeanPostProcessor.findEntityManagerFactory(PersistenceAnnotationBeanPostProcessor.java:558) ~[spring-orm-6.2.11.jar:6.2.11]
	at org.springframework.orm.jpa.support.PersistenceAnnotationBeanPostProcessor$PersistenceElement.resolveEntityManager(PersistenceAnnotationBeanPostProcessor.java:725) ~[spring-orm-6.2.11.jar:6.2.11]
	at org.springframework.orm.jpa.support.PersistenceAnnotationBeanPostProcessor$PersistenceElement.getResourceToInject(PersistenceAnnotationBeanPostProcessor.java:698) ~[spring-orm-6.2.11.jar:6.2.11]
	at org.springframework.beans.factory.annotation.InjectionMetadata$InjectedElement.inject(InjectionMetadata.java:272) ~[spring-beans-6.2.11.jar:6.2.11]
	at org.springframework.beans.factory.annotation.InjectionMetadata.inject(InjectionMetadata.java:146) ~[spring-beans-6.2.11.jar:6.2.11]
	at org.springframework.orm.jpa.support.PersistenceAnnotationBeanPostProcessor.postProcessProperties(PersistenceAnnotationBeanPostProcessor.java:386) ~[spring-orm-6.2.11.jar:6.2.11]
	at org.springframework.beans.factory.support.AbstractAutowireCapableBeanFactory.populateBean(AbstractAutowireCapableBeanFactory.java:1459) ~[spring-beans-6.2.11.jar:6.2.11]
	at org.springframework.beans.factory.support.AbstractAutowireCapableBeanFactory.doCreateBean(AbstractAutowireCapableBeanFactory.java:606) ~[spring-beans-6.2.11.jar:6.2.11]
	at org.springframework.beans.factory.support.AbstractAutowireCapableBeanFactory.createBean(AbstractAutowireCapableBeanFactory.java:529) ~[spring-beans-6.2.11.jar:6.2.11]
	at org.springframework.beans.factory.support.AbstractBeanFactory.lambda$doGetBean$0(AbstractBeanFactory.java:339) ~[spring-beans-6.2.11.jar:6.2.11]
	at org.springframework.beans.factory.support.DefaultSingletonBeanRegistry.getSingleton(DefaultSingletonBeanRegistry.java:373) ~[spring-beans-6.2.11.jar:6.2.11]
	at org.springframework.beans.factory.support.AbstractBeanFactory.doGetBean(AbstractBeanFactory.java:337) ~[spring-beans-6.2.11.jar:6.2.11]
	at org.springframework.beans.factory.support.AbstractBeanFactory.getBean(AbstractBeanFactory.java:202) ~[spring-beans-6.2.11.jar:6.2.11]
	at org.springframework.beans.factory.support.DefaultListableBeanFactory.doResolveDependency(DefaultListableBeanFactory.java:1698) ~[spring-beans-6.2.11.jar:6.2.11]
	at org.springframework.beans.factory.support.DefaultListableBeanFactory.resolveDependency(DefaultListableBeanFactory.java:1643) ~[spring-beans-6.2.11.jar:6.2.11]
	at org.springframework.beans.factory.annotation.AutowiredAnnotationBeanPostProcessor$AutowiredFieldElement.resolveFieldValue(AutowiredAnnotationBeanPostProcessor.java:785) ~[spring-beans-6.2.11.jar:6.2.11]
	at org.springframework.beans.factory.annotation.AutowiredAnnotationBeanPostProcessor$AutowiredFieldElement.inject(AutowiredAnnotationBeanPostProcessor.java:768) ~[spring-beans-6.2.11.jar:6.2.11]
	at org.springframework.beans.factory.annotation.InjectionMetadata.inject(InjectionMetadata.java:146) ~[spring-beans-6.2.11.jar:6.2.11]
	at org.springframework.beans.factory.annotation.AutowiredAnnotationBeanPostProcessor.postProcessProperties(AutowiredAnnotationBeanPostProcessor.java:509) ~[spring-beans-6.2.11.jar:6.2.11]
	at org.springframework.beans.factory.support.AbstractAutowireCapableBeanFactory.populateBean(AbstractAutowireCapableBeanFactory.java:1459) ~[spring-beans-6.2.11.jar:6.2.11]
	at org.springframework.beans.factory.support.AbstractAutowireCapableBeanFactory.doCreateBean(AbstractAutowireCapableBeanFactory.java:606) ~[spring-beans-6.2.11.jar:6.2.11]
	at org.springframework.beans.factory.support.AbstractAutowireCapableBeanFactory.createBean(AbstractAutowireCapableBeanFactory.java:529) ~[spring-beans-6.2.11.jar:6.2.11]
	at org.springframework.beans.factory.support.AbstractBeanFactory.lambda$doGetBean$0(AbstractBeanFactory.java:339) ~[spring-beans-6.2.11.jar:6.2.11]
	at org.springframework.beans.factory.support.DefaultSingletonBeanRegistry.getSingleton(DefaultSingletonBeanRegistry.java:373) ~[spring-beans-6.2.11.jar:6.2.11]
	at org.springframework.beans.factory.support.AbstractBeanFactory.doGetBean(AbstractBeanFactory.java:337) ~[spring-beans-6.2.11.jar:6.2.11]
	at org.springframework.beans.factory.support.AbstractBeanFactory.getBean(AbstractBeanFactory.java:202) ~[spring-beans-6.2.11.jar:6.2.11]
	at org.springframework.beans.factory.config.DependencyDescriptor.resolveCandidate(DependencyDescriptor.java:254) ~[spring-beans-6.2.11.jar:6.2.11]
	at org.springframework.beans.factory.support.DefaultListableBeanFactory.doResolveDependency(DefaultListableBeanFactory.java:1760) ~[spring-beans-6.2.11.jar:6.2.11]
	at org.springframework.beans.factory.support.DefaultListableBeanFactory.resolveDependency(DefaultListableBeanFactory.java:1643) ~[spring-beans-6.2.11.jar:6.2.11]
	at org.springframework.beans.factory.annotation.AutowiredAnnotationBeanPostProcessor$AutowiredFieldElement.resolveFieldValue(AutowiredAnnotationBeanPostProcessor.java:785) ~[spring-beans-6.2.11.jar:6.2.11]
	at org.springframework.beans.factory.annotation.AutowiredAnnotationBeanPostProcessor$AutowiredFieldElement.inject(AutowiredAnnotationBeanPostProcessor.java:768) ~[spring-beans-6.2.11.jar:6.2.11]
	at org.springframework.beans.factory.annotation.InjectionMetadata.inject(InjectionMetadata.java:146) ~[spring-beans-6.2.11.jar:6.2.11]
	at org.springframework.beans.factory.annotation.AutowiredAnnotationBeanPostProcessor.postProcessProperties(AutowiredAnnotationBeanPostProcessor.java:509) ~[spring-beans-6.2.11.jar:6.2.11]
	at org.springframework.beans.factory.support.AbstractAutowireCapableBeanFactory.populateBean(AbstractAutowireCapableBeanFactory.java:1459) ~[spring-beans-6.2.11.jar:6.2.11]
	at org.springframework.beans.factory.support.AbstractAutowireCapableBeanFactory.doCreateBean(AbstractAutowireCapableBeanFactory.java:606) ~[spring-beans-6.2.11.jar:6.2.11]
	at org.springframework.beans.factory.support.AbstractAutowireCapableBeanFactory.createBean(AbstractAutowireCapableBeanFactory.java:529) ~[spring-beans-6.2.11.jar:6.2.11]
	at org.springframework.beans.factory.support.AbstractBeanFactory.lambda$doGetBean$0(AbstractBeanFactory.java:339) ~[spring-beans-6.2.11.jar:6.2.11]
	at org.springframework.beans.factory.support.DefaultSingletonBeanRegistry.getSingleton(DefaultSingletonBeanRegistry.java:373) ~[spring-beans-6.2.11.jar:6.2.11]
	at org.springframework.beans.factory.support.AbstractBeanFactory.doGetBean(AbstractBeanFactory.java:337) ~[spring-beans-6.2.11.jar:6.2.11]
	at org.springframework.beans.factory.support.AbstractBeanFactory.getBean(AbstractBeanFactory.java:202) ~[spring-beans-6.2.11.jar:6.2.11]
	at org.springframework.beans.factory.support.DefaultListableBeanFactory.doResolveDependency(DefaultListableBeanFactory.java:1698) ~[spring-beans-6.2.11.jar:6.2.11]
	at org.springframework.beans.factory.support.DefaultListableBeanFactory.resolveDependency(DefaultListableBeanFactory.java:1643) ~[spring-beans-6.2.11.jar:6.2.11]
	at org.springframework.beans.factory.support.ConstructorResolver.resolveAutowiredArgument(ConstructorResolver.java:913) ~[spring-beans-6.2.11.jar:6.2.11]
	at org.springframework.beans.factory.support.ConstructorResolver.createArgumentArray(ConstructorResolver.java:791) ~[spring-beans-6.2.11.jar:6.2.11]
	at org.springframework.beans.factory.support.ConstructorResolver.autowireConstructor(ConstructorResolver.java:240) ~[spring-beans-6.2.11.jar:6.2.11]
	at org.springframework.beans.factory.support.AbstractAutowireCapableBeanFactory.autowireConstructor(AbstractAutowireCapableBeanFactory.java:1395) ~[spring-beans-6.2.11.jar:6.2.11]
	at org.springframework.beans.factory.support.AbstractAutowireCapableBeanFactory.createBeanInstance(AbstractAutowireCapableBeanFactory.java:1232) ~[spring-beans-6.2.11.jar:6.2.11]
	at org.springframework.beans.factory.support.AbstractAutowireCapableBeanFactory.doCreateBean(AbstractAutowireCapableBeanFactory.java:569) ~[spring-beans-6.2.11.jar:6.2.11]
	at org.springframework.beans.factory.support.AbstractAutowireCapableBeanFactory.createBean(AbstractAutowireCapableBeanFactory.java:529) ~[spring-beans-6.2.11.jar:6.2.11]
	at org.springframework.beans.factory.support.AbstractBeanFactory.lambda$doGetBean$0(AbstractBeanFactory.java:339) ~[spring-beans-6.2.11.jar:6.2.11]
	at org.springframework.beans.factory.support.DefaultSingletonBeanRegistry.getSingleton(DefaultSingletonBeanRegistry.java:373) ~[spring-beans-6.2.11.jar:6.2.11]
	at org.springframework.beans.factory.support.AbstractBeanFactory.doGetBean(AbstractBeanFactory.java:337) ~[spring-beans-6.2.11.jar:6.2.11]
	at org.springframework.beans.factory.support.AbstractBeanFactory.getBean(AbstractBeanFactory.java:207) ~[spring-beans-6.2.11.jar:6.2.11]
	at org.springframework.boot.web.servlet.ServletContextInitializerBeans.getOrderedBeansOfType(ServletContextInitializerBeans.java:230) ~[spring-boot-3.5.7.jar:3.5.7]
	at org.springframework.boot.web.servlet.ServletContextInitializerBeans.addAsRegistrationBean(ServletContextInitializerBeans.java:184) ~[spring-boot-3.5.7.jar:3.5.7]
	at org.springframework.boot.web.servlet.ServletContextInitializerBeans.addAsRegistrationBean(ServletContextInitializerBeans.java:179) ~[spring-boot-3.5.7.jar:3.5.7]
	at org.springframework.boot.web.servlet.ServletContextInitializerBeans.addAdaptableBeans(ServletContextInitializerBeans.java:164) ~[spring-boot-3.5.7.jar:3.5.7]
	at org.springframework.boot.web.servlet.ServletContextInitializerBeans.<init>(ServletContextInitializerBeans.java:96) ~[spring-boot-3.5.7.jar:3.5.7]
	at org.springframework.boot.web.servlet.context.ServletWebServerApplicationContext.getServletContextInitializerBeans(ServletWebServerApplicationContext.java:271) ~[spring-boot-3.5.7.jar:3.5.7]
	at org.springframework.boot.web.servlet.context.ServletWebServerApplicationContext.selfInitialize(ServletWebServerApplicationContext.java:245) ~[spring-boot-3.5.7.jar:3.5.7]
	at org.springframework.boot.web.embedded.tomcat.TomcatStarter.onStartup(TomcatStarter.java:52) ~[spring-boot-3.5.7.jar:3.5.7]
	at org.apache.catalina.core.StandardContext.startInternal(StandardContext.java:4452) ~[tomcat-embed-core-10.1.50.jar:10.1.50]
	at org.apache.catalina.util.LifecycleBase.start(LifecycleBase.java:164) ~[tomcat-embed-core-10.1.50.jar:10.1.50]
	at org.apache.catalina.core.ContainerBase$StartChild.call(ContainerBase.java:1201) ~[tomcat-embed-core-10.1.50.jar:10.1.50]
	at org.apache.catalina.core.ContainerBase$StartChild.call(ContainerBase.java:1191) ~[tomcat-embed-core-10.1.50.jar:10.1.50]
	at java.base/java.util.concurrent.FutureTask.run(FutureTask.java:317) ~[na:na]
	at org.apache.tomcat.util.threads.InlineExecutorService.execute(InlineExecutorService.java:81) ~[tomcat-embed-core-10.1.50.jar:10.1.50]
	at java.base/java.util.concurrent.AbstractExecutorService.submit(AbstractExecutorService.java:145) ~[na:na]
	at org.apache.catalina.core.ContainerBase.startInternal(ContainerBase.java:747) ~[tomcat-embed-core-10.1.50.jar:10.1.50]
	at org.apache.catalina.core.StandardHost.startInternal(StandardHost.java:783) ~[tomcat-embed-core-10.1.50.jar:10.1.50]
	at org.apache.catalina.util.LifecycleBase.start(LifecycleBase.java:164) ~[tomcat-embed-core-10.1.50.jar:10.1.50]
	at org.apache.catalina.core.ContainerBase$StartChild.call(ContainerBase.java:1201) ~[tomcat-embed-core-10.1.50.jar:10.1.50]
	at org.apache.catalina.core.ContainerBase$StartChild.call(ContainerBase.java:1191) ~[tomcat-embed-core-10.1.50.jar:10.1.50]
	at java.base/java.util.concurrent.FutureTask.run(FutureTask.java:317) ~[na:na]
	at org.apache.tomcat.util.threads.InlineExecutorService.execute(InlineExecutorService.java:81) ~[tomcat-embed-core-10.1.50.jar:10.1.50]
	at java.base/java.util.concurrent.AbstractExecutorService.submit(AbstractExecutorService.java:145) ~[na:na]
	at org.apache.catalina.core.ContainerBase.startInternal(ContainerBase.java:747) ~[tomcat-embed-core-10.1.50.jar:10.1.50]
	at org.apache.catalina.core.StandardEngine.startInternal(StandardEngine.java:201) ~[tomcat-embed-core-10.1.50.jar:10.1.50]
	at org.apache.catalina.util.LifecycleBase.start(LifecycleBase.java:164) ~[tomcat-embed-core-10.1.50.jar:10.1.50]
	at org.apache.catalina.core.StandardService.startInternal(StandardService.java:410) ~[tomcat-embed-core-10.1.50.jar:10.1.50]
	at org.apache.catalina.util.LifecycleBase.start(LifecycleBase.java:164) ~[tomcat-embed-core-10.1.50.jar:10.1.50]
	at org.apache.catalina.core.StandardServer.startInternal(StandardServer.java:868) ~[tomcat-embed-core-10.1.50.jar:10.1.50]
	at org.apache.catalina.util.LifecycleBase.start(LifecycleBase.java:164) ~[tomcat-embed-core-10.1.50.jar:10.1.50]
	at org.apache.catalina.startup.Tomcat.start(Tomcat.java:436) ~[tomcat-embed-core-10.1.50.jar:10.1.50]
	at org.springframework.boot.web.embedded.tomcat.TomcatWebServer.initialize(TomcatWebServer.java:128) ~[spring-boot-3.5.7.jar:3.5.7]
	at org.springframework.boot.web.embedded.tomcat.TomcatWebServer.<init>(TomcatWebServer.java:107) ~[spring-boot-3.5.7.jar:3.5.7]
	at org.springframework.boot.web.embedded.tomcat.TomcatServletWebServerFactory.getTomcatWebServer(TomcatServletWebServerFactory.java:517) ~[spring-boot-3.5.7.jar:3.5.7]
	at org.springframework.boot.web.embedded.tomcat.TomcatServletWebServerFactory.getWebServer(TomcatServletWebServerFactory.java:219) ~[spring-boot-3.5.7.jar:3.5.7]
	at org.springframework.boot.web.servlet.context.ServletWebServerApplicationContext.createWebServer(ServletWebServerApplicationContext.java:193) ~[spring-boot-3.5.7.jar:3.5.7]
	at org.springframework.boot.web.servlet.context.ServletWebServerApplicationContext.onRefresh(ServletWebServerApplicationContext.java:167) ~[spring-boot-3.5.7.jar:3.5.7]
	at org.springframework.context.support.AbstractApplicationContext.refresh(AbstractApplicationContext.java:621) ~[spring-context-6.2.11.jar:6.2.11]
	at org.springframework.boot.web.servlet.context.ServletWebServerApplicationContext.refresh(ServletWebServerApplicationContext.java:146) ~[spring-boot-3.5.7.jar:3.5.7]
	at org.springframework.boot.SpringApplication.refresh(SpringApplication.java:752) ~[spring-boot-3.5.7.jar:3.5.7]
	at org.springframework.boot.SpringApplication.refreshContext(SpringApplication.java:439) ~[spring-boot-3.5.7.jar:3.5.7]
	at org.springframework.boot.SpringApplication.run(SpringApplication.java:318) ~[spring-boot-3.5.7.jar:3.5.7]
	at org.springframework.boot.SpringApplication.run(SpringApplication.java:1361) ~[spring-boot-3.5.7.jar:3.5.7]
	at org.springframework.boot.SpringApplication.run(SpringApplication.java:1350) ~[spring-boot-3.5.7.jar:3.5.7]
	at onified.ai.identity.UserManagementApplication.main(UserManagementApplication.java:61) ~[main/:na]
Caused by: org.postgresql.util.PSQLException: ERROR: syntax error at or near "ARRAY"
  Position: 554
	at org.postgresql.core.v3.QueryExecutorImpl.receiveErrorResponse(QueryExecutorImpl.java:2736) ~[postgresql-42.7.8.jar:42.7.8]
	at org.postgresql.core.v3.QueryExecutorImpl.processResults(QueryExecutorImpl.java:2421) ~[postgresql-42.7.8.jar:42.7.8]
	at org.postgresql.core.v3.QueryExecutorImpl.execute(QueryExecutorImpl.java:372) ~[postgresql-42.7.8.jar:42.7.8]
	at org.postgresql.jdbc.PgStatement.executeInternal(PgStatement.java:525) ~[postgresql-42.7.8.jar:42.7.8]
	at org.postgresql.jdbc.PgStatement.execute(PgStatement.java:435) ~[postgresql-42.7.8.jar:42.7.8]
	at org.postgresql.jdbc.PgStatement.executeWithFlags(PgStatement.java:357) ~[postgresql-42.7.8.jar:42.7.8]
	at org.postgresql.jdbc.PgStatement.executeCachedSql(PgStatement.java:342) ~[postgresql-42.7.8.jar:42.7.8]
	at org.postgresql.jdbc.PgStatement.executeWithFlags(PgStatement.java:318) ~[postgresql-42.7.8.jar:42.7.8]
	at org.postgresql.jdbc.PgStatement.execute(PgStatement.java:313) ~[postgresql-42.7.8.jar:42.7.8]
	at com.zaxxer.hikari.pool.ProxyStatement.execute(ProxyStatement.java:95) ~[HikariCP-6.3.3.jar:na]
	at com.zaxxer.hikari.pool.HikariProxyStatement.execute(HikariProxyStatement.java) ~[HikariCP-6.3.3.jar:na]
	at org.hibernate.tool.schema.internal.exec.GenerationTargetToDatabase.accept(GenerationTargetToDatabase.java:80) ~[hibernate-core-6.6.33.Final.jar:6.6.33.Final]
	... 130 common frames omitted

2026-08-14T14:50:39.862+05:30  WARN 28548 --- [           main] o.h.t.s.i.ExceptionHandlerLoggedImpl     : GenerationTarget encountered exception accepting command : Error executing DDL "create table iam.sso_connection (id uuid not null, created_at timestamp(6) with time zone not null, created_by uuid, deleted_at timestamp(6) with time zone, deleted_by uuid, is_active boolean not null, public_id varchar(50) not null, updated_at timestamp(6) with time zone, updated_by uuid, allowed_domains jsonb default '[]'::jsonb, attribute_mapping jsonb default '{}'::jsonb, authorization_endpoint varchar(1000), is_auto_create_users boolean default false not null, client_id varchar(500), client_secret_encrypted TEXT, code varchar(50), connection_name varchar(200) not null, display_name varchar(200), is_enforce_sso boolean default false not null, issuer_url varchar(1000), jwks_uri varchar(1000), max_clock_skew_seconds integer default 120, owner_subject_id varchar(128), owner_subject_type varchar(16), protocol varchar(20) not null check (protocol in ('OIDC','SAML','SOCIAL','MAGIC_LINK')), provider_name varchar(50), saml_idp_certificate TEXT, saml_idp_entity_id varchar(1000), saml_idp_metadata_xml TEXT, saml_idp_sso_url varchar(1000), saml_name_id_format varchar(200), scopes varchar(500) default 'openid profile email'::character varying, status varchar(20) default 'INACTIVE'::character varying not null check (status in ('ACTIVE','INACTIVE','TESTING')), tenant_id uuid not null, tenant_key varchar(100), token_endpoint varchar(1000), userinfo_endpoint varchar(1000), primary key (id), constraint sso_connection_protocol_check check (protocol::text = ANY (ARRAY['OIDC'::character varying, 'SAML'::character varying, 'SOCIAL'::character varying, 'MAGIC_LINK'::character varying]::text[])), constraint sso_connection_status_check check (status::text = ANY (ARRAY['ACTIVE'::character varying, 'INACTIVE'::character varying, 'TESTING'::character varying]::text[])))" via JDBC [ERROR: check constraint "sso_connection_protocol_check" already exists]

org.hibernate.tool.schema.spi.CommandAcceptanceException: Error executing DDL "create table iam.sso_connection (id uuid not null, created_at timestamp(6) with time zone not null, created_by uuid, deleted_at timestamp(6) with time zone, deleted_by uuid, is_active boolean not null, public_id varchar(50) not null, updated_at timestamp(6) with time zone, updated_by uuid, allowed_domains jsonb default '[]'::jsonb, attribute_mapping jsonb default '{}'::jsonb, authorization_endpoint varchar(1000), is_auto_create_users boolean default false not null, client_id varchar(500), client_secret_encrypted TEXT, code varchar(50), connection_name varchar(200) not null, display_name varchar(200), is_enforce_sso boolean default false not null, issuer_url varchar(1000), jwks_uri varchar(1000), max_clock_skew_seconds integer default 120, owner_subject_id varchar(128), owner_subject_type varchar(16), protocol varchar(20) not null check (protocol in ('OIDC','SAML','SOCIAL','MAGIC_LINK')), provider_name varchar(50), saml_idp_certificate TEXT, saml_idp_entity_id varchar(1000), saml_idp_metadata_xml TEXT, saml_idp_sso_url varchar(1000), saml_name_id_format varchar(200), scopes varchar(500) default 'openid profile email'::character varying, status varchar(20) default 'INACTIVE'::character varying not null check (status in ('ACTIVE','INACTIVE','TESTING')), tenant_id uuid not null, tenant_key varchar(100), token_endpoint varchar(1000), userinfo_endpoint varchar(1000), primary key (id), constraint sso_connection_protocol_check check (protocol::text = ANY (ARRAY['OIDC'::character varying, 'SAML'::character varying, 'SOCIAL'::character varying, 'MAGIC_LINK'::character varying]::text[])), constraint sso_connection_status_check check (status::text = ANY (ARRAY['ACTIVE'::character varying, 'INACTIVE'::character varying, 'TESTING'::character varying]::text[])))" via JDBC [ERROR: check constraint "sso_connection_protocol_check" already exists]
	at org.hibernate.tool.schema.internal.exec.GenerationTargetToDatabase.accept(GenerationTargetToDatabase.java:94) ~[hibernate-core-6.6.33.Final.jar:6.6.33.Final]
	at org.hibernate.tool.schema.internal.AbstractSchemaMigrator.applySqlString(AbstractSchemaMigrator.java:576) ~[hibernate-core-6.6.33.Final.jar:6.6.33.Final]
	at org.hibernate.tool.schema.internal.AbstractSchemaMigrator.applySqlStrings(AbstractSchemaMigrator.java:516) ~[hibernate-core-6.6.33.Final.jar:6.6.33.Final]
	at org.hibernate.tool.schema.internal.AbstractSchemaMigrator.createTable(AbstractSchemaMigrator.java:316) ~[hibernate-core-6.6.33.Final.jar:6.6.33.Final]
	at org.hibernate.tool.schema.internal.GroupedSchemaMigratorImpl.performTablesMigration(GroupedSchemaMigratorImpl.java:80) ~[hibernate-core-6.6.33.Final.jar:6.6.33.Final]
	at org.hibernate.tool.schema.internal.AbstractSchemaMigrator.performMigration(AbstractSchemaMigrator.java:233) ~[hibernate-core-6.6.33.Final.jar:6.6.33.Final]
	at org.hibernate.tool.schema.internal.AbstractSchemaMigrator.doMigration(AbstractSchemaMigrator.java:112) ~[hibernate-core-6.6.33.Final.jar:6.6.33.Final]
	at org.hibernate.tool.schema.spi.SchemaManagementToolCoordinator.performDatabaseAction(SchemaManagementToolCoordinator.java:280) ~[hibernate-core-6.6.33.Final.jar:6.6.33.Final]
	at org.hibernate.tool.schema.spi.SchemaManagementToolCoordinator.lambda$process$5(SchemaManagementToolCoordinator.java:144) ~[hibernate-core-6.6.33.Final.jar:6.6.33.Final]
	at java.base/java.util.HashMap.forEach(HashMap.java:1429) ~[na:na]
	at org.hibernate.tool.schema.spi.SchemaManagementToolCoordinator.process(SchemaManagementToolCoordinator.java:141) ~[hibernate-core-6.6.33.Final.jar:6.6.33.Final]
	at org.hibernate.boot.internal.SessionFactoryObserverForSchemaExport.sessionFactoryCreated(SessionFactoryObserverForSchemaExport.java:37) ~[hibernate-core-6.6.33.Final.jar:6.6.33.Final]
	at org.hibernate.internal.SessionFactoryObserverChain.sessionFactoryCreated(SessionFactoryObserverChain.java:35) ~[hibernate-core-6.6.33.Final.jar:6.6.33.Final]
	at org.hibernate.internal.SessionFactoryImpl.<init>(SessionFactoryImpl.java:324) ~[hibernate-core-6.6.33.Final.jar:6.6.33.Final]
	at org.hibernate.boot.internal.SessionFactoryBuilderImpl.build(SessionFactoryBuilderImpl.java:463) ~[hibernate-core-6.6.33.Final.jar:6.6.33.Final]
	at org.hibernate.jpa.boot.internal.EntityManagerFactoryBuilderImpl.build(EntityManagerFactoryBuilderImpl.java:1517) ~[hibernate-core-6.6.33.Final.jar:6.6.33.Final]
	at org.springframework.orm.jpa.vendor.SpringHibernateJpaPersistenceProvider.createContainerEntityManagerFactory(SpringHibernateJpaPersistenceProvider.java:66) ~[spring-orm-6.2.11.jar:6.2.11]
	at org.springframework.orm.jpa.LocalContainerEntityManagerFactoryBean.createNativeEntityManagerFactory(LocalContainerEntityManagerFactoryBean.java:390) ~[spring-orm-6.2.11.jar:6.2.11]
	at org.springframework.orm.jpa.AbstractEntityManagerFactoryBean.buildNativeEntityManagerFactory(AbstractEntityManagerFactoryBean.java:419) ~[spring-orm-6.2.11.jar:6.2.11]
	at org.springframework.orm.jpa.AbstractEntityManagerFactoryBean.afterPropertiesSet(AbstractEntityManagerFactoryBean.java:400) ~[spring-orm-6.2.11.jar:6.2.11]
	at org.springframework.orm.jpa.LocalContainerEntityManagerFactoryBean.afterPropertiesSet(LocalContainerEntityManagerFactoryBean.java:366) ~[spring-orm-6.2.11.jar:6.2.11]
	at org.springframework.beans.factory.support.AbstractAutowireCapableBeanFactory.invokeInitMethods(AbstractAutowireCapableBeanFactory.java:1873) ~[spring-beans-6.2.11.jar:6.2.11]
	at org.springframework.beans.factory.support.AbstractAutowireCapableBeanFactory.initializeBean(AbstractAutowireCapableBeanFactory.java:1822) ~[spring-beans-6.2.11.jar:6.2.11]
	at org.springframework.beans.factory.support.AbstractAutowireCapableBeanFactory.doCreateBean(AbstractAutowireCapableBeanFactory.java:607) ~[spring-beans-6.2.11.jar:6.2.11]
	at org.springframework.beans.factory.support.AbstractAutowireCapableBeanFactory.createBean(AbstractAutowireCapableBeanFactory.java:529) ~[spring-beans-6.2.11.jar:6.2.11]
	at org.springframework.beans.factory.support.AbstractBeanFactory.lambda$doGetBean$0(AbstractBeanFactory.java:339) ~[spring-beans-6.2.11.jar:6.2.11]
	at org.springframework.beans.factory.support.DefaultSingletonBeanRegistry.getSingleton(DefaultSingletonBeanRegistry.java:373) ~[spring-beans-6.2.11.jar:6.2.11]
	at org.springframework.beans.factory.support.AbstractBeanFactory.doGetBean(AbstractBeanFactory.java:337) ~[spring-beans-6.2.11.jar:6.2.11]
	at org.springframework.beans.factory.support.AbstractBeanFactory.getBean(AbstractBeanFactory.java:227) ~[spring-beans-6.2.11.jar:6.2.11]
	at org.springframework.beans.factory.support.DefaultListableBeanFactory.resolveNamedBean(DefaultListableBeanFactory.java:1613) ~[spring-beans-6.2.11.jar:6.2.11]
	at org.springframework.beans.factory.support.DefaultListableBeanFactory.resolveNamedBean(DefaultListableBeanFactory.java:1571) ~[spring-beans-6.2.11.jar:6.2.11]
	at org.springframework.beans.factory.support.DefaultListableBeanFactory.resolveNamedBean(DefaultListableBeanFactory.java:1539) ~[spring-beans-6.2.11.jar:6.2.11]
	at org.springframework.orm.jpa.support.PersistenceAnnotationBeanPostProcessor.findDefaultEntityManagerFactory(PersistenceAnnotationBeanPostProcessor.java:594) ~[spring-orm-6.2.11.jar:6.2.11]
	at org.springframework.orm.jpa.support.PersistenceAnnotationBeanPostProcessor.findEntityManagerFactory(PersistenceAnnotationBeanPostProcessor.java:558) ~[spring-orm-6.2.11.jar:6.2.11]
	at org.springframework.orm.jpa.support.PersistenceAnnotationBeanPostProcessor$PersistenceElement.resolveEntityManager(PersistenceAnnotationBeanPostProcessor.java:725) ~[spring-orm-6.2.11.jar:6.2.11]
	at org.springframework.orm.jpa.support.PersistenceAnnotationBeanPostProcessor$PersistenceElement.getResourceToInject(PersistenceAnnotationBeanPostProcessor.java:698) ~[spring-orm-6.2.11.jar:6.2.11]
	at org.springframework.beans.factory.annotation.InjectionMetadata$InjectedElement.inject(InjectionMetadata.java:272) ~[spring-beans-6.2.11.jar:6.2.11]
	at org.springframework.beans.factory.annotation.InjectionMetadata.inject(InjectionMetadata.java:146) ~[spring-beans-6.2.11.jar:6.2.11]
	at org.springframework.orm.jpa.support.PersistenceAnnotationBeanPostProcessor.postProcessProperties(PersistenceAnnotationBeanPostProcessor.java:386) ~[spring-orm-6.2.11.jar:6.2.11]
	at org.springframework.beans.factory.support.AbstractAutowireCapableBeanFactory.populateBean(AbstractAutowireCapableBeanFactory.java:1459) ~[spring-beans-6.2.11.jar:6.2.11]
	at org.springframework.beans.factory.support.AbstractAutowireCapableBeanFactory.doCreateBean(AbstractAutowireCapableBeanFactory.java:606) ~[spring-beans-6.2.11.jar:6.2.11]
	at org.springframework.beans.factory.support.AbstractAutowireCapableBeanFactory.createBean(AbstractAutowireCapableBeanFactory.java:529) ~[spring-beans-6.2.11.jar:6.2.11]
	at org.springframework.beans.factory.support.AbstractBeanFactory.lambda$doGetBean$0(AbstractBeanFactory.java:339) ~[spring-beans-6.2.11.jar:6.2.11]
	at org.springframework.beans.factory.support.DefaultSingletonBeanRegistry.getSingleton(DefaultSingletonBeanRegistry.java:373) ~[spring-beans-6.2.11.jar:6.2.11]
	at org.springframework.beans.factory.support.AbstractBeanFactory.doGetBean(AbstractBeanFactory.java:337) ~[spring-beans-6.2.11.jar:6.2.11]
	at org.springframework.beans.factory.support.AbstractBeanFactory.getBean(AbstractBeanFactory.java:202) ~[spring-beans-6.2.11.jar:6.2.11]
	at org.springframework.beans.factory.support.DefaultListableBeanFactory.doResolveDependency(DefaultListableBeanFactory.java:1698) ~[spring-beans-6.2.11.jar:6.2.11]
	at org.springframework.beans.factory.support.DefaultListableBeanFactory.resolveDependency(DefaultListableBeanFactory.java:1643) ~[spring-beans-6.2.11.jar:6.2.11]
	at org.springframework.beans.factory.annotation.AutowiredAnnotationBeanPostProcessor$AutowiredFieldElement.resolveFieldValue(AutowiredAnnotationBeanPostProcessor.java:785) ~[spring-beans-6.2.11.jar:6.2.11]
	at org.springframework.beans.factory.annotation.AutowiredAnnotationBeanPostProcessor$AutowiredFieldElement.inject(AutowiredAnnotationBeanPostProcessor.java:768) ~[spring-beans-6.2.11.jar:6.2.11]
	at org.springframework.beans.factory.annotation.InjectionMetadata.inject(InjectionMetadata.java:146) ~[spring-beans-6.2.11.jar:6.2.11]
	at org.springframework.beans.factory.annotation.AutowiredAnnotationBeanPostProcessor.postProcessProperties(AutowiredAnnotationBeanPostProcessor.java:509) ~[spring-beans-6.2.11.jar:6.2.11]
	at org.springframework.beans.factory.support.AbstractAutowireCapableBeanFactory.populateBean(AbstractAutowireCapableBeanFactory.java:1459) ~[spring-beans-6.2.11.jar:6.2.11]
	at org.springframework.beans.factory.support.AbstractAutowireCapableBeanFactory.doCreateBean(AbstractAutowireCapableBeanFactory.java:606) ~[spring-beans-6.2.11.jar:6.2.11]
	at org.springframework.beans.factory.support.AbstractAutowireCapableBeanFactory.createBean(AbstractAutowireCapableBeanFactory.java:529) ~[spring-beans-6.2.11.jar:6.2.11]
	at org.springframework.beans.factory.support.AbstractBeanFactory.lambda$doGetBean$0(AbstractBeanFactory.java:339) ~[spring-beans-6.2.11.jar:6.2.11]
	at org.springframework.beans.factory.support.DefaultSingletonBeanRegistry.getSingleton(DefaultSingletonBeanRegistry.java:373) ~[spring-beans-6.2.11.jar:6.2.11]
	at org.springframework.beans.factory.support.AbstractBeanFactory.doGetBean(AbstractBeanFactory.java:337) ~[spring-beans-6.2.11.jar:6.2.11]
	at org.springframework.beans.factory.support.AbstractBeanFactory.getBean(AbstractBeanFactory.java:202) ~[spring-beans-6.2.11.jar:6.2.11]
	at org.springframework.beans.factory.config.DependencyDescriptor.resolveCandidate(DependencyDescriptor.java:254) ~[spring-beans-6.2.11.jar:6.2.11]
	at org.springframework.beans.factory.support.DefaultListableBeanFactory.doResolveDependency(DefaultListableBeanFactory.java:1760) ~[spring-beans-6.2.11.jar:6.2.11]
	at org.springframework.beans.factory.support.DefaultListableBeanFactory.resolveDependency(DefaultListableBeanFactory.java:1643) ~[spring-beans-6.2.11.jar:6.2.11]
	at org.springframework.beans.factory.annotation.AutowiredAnnotationBeanPostProcessor$AutowiredFieldElement.resolveFieldValue(AutowiredAnnotationBeanPostProcessor.java:785) ~[spring-beans-6.2.11.jar:6.2.11]
	at org.springframework.beans.factory.annotation.AutowiredAnnotationBeanPostProcessor$AutowiredFieldElement.inject(AutowiredAnnotationBeanPostProcessor.java:768) ~[spring-beans-6.2.11.jar:6.2.11]
	at org.springframework.beans.factory.annotation.InjectionMetadata.inject(InjectionMetadata.java:146) ~[spring-beans-6.2.11.jar:6.2.11]
	at org.springframework.beans.factory.annotation.AutowiredAnnotationBeanPostProcessor.postProcessProperties(AutowiredAnnotationBeanPostProcessor.java:509) ~[spring-beans-6.2.11.jar:6.2.11]
	at org.springframework.beans.factory.support.AbstractAutowireCapableBeanFactory.populateBean(AbstractAutowireCapableBeanFactory.java:1459) ~[spring-beans-6.2.11.jar:6.2.11]
	at org.springframework.beans.factory.support.AbstractAutowireCapableBeanFactory.doCreateBean(AbstractAutowireCapableBeanFactory.java:606) ~[spring-beans-6.2.11.jar:6.2.11]
	at org.springframework.beans.factory.support.AbstractAutowireCapableBeanFactory.createBean(AbstractAutowireCapableBeanFactory.java:529) ~[spring-beans-6.2.11.jar:6.2.11]
	at org.springframework.beans.factory.support.AbstractBeanFactory.lambda$doGetBean$0(AbstractBeanFactory.java:339) ~[spring-beans-6.2.11.jar:6.2.11]
	at org.springframework.beans.factory.support.DefaultSingletonBeanRegistry.getSingleton(DefaultSingletonBeanRegistry.java:373) ~[spring-beans-6.2.11.jar:6.2.11]
	at org.springframework.beans.factory.support.AbstractBeanFactory.doGetBean(AbstractBeanFactory.java:337) ~[spring-beans-6.2.11.jar:6.2.11]
	at org.springframework.beans.factory.support.AbstractBeanFactory.getBean(AbstractBeanFactory.java:202) ~[spring-beans-6.2.11.jar:6.2.11]
	at org.springframework.beans.factory.support.DefaultListableBeanFactory.doResolveDependency(DefaultListableBeanFactory.java:1698) ~[spring-beans-6.2.11.jar:6.2.11]
	at org.springframework.beans.factory.support.DefaultListableBeanFactory.resolveDependency(DefaultListableBeanFactory.java:1643) ~[spring-beans-6.2.11.jar:6.2.11]
	at org.springframework.beans.factory.support.ConstructorResolver.resolveAutowiredArgument(ConstructorResolver.java:913) ~[spring-beans-6.2.11.jar:6.2.11]
	at org.springframework.beans.factory.support.ConstructorResolver.createArgumentArray(ConstructorResolver.java:791) ~[spring-beans-6.2.11.jar:6.2.11]
	at org.springframework.beans.factory.support.ConstructorResolver.autowireConstructor(ConstructorResolver.java:240) ~[spring-beans-6.2.11.jar:6.2.11]
	at org.springframework.beans.factory.support.AbstractAutowireCapableBeanFactory.autowireConstructor(AbstractAutowireCapableBeanFactory.java:1395) ~[spring-beans-6.2.11.jar:6.2.11]
	at org.springframework.beans.factory.support.AbstractAutowireCapableBeanFactory.createBeanInstance(AbstractAutowireCapableBeanFactory.java:1232) ~[spring-beans-6.2.11.jar:6.2.11]
	at org.springframework.beans.factory.support.AbstractAutowireCapableBeanFactory.doCreateBean(AbstractAutowireCapableBeanFactory.java:569) ~[spring-beans-6.2.11.jar:6.2.11]
	at org.springframework.beans.factory.support.AbstractAutowireCapableBeanFactory.createBean(AbstractAutowireCapableBeanFactory.java:529) ~[spring-beans-6.2.11.jar:6.2.11]
	at org.springframework.beans.factory.support.AbstractBeanFactory.lambda$doGetBean$0(AbstractBeanFactory.java:339) ~[spring-beans-6.2.11.jar:6.2.11]
	at org.springframework.beans.factory.support.DefaultSingletonBeanRegistry.getSingleton(DefaultSingletonBeanRegistry.java:373) ~[spring-beans-6.2.11.jar:6.2.11]
	at org.springframework.beans.factory.support.AbstractBeanFactory.doGetBean(AbstractBeanFactory.java:337) ~[spring-beans-6.2.11.jar:6.2.11]
	at org.springframework.beans.factory.support.AbstractBeanFactory.getBean(AbstractBeanFactory.java:207) ~[spring-beans-6.2.11.jar:6.2.11]
	at org.springframework.boot.web.servlet.ServletContextInitializerBeans.getOrderedBeansOfType(ServletContextInitializerBeans.java:230) ~[spring-boot-3.5.7.jar:3.5.7]
	at org.springframework.boot.web.servlet.ServletContextInitializerBeans.addAsRegistrationBean(ServletContextInitializerBeans.java:184) ~[spring-boot-3.5.7.jar:3.5.7]
	at org.springframework.boot.web.servlet.ServletContextInitializerBeans.addAsRegistrationBean(ServletContextInitializerBeans.java:179) ~[spring-boot-3.5.7.jar:3.5.7]
	at org.springframework.boot.web.servlet.ServletContextInitializerBeans.addAdaptableBeans(ServletContextInitializerBeans.java:164) ~[spring-boot-3.5.7.jar:3.5.7]
	at org.springframework.boot.web.servlet.ServletContextInitializerBeans.<init>(ServletContextInitializerBeans.java:96) ~[spring-boot-3.5.7.jar:3.5.7]
	at org.springframework.boot.web.servlet.context.ServletWebServerApplicationContext.getServletContextInitializerBeans(ServletWebServerApplicationContext.java:271) ~[spring-boot-3.5.7.jar:3.5.7]
	at org.springframework.boot.web.servlet.context.ServletWebServerApplicationContext.selfInitialize(ServletWebServerApplicationContext.java:245) ~[spring-boot-3.5.7.jar:3.5.7]
	at org.springframework.boot.web.embedded.tomcat.TomcatStarter.onStartup(TomcatStarter.java:52) ~[spring-boot-3.5.7.jar:3.5.7]
	at org.apache.catalina.core.StandardContext.startInternal(StandardContext.java:4452) ~[tomcat-embed-core-10.1.50.jar:10.1.50]
	at org.apache.catalina.util.LifecycleBase.start(LifecycleBase.java:164) ~[tomcat-embed-core-10.1.50.jar:10.1.50]
	at org.apache.catalina.core.ContainerBase$StartChild.call(ContainerBase.java:1201) ~[tomcat-embed-core-10.1.50.jar:10.1.50]
	at org.apache.catalina.core.ContainerBase$StartChild.call(ContainerBase.java:1191) ~[tomcat-embed-core-10.1.50.jar:10.1.50]
	at java.base/java.util.concurrent.FutureTask.run(FutureTask.java:317) ~[na:na]
	at org.apache.tomcat.util.threads.InlineExecutorService.execute(InlineExecutorService.java:81) ~[tomcat-embed-core-10.1.50.jar:10.1.50]
	at java.base/java.util.concurrent.AbstractExecutorService.submit(AbstractExecutorService.java:145) ~[na:na]
	at org.apache.catalina.core.ContainerBase.startInternal(ContainerBase.java:747) ~[tomcat-embed-core-10.1.50.jar:10.1.50]
	at org.apache.catalina.core.StandardHost.startInternal(StandardHost.java:783) ~[tomcat-embed-core-10.1.50.jar:10.1.50]
	at org.apache.catalina.util.LifecycleBase.start(LifecycleBase.java:164) ~[tomcat-embed-core-10.1.50.jar:10.1.50]
	at org.apache.catalina.core.ContainerBase$StartChild.call(ContainerBase.java:1201) ~[tomcat-embed-core-10.1.50.jar:10.1.50]
	at org.apache.catalina.core.ContainerBase$StartChild.call(ContainerBase.java:1191) ~[tomcat-embed-core-10.1.50.jar:10.1.50]
	at java.base/java.util.concurrent.FutureTask.run(FutureTask.java:317) ~[na:na]
	at org.apache.tomcat.util.threads.InlineExecutorService.execute(InlineExecutorService.java:81) ~[tomcat-embed-core-10.1.50.jar:10.1.50]
	at java.base/java.util.concurrent.AbstractExecutorService.submit(AbstractExecutorService.java:145) ~[na:na]
	at org.apache.catalina.core.ContainerBase.startInternal(ContainerBase.java:747) ~[tomcat-embed-core-10.1.50.jar:10.1.50]
	at org.apache.catalina.core.StandardEngine.startInternal(StandardEngine.java:201) ~[tomcat-embed-core-10.1.50.jar:10.1.50]
	at org.apache.catalina.util.LifecycleBase.start(LifecycleBase.java:164) ~[tomcat-embed-core-10.1.50.jar:10.1.50]
	at org.apache.catalina.core.StandardService.startInternal(StandardService.java:410) ~[tomcat-embed-core-10.1.50.jar:10.1.50]
	at org.apache.catalina.util.LifecycleBase.start(LifecycleBase.java:164) ~[tomcat-embed-core-10.1.50.jar:10.1.50]
	at org.apache.catalina.core.StandardServer.startInternal(StandardServer.java:868) ~[tomcat-embed-core-10.1.50.jar:10.1.50]
	at org.apache.catalina.util.LifecycleBase.start(LifecycleBase.java:164) ~[tomcat-embed-core-10.1.50.jar:10.1.50]
	at org.apache.catalina.startup.Tomcat.start(Tomcat.java:436) ~[tomcat-embed-core-10.1.50.jar:10.1.50]
	at org.springframework.boot.web.embedded.tomcat.TomcatWebServer.initialize(TomcatWebServer.java:128) ~[spring-boot-3.5.7.jar:3.5.7]
	at org.springframework.boot.web.embedded.tomcat.TomcatWebServer.<init>(TomcatWebServer.java:107) ~[spring-boot-3.5.7.jar:3.5.7]
	at org.springframework.boot.web.embedded.tomcat.TomcatServletWebServerFactory.getTomcatWebServer(TomcatServletWebServerFactory.java:517) ~[spring-boot-3.5.7.jar:3.5.7]
	at org.springframework.boot.web.embedded.tomcat.TomcatServletWebServerFactory.getWebServer(TomcatServletWebServerFactory.java:219) ~[spring-boot-3.5.7.jar:3.5.7]
	at org.springframework.boot.web.servlet.context.ServletWebServerApplicationContext.createWebServer(ServletWebServerApplicationContext.java:193) ~[spring-boot-3.5.7.jar:3.5.7]
	at org.springframework.boot.web.servlet.context.ServletWebServerApplicationContext.onRefresh(ServletWebServerApplicationContext.java:167) ~[spring-boot-3.5.7.jar:3.5.7]
	at org.springframework.context.support.AbstractApplicationContext.refresh(AbstractApplicationContext.java:621) ~[spring-context-6.2.11.jar:6.2.11]
	at org.springframework.boot.web.servlet.context.ServletWebServerApplicationContext.refresh(ServletWebServerApplicationContext.java:146) ~[spring-boot-3.5.7.jar:3.5.7]
	at org.springframework.boot.SpringApplication.refresh(SpringApplication.java:752) ~[spring-boot-3.5.7.jar:3.5.7]
	at org.springframework.boot.SpringApplication.refreshContext(SpringApplication.java:439) ~[spring-boot-3.5.7.jar:3.5.7]
	at org.springframework.boot.SpringApplication.run(SpringApplication.java:318) ~[spring-boot-3.5.7.jar:3.5.7]
	at org.springframework.boot.SpringApplication.run(SpringApplication.java:1361) ~[spring-boot-3.5.7.jar:3.5.7]
	at org.springframework.boot.SpringApplication.run(SpringApplication.java:1350) ~[spring-boot-3.5.7.jar:3.5.7]
	at onified.ai.identity.UserManagementApplication.main(UserManagementApplication.java:61) ~[main/:na]
Caused by: org.postgresql.util.PSQLException: ERROR: check constraint "sso_connection_protocol_check" already exists
	at org.postgresql.core.v3.QueryExecutorImpl.receiveErrorResponse(QueryExecutorImpl.java:2736) ~[postgresql-42.7.8.jar:42.7.8]
	at org.postgresql.core.v3.QueryExecutorImpl.processResults(QueryExecutorImpl.java:2421) ~[postgresql-42.7.8.jar:42.7.8]
	at org.postgresql.core.v3.QueryExecutorImpl.execute(QueryExecutorImpl.java:372) ~[postgresql-42.7.8.jar:42.7.8]
	at org.postgresql.jdbc.PgStatement.executeInternal(PgStatement.java:525) ~[postgresql-42.7.8.jar:42.7.8]
	at org.postgresql.jdbc.PgStatement.execute(PgStatement.java:435) ~[postgresql-42.7.8.jar:42.7.8]
	at org.postgresql.jdbc.PgStatement.executeWithFlags(PgStatement.java:357) ~[postgresql-42.7.8.jar:42.7.8]
	at org.postgresql.jdbc.PgStatement.executeCachedSql(PgStatement.java:342) ~[postgresql-42.7.8.jar:42.7.8]
	at org.postgresql.jdbc.PgStatement.executeWithFlags(PgStatement.java:318) ~[postgresql-42.7.8.jar:42.7.8]
	at org.postgresql.jdbc.PgStatement.execute(PgStatement.java:313) ~[postgresql-42.7.8.jar:42.7.8]
	at com.zaxxer.hikari.pool.ProxyStatement.execute(ProxyStatement.java:95) ~[HikariCP-6.3.3.jar:na]
	at com.zaxxer.hikari.pool.HikariProxyStatement.execute(HikariProxyStatement.java) ~[HikariCP-6.3.3.jar:na]
	at org.hibernate.tool.schema.internal.exec.GenerationTargetToDatabase.accept(GenerationTargetToDatabase.java:80) ~[hibernate-core-6.6.33.Final.jar:6.6.33.Final]
	... 130 common frames omitted

2026-08-14T14:50:39.869+05:30  WARN 28548 --- [           main] o.h.t.s.i.ExceptionHandlerLoggedImpl     : GenerationTarget encountered exception accepting command : Error executing DDL "create table iam.sso_session (id uuid not null, created_at timestamp(6) with time zone not null, created_by uuid, deleted_at timestamp(6) with time zone, deleted_by uuid, is_active boolean not null, public_id varchar(50) not null, updated_at timestamp(6) with time zone, updated_by uuid, auth_session_id uuid, code varchar(50), completed_at timestamp(6) with time zone, expires_at timestamp(6) with time zone not null, failure_reason varchar(500), ip_address varchar(45), nonce varchar(128), pkce_code_verifier varchar(128), redirect_uri varchar(1000), relay_state varchar(128), session_type varchar(20) not null check (session_type in ('OIDC','SAML','SOCIAL','MAGIC_LINK')), state_parameter varchar(128), status varchar(20) default 'PENDING'::character varying not null check (status in ('PENDING','COMPLETED','EXPIRED','FAILED')), tenant_id uuid, user_agent varchar(500), user_identifier varchar(255), connection_id uuid not null, primary key (id), constraint sso_session_session_type_check check (session_type::text = ANY (ARRAY['OIDC'::character varying, 'SAML'::character varying, 'MAGIC_LINK'::character varying, 'SOCIAL'::character varying]::text[])), constraint sso_session_status_check check (status::text = ANY (ARRAY['PENDING'::character varying, 'COMPLETED'::character varying, 'EXPIRED'::character varying, 'FAILED'::character varying]::text[])))" via JDBC [ERROR: check constraint "sso_session_session_type_check" already exists]

org.hibernate.tool.schema.spi.CommandAcceptanceException: Error executing DDL "create table iam.sso_session (id uuid not null, created_at timestamp(6) with time zone not null, created_by uuid, deleted_at timestamp(6) with time zone, deleted_by uuid, is_active boolean not null, public_id varchar(50) not null, updated_at timestamp(6) with time zone, updated_by uuid, auth_session_id uuid, code varchar(50), completed_at timestamp(6) with time zone, expires_at timestamp(6) with time zone not null, failure_reason varchar(500), ip_address varchar(45), nonce varchar(128), pkce_code_verifier varchar(128), redirect_uri varchar(1000), relay_state varchar(128), session_type varchar(20) not null check (session_type in ('OIDC','SAML','SOCIAL','MAGIC_LINK')), state_parameter varchar(128), status varchar(20) default 'PENDING'::character varying not null check (status in ('PENDING','COMPLETED','EXPIRED','FAILED')), tenant_id uuid, user_agent varchar(500), user_identifier varchar(255), connection_id uuid not null, primary key (id), constraint sso_session_session_type_check check (session_type::text = ANY (ARRAY['OIDC'::character varying, 'SAML'::character varying, 'MAGIC_LINK'::character varying, 'SOCIAL'::character varying]::text[])), constraint sso_session_status_check check (status::text = ANY (ARRAY['PENDING'::character varying, 'COMPLETED'::character varying, 'EXPIRED'::character varying, 'FAILED'::character varying]::text[])))" via JDBC [ERROR: check constraint "sso_session_session_type_check" already exists]
	at org.hibernate.tool.schema.internal.exec.GenerationTargetToDatabase.accept(GenerationTargetToDatabase.java:94) ~[hibernate-core-6.6.33.Final.jar:6.6.33.Final]
	at org.hibernate.tool.schema.internal.AbstractSchemaMigrator.applySqlString(AbstractSchemaMigrator.java:576) ~[hibernate-core-6.6.33.Final.jar:6.6.33.Final]
	at org.hibernate.tool.schema.internal.AbstractSchemaMigrator.applySqlStrings(AbstractSchemaMigrator.java:516) ~[hibernate-core-6.6.33.Final.jar:6.6.33.Final]
	at org.hibernate.tool.schema.internal.AbstractSchemaMigrator.createTable(AbstractSchemaMigrator.java:316) ~[hibernate-core-6.6.33.Final.jar:6.6.33.Final]
	at org.hibernate.tool.schema.internal.GroupedSchemaMigratorImpl.performTablesMigration(GroupedSchemaMigratorImpl.java:80) ~[hibernate-core-6.6.33.Final.jar:6.6.33.Final]
	at org.hibernate.tool.schema.internal.AbstractSchemaMigrator.performMigration(AbstractSchemaMigrator.java:233) ~[hibernate-core-6.6.33.Final.jar:6.6.33.Final]
	at org.hibernate.tool.schema.internal.AbstractSchemaMigrator.doMigration(AbstractSchemaMigrator.java:112) ~[hibernate-core-6.6.33.Final.jar:6.6.33.Final]
	at org.hibernate.tool.schema.spi.SchemaManagementToolCoordinator.performDatabaseAction(SchemaManagementToolCoordinator.java:280) ~[hibernate-core-6.6.33.Final.jar:6.6.33.Final]
	at org.hibernate.tool.schema.spi.SchemaManagementToolCoordinator.lambda$process$5(SchemaManagementToolCoordinator.java:144) ~[hibernate-core-6.6.33.Final.jar:6.6.33.Final]
	at java.base/java.util.HashMap.forEach(HashMap.java:1429) ~[na:na]
	at org.hibernate.tool.schema.spi.SchemaManagementToolCoordinator.process(SchemaManagementToolCoordinator.java:141) ~[hibernate-core-6.6.33.Final.jar:6.6.33.Final]
	at org.hibernate.boot.internal.SessionFactoryObserverForSchemaExport.sessionFactoryCreated(SessionFactoryObserverForSchemaExport.java:37) ~[hibernate-core-6.6.33.Final.jar:6.6.33.Final]
	at org.hibernate.internal.SessionFactoryObserverChain.sessionFactoryCreated(SessionFactoryObserverChain.java:35) ~[hibernate-core-6.6.33.Final.jar:6.6.33.Final]
	at org.hibernate.internal.SessionFactoryImpl.<init>(SessionFactoryImpl.java:324) ~[hibernate-core-6.6.33.Final.jar:6.6.33.Final]
	at org.hibernate.boot.internal.SessionFactoryBuilderImpl.build(SessionFactoryBuilderImpl.java:463) ~[hibernate-core-6.6.33.Final.jar:6.6.33.Final]
	at org.hibernate.jpa.boot.internal.EntityManagerFactoryBuilderImpl.build(EntityManagerFactoryBuilderImpl.java:1517) ~[hibernate-core-6.6.33.Final.jar:6.6.33.Final]
	at org.springframework.orm.jpa.vendor.SpringHibernateJpaPersistenceProvider.createContainerEntityManagerFactory(SpringHibernateJpaPersistenceProvider.java:66) ~[spring-orm-6.2.11.jar:6.2.11]
	at org.springframework.orm.jpa.LocalContainerEntityManagerFactoryBean.createNativeEntityManagerFactory(LocalContainerEntityManagerFactoryBean.java:390) ~[spring-orm-6.2.11.jar:6.2.11]
	at org.springframework.orm.jpa.AbstractEntityManagerFactoryBean.buildNativeEntityManagerFactory(AbstractEntityManagerFactoryBean.java:419) ~[spring-orm-6.2.11.jar:6.2.11]
	at org.springframework.orm.jpa.AbstractEntityManagerFactoryBean.afterPropertiesSet(AbstractEntityManagerFactoryBean.java:400) ~[spring-orm-6.2.11.jar:6.2.11]
	at org.springframework.orm.jpa.LocalContainerEntityManagerFactoryBean.afterPropertiesSet(LocalContainerEntityManagerFactoryBean.java:366) ~[spring-orm-6.2.11.jar:6.2.11]
	at org.springframework.beans.factory.support.AbstractAutowireCapableBeanFactory.invokeInitMethods(AbstractAutowireCapableBeanFactory.java:1873) ~[spring-beans-6.2.11.jar:6.2.11]
	at org.springframework.beans.factory.support.AbstractAutowireCapableBeanFactory.initializeBean(AbstractAutowireCapableBeanFactory.java:1822) ~[spring-beans-6.2.11.jar:6.2.11]
	at org.springframework.beans.factory.support.AbstractAutowireCapableBeanFactory.doCreateBean(AbstractAutowireCapableBeanFactory.java:607) ~[spring-beans-6.2.11.jar:6.2.11]
	at org.springframework.beans.factory.support.AbstractAutowireCapableBeanFactory.createBean(AbstractAutowireCapableBeanFactory.java:529) ~[spring-beans-6.2.11.jar:6.2.11]
	at org.springframework.beans.factory.support.AbstractBeanFactory.lambda$doGetBean$0(AbstractBeanFactory.java:339) ~[spring-beans-6.2.11.jar:6.2.11]
	at org.springframework.beans.factory.support.DefaultSingletonBeanRegistry.getSingleton(DefaultSingletonBeanRegistry.java:373) ~[spring-beans-6.2.11.jar:6.2.11]
	at org.springframework.beans.factory.support.AbstractBeanFactory.doGetBean(AbstractBeanFactory.java:337) ~[spring-beans-6.2.11.jar:6.2.11]
	at org.springframework.beans.factory.support.AbstractBeanFactory.getBean(AbstractBeanFactory.java:227) ~[spring-beans-6.2.11.jar:6.2.11]
	at org.springframework.beans.factory.support.DefaultListableBeanFactory.resolveNamedBean(DefaultListableBeanFactory.java:1613) ~[spring-beans-6.2.11.jar:6.2.11]
	at org.springframework.beans.factory.support.DefaultListableBeanFactory.resolveNamedBean(DefaultListableBeanFactory.java:1571) ~[spring-beans-6.2.11.jar:6.2.11]
	at org.springframework.beans.factory.support.DefaultListableBeanFactory.resolveNamedBean(DefaultListableBeanFactory.java:1539) ~[spring-beans-6.2.11.jar:6.2.11]
	at org.springframework.orm.jpa.support.PersistenceAnnotationBeanPostProcessor.findDefaultEntityManagerFactory(PersistenceAnnotationBeanPostProcessor.java:594) ~[spring-orm-6.2.11.jar:6.2.11]
	at org.springframework.orm.jpa.support.PersistenceAnnotationBeanPostProcessor.findEntityManagerFactory(PersistenceAnnotationBeanPostProcessor.java:558) ~[spring-orm-6.2.11.jar:6.2.11]
	at org.springframework.orm.jpa.support.PersistenceAnnotationBeanPostProcessor$PersistenceElement.resolveEntityManager(PersistenceAnnotationBeanPostProcessor.java:725) ~[spring-orm-6.2.11.jar:6.2.11]
	at org.springframework.orm.jpa.support.PersistenceAnnotationBeanPostProcessor$PersistenceElement.getResourceToInject(PersistenceAnnotationBeanPostProcessor.java:698) ~[spring-orm-6.2.11.jar:6.2.11]
	at org.springframework.beans.factory.annotation.InjectionMetadata$InjectedElement.inject(InjectionMetadata.java:272) ~[spring-beans-6.2.11.jar:6.2.11]
	at org.springframework.beans.factory.annotation.InjectionMetadata.inject(InjectionMetadata.java:146) ~[spring-beans-6.2.11.jar:6.2.11]
	at org.springframework.orm.jpa.support.PersistenceAnnotationBeanPostProcessor.postProcessProperties(PersistenceAnnotationBeanPostProcessor.java:386) ~[spring-orm-6.2.11.jar:6.2.11]
	at org.springframework.beans.factory.support.AbstractAutowireCapableBeanFactory.populateBean(AbstractAutowireCapableBeanFactory.java:1459) ~[spring-beans-6.2.11.jar:6.2.11]
	at org.springframework.beans.factory.support.AbstractAutowireCapableBeanFactory.doCreateBean(AbstractAutowireCapableBeanFactory.java:606) ~[spring-beans-6.2.11.jar:6.2.11]
	at org.springframework.beans.factory.support.AbstractAutowireCapableBeanFactory.createBean(AbstractAutowireCapableBeanFactory.java:529) ~[spring-beans-6.2.11.jar:6.2.11]
	at org.springframework.beans.factory.support.AbstractBeanFactory.lambda$doGetBean$0(AbstractBeanFactory.java:339) ~[spring-beans-6.2.11.jar:6.2.11]
	at org.springframework.beans.factory.support.DefaultSingletonBeanRegistry.getSingleton(DefaultSingletonBeanRegistry.java:373) ~[spring-beans-6.2.11.jar:6.2.11]
	at org.springframework.beans.factory.support.AbstractBeanFactory.doGetBean(AbstractBeanFactory.java:337) ~[spring-beans-6.2.11.jar:6.2.11]
	at org.springframework.beans.factory.support.AbstractBeanFactory.getBean(AbstractBeanFactory.java:202) ~[spring-beans-6.2.11.jar:6.2.11]
	at org.springframework.beans.factory.support.DefaultListableBeanFactory.doResolveDependency(DefaultListableBeanFactory.java:1698) ~[spring-beans-6.2.11.jar:6.2.11]
	at org.springframework.beans.factory.support.DefaultListableBeanFactory.resolveDependency(DefaultListableBeanFactory.java:1643) ~[spring-beans-6.2.11.jar:6.2.11]
	at org.springframework.beans.factory.annotation.AutowiredAnnotationBeanPostProcessor$AutowiredFieldElement.resolveFieldValue(AutowiredAnnotationBeanPostProcessor.java:785) ~[spring-beans-6.2.11.jar:6.2.11]
	at org.springframework.beans.factory.annotation.AutowiredAnnotationBeanPostProcessor$AutowiredFieldElement.inject(AutowiredAnnotationBeanPostProcessor.java:768) ~[spring-beans-6.2.11.jar:6.2.11]
	at org.springframework.beans.factory.annotation.InjectionMetadata.inject(InjectionMetadata.java:146) ~[spring-beans-6.2.11.jar:6.2.11]
	at org.springframework.beans.factory.annotation.AutowiredAnnotationBeanPostProcessor.postProcessProperties(AutowiredAnnotationBeanPostProcessor.java:509) ~[spring-beans-6.2.11.jar:6.2.11]
	at org.springframework.beans.factory.support.AbstractAutowireCapableBeanFactory.populateBean(AbstractAutowireCapableBeanFactory.java:1459) ~[spring-beans-6.2.11.jar:6.2.11]
	at org.springframework.beans.factory.support.AbstractAutowireCapableBeanFactory.doCreateBean(AbstractAutowireCapableBeanFactory.java:606) ~[spring-beans-6.2.11.jar:6.2.11]
	at org.springframework.beans.factory.support.AbstractAutowireCapableBeanFactory.createBean(AbstractAutowireCapableBeanFactory.java:529) ~[spring-beans-6.2.11.jar:6.2.11]
	at org.springframework.beans.factory.support.AbstractBeanFactory.lambda$doGetBean$0(AbstractBeanFactory.java:339) ~[spring-beans-6.2.11.jar:6.2.11]
	at org.springframework.beans.factory.support.DefaultSingletonBeanRegistry.getSingleton(DefaultSingletonBeanRegistry.java:373) ~[spring-beans-6.2.11.jar:6.2.11]
	at org.springframework.beans.factory.support.AbstractBeanFactory.doGetBean(AbstractBeanFactory.java:337) ~[spring-beans-6.2.11.jar:6.2.11]
	at org.springframework.beans.factory.support.AbstractBeanFactory.getBean(AbstractBeanFactory.java:202) ~[spring-beans-6.2.11.jar:6.2.11]
	at org.springframework.beans.factory.config.DependencyDescriptor.resolveCandidate(DependencyDescriptor.java:254) ~[spring-beans-6.2.11.jar:6.2.11]
	at org.springframework.beans.factory.support.DefaultListableBeanFactory.doResolveDependency(DefaultListableBeanFactory.java:1760) ~[spring-beans-6.2.11.jar:6.2.11]
	at org.springframework.beans.factory.support.DefaultListableBeanFactory.resolveDependency(DefaultListableBeanFactory.java:1643) ~[spring-beans-6.2.11.jar:6.2.11]
	at org.springframework.beans.factory.annotation.AutowiredAnnotationBeanPostProcessor$AutowiredFieldElement.resolveFieldValue(AutowiredAnnotationBeanPostProcessor.java:785) ~[spring-beans-6.2.11.jar:6.2.11]
	at org.springframework.beans.factory.annotation.AutowiredAnnotationBeanPostProcessor$AutowiredFieldElement.inject(AutowiredAnnotationBeanPostProcessor.java:768) ~[spring-beans-6.2.11.jar:6.2.11]
	at org.springframework.beans.factory.annotation.InjectionMetadata.inject(InjectionMetadata.java:146) ~[spring-beans-6.2.11.jar:6.2.11]
	at org.springframework.beans.factory.annotation.AutowiredAnnotationBeanPostProcessor.postProcessProperties(AutowiredAnnotationBeanPostProcessor.java:509) ~[spring-beans-6.2.11.jar:6.2.11]
	at org.springframework.beans.factory.support.AbstractAutowireCapableBeanFactory.populateBean(AbstractAutowireCapableBeanFactory.java:1459) ~[spring-beans-6.2.11.jar:6.2.11]
	at org.springframework.beans.factory.support.AbstractAutowireCapableBeanFactory.doCreateBean(AbstractAutowireCapableBeanFactory.java:606) ~[spring-beans-6.2.11.jar:6.2.11]
	at org.springframework.beans.factory.support.AbstractAutowireCapableBeanFactory.createBean(AbstractAutowireCapableBeanFactory.java:529) ~[spring-beans-6.2.11.jar:6.2.11]
	at org.springframework.beans.factory.support.AbstractBeanFactory.lambda$doGetBean$0(AbstractBeanFactory.java:339) ~[spring-beans-6.2.11.jar:6.2.11]
	at org.springframework.beans.factory.support.DefaultSingletonBeanRegistry.getSingleton(DefaultSingletonBeanRegistry.java:373) ~[spring-beans-6.2.11.jar:6.2.11]
	at org.springframework.beans.factory.support.AbstractBeanFactory.doGetBean(AbstractBeanFactory.java:337) ~[spring-beans-6.2.11.jar:6.2.11]
	at org.springframework.beans.factory.support.AbstractBeanFactory.getBean(AbstractBeanFactory.java:202) ~[spring-beans-6.2.11.jar:6.2.11]
	at org.springframework.beans.factory.support.DefaultListableBeanFactory.doResolveDependency(DefaultListableBeanFactory.java:1698) ~[spring-beans-6.2.11.jar:6.2.11]
	at org.springframework.beans.factory.support.DefaultListableBeanFactory.resolveDependency(DefaultListableBeanFactory.java:1643) ~[spring-beans-6.2.11.jar:6.2.11]
	at org.springframework.beans.factory.support.ConstructorResolver.resolveAutowiredArgument(ConstructorResolver.java:913) ~[spring-beans-6.2.11.jar:6.2.11]
	at org.springframework.beans.factory.support.ConstructorResolver.createArgumentArray(ConstructorResolver.java:791) ~[spring-beans-6.2.11.jar:6.2.11]
	at org.springframework.beans.factory.support.ConstructorResolver.autowireConstructor(ConstructorResolver.java:240) ~[spring-beans-6.2.11.jar:6.2.11]
	at org.springframework.beans.factory.support.AbstractAutowireCapableBeanFactory.autowireConstructor(AbstractAutowireCapableBeanFactory.java:1395) ~[spring-beans-6.2.11.jar:6.2.11]
	at org.springframework.beans.factory.support.AbstractAutowireCapableBeanFactory.createBeanInstance(AbstractAutowireCapableBeanFactory.java:1232) ~[spring-beans-6.2.11.jar:6.2.11]
	at org.springframework.beans.factory.support.AbstractAutowireCapableBeanFactory.doCreateBean(AbstractAutowireCapableBeanFactory.java:569) ~[spring-beans-6.2.11.jar:6.2.11]
	at org.springframework.beans.factory.support.AbstractAutowireCapableBeanFactory.createBean(AbstractAutowireCapableBeanFactory.java:529) ~[spring-beans-6.2.11.jar:6.2.11]
	at org.springframework.beans.factory.support.AbstractBeanFactory.lambda$doGetBean$0(AbstractBeanFactory.java:339) ~[spring-beans-6.2.11.jar:6.2.11]
	at org.springframework.beans.factory.support.DefaultSingletonBeanRegistry.getSingleton(DefaultSingletonBeanRegistry.java:373) ~[spring-beans-6.2.11.jar:6.2.11]
	at org.springframework.beans.factory.support.AbstractBeanFactory.doGetBean(AbstractBeanFactory.java:337) ~[spring-beans-6.2.11.jar:6.2.11]
	at org.springframework.beans.factory.support.AbstractBeanFactory.getBean(AbstractBeanFactory.java:207) ~[spring-beans-6.2.11.jar:6.2.11]
	at org.springframework.boot.web.servlet.ServletContextInitializerBeans.getOrderedBeansOfType(ServletContextInitializerBeans.java:230) ~[spring-boot-3.5.7.jar:3.5.7]
	at org.springframework.boot.web.servlet.ServletContextInitializerBeans.addAsRegistrationBean(ServletContextInitializerBeans.java:184) ~[spring-boot-3.5.7.jar:3.5.7]
	at org.springframework.boot.web.servlet.ServletContextInitializerBeans.addAsRegistrationBean(ServletContextInitializerBeans.java:179) ~[spring-boot-3.5.7.jar:3.5.7]
	at org.springframework.boot.web.servlet.ServletContextInitializerBeans.addAdaptableBeans(ServletContextInitializerBeans.java:164) ~[spring-boot-3.5.7.jar:3.5.7]
	at org.springframework.boot.web.servlet.ServletContextInitializerBeans.<init>(ServletContextInitializerBeans.java:96) ~[spring-boot-3.5.7.jar:3.5.7]
	at org.springframework.boot.web.servlet.context.ServletWebServerApplicationContext.getServletContextInitializerBeans(ServletWebServerApplicationContext.java:271) ~[spring-boot-3.5.7.jar:3.5.7]
	at org.springframework.boot.web.servlet.context.ServletWebServerApplicationContext.selfInitialize(ServletWebServerApplicationContext.java:245) ~[spring-boot-3.5.7.jar:3.5.7]
	at org.springframework.boot.web.embedded.tomcat.TomcatStarter.onStartup(TomcatStarter.java:52) ~[spring-boot-3.5.7.jar:3.5.7]
	at org.apache.catalina.core.StandardContext.startInternal(StandardContext.java:4452) ~[tomcat-embed-core-10.1.50.jar:10.1.50]
	at org.apache.catalina.util.LifecycleBase.start(LifecycleBase.java:164) ~[tomcat-embed-core-10.1.50.jar:10.1.50]
	at org.apache.catalina.core.ContainerBase$StartChild.call(ContainerBase.java:1201) ~[tomcat-embed-core-10.1.50.jar:10.1.50]
	at org.apache.catalina.core.ContainerBase$StartChild.call(ContainerBase.java:1191) ~[tomcat-embed-core-10.1.50.jar:10.1.50]
	at java.base/java.util.concurrent.FutureTask.run(FutureTask.java:317) ~[na:na]
	at org.apache.tomcat.util.threads.InlineExecutorService.execute(InlineExecutorService.java:81) ~[tomcat-embed-core-10.1.50.jar:10.1.50]
	at java.base/java.util.concurrent.AbstractExecutorService.submit(AbstractExecutorService.java:145) ~[na:na]
	at org.apache.catalina.core.ContainerBase.startInternal(ContainerBase.java:747) ~[tomcat-embed-core-10.1.50.jar:10.1.50]
	at org.apache.catalina.core.StandardHost.startInternal(StandardHost.java:783) ~[tomcat-embed-core-10.1.50.jar:10.1.50]
	at org.apache.catalina.util.LifecycleBase.start(LifecycleBase.java:164) ~[tomcat-embed-core-10.1.50.jar:10.1.50]
	at org.apache.catalina.core.ContainerBase$StartChild.call(ContainerBase.java:1201) ~[tomcat-embed-core-10.1.50.jar:10.1.50]
	at org.apache.catalina.core.ContainerBase$StartChild.call(ContainerBase.java:1191) ~[tomcat-embed-core-10.1.50.jar:10.1.50]
	at java.base/java.util.concurrent.FutureTask.run(FutureTask.java:317) ~[na:na]
	at org.apache.tomcat.util.threads.InlineExecutorService.execute(InlineExecutorService.java:81) ~[tomcat-embed-core-10.1.50.jar:10.1.50]
	at java.base/java.util.concurrent.AbstractExecutorService.submit(AbstractExecutorService.java:145) ~[na:na]
	at org.apache.catalina.core.ContainerBase.startInternal(ContainerBase.java:747) ~[tomcat-embed-core-10.1.50.jar:10.1.50]
	at org.apache.catalina.core.StandardEngine.startInternal(StandardEngine.java:201) ~[tomcat-embed-core-10.1.50.jar:10.1.50]
	at org.apache.catalina.util.LifecycleBase.start(LifecycleBase.java:164) ~[tomcat-embed-core-10.1.50.jar:10.1.50]
	at org.apache.catalina.core.StandardService.startInternal(StandardService.java:410) ~[tomcat-embed-core-10.1.50.jar:10.1.50]
	at org.apache.catalina.util.LifecycleBase.start(LifecycleBase.java:164) ~[tomcat-embed-core-10.1.50.jar:10.1.50]
	at org.apache.catalina.core.StandardServer.startInternal(StandardServer.java:868) ~[tomcat-embed-core-10.1.50.jar:10.1.50]
	at org.apache.catalina.util.LifecycleBase.start(LifecycleBase.java:164) ~[tomcat-embed-core-10.1.50.jar:10.1.50]
	at org.apache.catalina.startup.Tomcat.start(Tomcat.java:436) ~[tomcat-embed-core-10.1.50.jar:10.1.50]
	at org.springframework.boot.web.embedded.tomcat.TomcatWebServer.initialize(TomcatWebServer.java:128) ~[spring-boot-3.5.7.jar:3.5.7]
	at org.springframework.boot.web.embedded.tomcat.TomcatWebServer.<init>(TomcatWebServer.java:107) ~[spring-boot-3.5.7.jar:3.5.7]
	at org.springframework.boot.web.embedded.tomcat.TomcatServletWebServerFactory.getTomcatWebServer(TomcatServletWebServerFactory.java:517) ~[spring-boot-3.5.7.jar:3.5.7]
	at org.springframework.boot.web.embedded.tomcat.TomcatServletWebServerFactory.getWebServer(TomcatServletWebServerFactory.java:219) ~[spring-boot-3.5.7.jar:3.5.7]
	at org.springframework.boot.web.servlet.context.ServletWebServerApplicationContext.createWebServer(ServletWebServerApplicationContext.java:193) ~[spring-boot-3.5.7.jar:3.5.7]
	at org.springframework.boot.web.servlet.context.ServletWebServerApplicationContext.onRefresh(ServletWebServerApplicationContext.java:167) ~[spring-boot-3.5.7.jar:3.5.7]
	at org.springframework.context.support.AbstractApplicationContext.refresh(AbstractApplicationContext.java:621) ~[spring-context-6.2.11.jar:6.2.11]
	at org.springframework.boot.web.servlet.context.ServletWebServerApplicationContext.refresh(ServletWebServerApplicationContext.java:146) ~[spring-boot-3.5.7.jar:3.5.7]
	at org.springframework.boot.SpringApplication.refresh(SpringApplication.java:752) ~[spring-boot-3.5.7.jar:3.5.7]
	at org.springframework.boot.SpringApplication.refreshContext(SpringApplication.java:439) ~[spring-boot-3.5.7.jar:3.5.7]
	at org.springframework.boot.SpringApplication.run(SpringApplication.java:318) ~[spring-boot-3.5.7.jar:3.5.7]
	at org.springframework.boot.SpringApplication.run(SpringApplication.java:1361) ~[spring-boot-3.5.7.jar:3.5.7]
	at org.springframework.boot.SpringApplication.run(SpringApplication.java:1350) ~[spring-boot-3.5.7.jar:3.5.7]
	at onified.ai.identity.UserManagementApplication.main(UserManagementApplication.java:61) ~[main/:na]
Caused by: org.postgresql.util.PSQLException: ERROR: check constraint "sso_session_session_type_check" already exists
	at org.postgresql.core.v3.QueryExecutorImpl.receiveErrorResponse(QueryExecutorImpl.java:2736) ~[postgresql-42.7.8.jar:42.7.8]
	at org.postgresql.core.v3.QueryExecutorImpl.processResults(QueryExecutorImpl.java:2421) ~[postgresql-42.7.8.jar:42.7.8]
	at org.postgresql.core.v3.QueryExecutorImpl.execute(QueryExecutorImpl.java:372) ~[postgresql-42.7.8.jar:42.7.8]
	at org.postgresql.jdbc.PgStatement.executeInternal(PgStatement.java:525) ~[postgresql-42.7.8.jar:42.7.8]
	at org.postgresql.jdbc.PgStatement.execute(PgStatement.java:435) ~[postgresql-42.7.8.jar:42.7.8]
	at org.postgresql.jdbc.PgStatement.executeWithFlags(PgStatement.java:357) ~[postgresql-42.7.8.jar:42.7.8]
	at org.postgresql.jdbc.PgStatement.executeCachedSql(PgStatement.java:342) ~[postgresql-42.7.8.jar:42.7.8]
	at org.postgresql.jdbc.PgStatement.executeWithFlags(PgStatement.java:318) ~[postgresql-42.7.8.jar:42.7.8]
	at org.postgresql.jdbc.PgStatement.execute(PgStatement.java:313) ~[postgresql-42.7.8.jar:42.7.8]
	at com.zaxxer.hikari.pool.ProxyStatement.execute(ProxyStatement.java:95) ~[HikariCP-6.3.3.jar:na]
	at com.zaxxer.hikari.pool.HikariProxyStatement.execute(HikariProxyStatement.java) ~[HikariCP-6.3.3.jar:na]
	at org.hibernate.tool.schema.internal.exec.GenerationTargetToDatabase.accept(GenerationTargetToDatabase.java:80) ~[hibernate-core-6.6.33.Final.jar:6.6.33.Final]
	... 130 common frames omitted

2026-08-14T14:50:39.875+05:30  WARN 28548 --- [           main] o.h.t.s.i.ExceptionHandlerLoggedImpl     : GenerationTarget encountered exception accepting command : Error executing DDL "create table iam.sso_user_link (id uuid not null, created_at timestamp(6) with time zone not null, created_by uuid, deleted_at timestamp(6) with time zone, deleted_by uuid, is_active boolean not null, public_id varchar(50) not null, updated_at timestamp(6) with time zone, updated_by uuid, code varchar(50), first_login_at timestamp(6), idp_attributes jsonb, idp_display_name varchar(300), idp_email varchar(320), idp_user_id varchar(500) not null, internal_user_id uuid not null, last_login_at timestamp(6), link_method varchar(20) not null check (link_method in ('AUTO_EMAIL','MANUAL','ADMIN')), login_count integer default 0 not null, provider_user_id varchar(500), tenant_id uuid not null, connection_id uuid not null, primary key (id), constraint sso_user_link_link_method_check check (link_method::text = ANY (ARRAY['AUTO_EMAIL'::character varying, 'MANUAL'::character varying, 'ADMIN'::character varying]::text[])))" via JDBC [ERROR: check constraint "sso_user_link_link_method_check" already exists]

org.hibernate.tool.schema.spi.CommandAcceptanceException: Error executing DDL "create table iam.sso_user_link (id uuid not null, created_at timestamp(6) with time zone not null, created_by uuid, deleted_at timestamp(6) with time zone, deleted_by uuid, is_active boolean not null, public_id varchar(50) not null, updated_at timestamp(6) with time zone, updated_by uuid, code varchar(50), first_login_at timestamp(6), idp_attributes jsonb, idp_display_name varchar(300), idp_email varchar(320), idp_user_id varchar(500) not null, internal_user_id uuid not null, last_login_at timestamp(6), link_method varchar(20) not null check (link_method in ('AUTO_EMAIL','MANUAL','ADMIN')), login_count integer default 0 not null, provider_user_id varchar(500), tenant_id uuid not null, connection_id uuid not null, primary key (id), constraint sso_user_link_link_method_check check (link_method::text = ANY (ARRAY['AUTO_EMAIL'::character varying, 'MANUAL'::character varying, 'ADMIN'::character varying]::text[])))" via JDBC [ERROR: check constraint "sso_user_link_link_method_check" already exists]
	at org.hibernate.tool.schema.internal.exec.GenerationTargetToDatabase.accept(GenerationTargetToDatabase.java:94) ~[hibernate-core-6.6.33.Final.jar:6.6.33.Final]
	at org.hibernate.tool.schema.internal.AbstractSchemaMigrator.applySqlString(AbstractSchemaMigrator.java:576) ~[hibernate-core-6.6.33.Final.jar:6.6.33.Final]
	at org.hibernate.tool.schema.internal.AbstractSchemaMigrator.applySqlStrings(AbstractSchemaMigrator.java:516) ~[hibernate-core-6.6.33.Final.jar:6.6.33.Final]
	at org.hibernate.tool.schema.internal.AbstractSchemaMigrator.createTable(AbstractSchemaMigrator.java:316) ~[hibernate-core-6.6.33.Final.jar:6.6.33.Final]
	at org.hibernate.tool.schema.internal.GroupedSchemaMigratorImpl.performTablesMigration(GroupedSchemaMigratorImpl.java:80) ~[hibernate-core-6.6.33.Final.jar:6.6.33.Final]
	at org.hibernate.tool.schema.internal.AbstractSchemaMigrator.performMigration(AbstractSchemaMigrator.java:233) ~[hibernate-core-6.6.33.Final.jar:6.6.33.Final]
	at org.hibernate.tool.schema.internal.AbstractSchemaMigrator.doMigration(AbstractSchemaMigrator.java:112) ~[hibernate-core-6.6.33.Final.jar:6.6.33.Final]
	at org.hibernate.tool.schema.spi.SchemaManagementToolCoordinator.performDatabaseAction(SchemaManagementToolCoordinator.java:280) ~[hibernate-core-6.6.33.Final.jar:6.6.33.Final]
	at org.hibernate.tool.schema.spi.SchemaManagementToolCoordinator.lambda$process$5(SchemaManagementToolCoordinator.java:144) ~[hibernate-core-6.6.33.Final.jar:6.6.33.Final]
	at java.base/java.util.HashMap.forEach(HashMap.java:1429) ~[na:na]
	at org.hibernate.tool.schema.spi.SchemaManagementToolCoordinator.process(SchemaManagementToolCoordinator.java:141) ~[hibernate-core-6.6.33.Final.jar:6.6.33.Final]
	at org.hibernate.boot.internal.SessionFactoryObserverForSchemaExport.sessionFactoryCreated(SessionFactoryObserverForSchemaExport.java:37) ~[hibernate-core-6.6.33.Final.jar:6.6.33.Final]
	at org.hibernate.internal.SessionFactoryObserverChain.sessionFactoryCreated(SessionFactoryObserverChain.java:35) ~[hibernate-core-6.6.33.Final.jar:6.6.33.Final]
	at org.hibernate.internal.SessionFactoryImpl.<init>(SessionFactoryImpl.java:324) ~[hibernate-core-6.6.33.Final.jar:6.6.33.Final]
	at org.hibernate.boot.internal.SessionFactoryBuilderImpl.build(SessionFactoryBuilderImpl.java:463) ~[hibernate-core-6.6.33.Final.jar:6.6.33.Final]
	at org.hibernate.jpa.boot.internal.EntityManagerFactoryBuilderImpl.build(EntityManagerFactoryBuilderImpl.java:1517) ~[hibernate-core-6.6.33.Final.jar:6.6.33.Final]
	at org.springframework.orm.jpa.vendor.SpringHibernateJpaPersistenceProvider.createContainerEntityManagerFactory(SpringHibernateJpaPersistenceProvider.java:66) ~[spring-orm-6.2.11.jar:6.2.11]
	at org.springframework.orm.jpa.LocalContainerEntityManagerFactoryBean.createNativeEntityManagerFactory(LocalContainerEntityManagerFactoryBean.java:390) ~[spring-orm-6.2.11.jar:6.2.11]
	at org.springframework.orm.jpa.AbstractEntityManagerFactoryBean.buildNativeEntityManagerFactory(AbstractEntityManagerFactoryBean.java:419) ~[spring-orm-6.2.11.jar:6.2.11]
	at org.springframework.orm.jpa.AbstractEntityManagerFactoryBean.afterPropertiesSet(AbstractEntityManagerFactoryBean.java:400) ~[spring-orm-6.2.11.jar:6.2.11]
	at org.springframework.orm.jpa.LocalContainerEntityManagerFactoryBean.afterPropertiesSet(LocalContainerEntityManagerFactoryBean.java:366) ~[spring-orm-6.2.11.jar:6.2.11]
	at org.springframework.beans.factory.support.AbstractAutowireCapableBeanFactory.invokeInitMethods(AbstractAutowireCapableBeanFactory.java:1873) ~[spring-beans-6.2.11.jar:6.2.11]
	at org.springframework.beans.factory.support.AbstractAutowireCapableBeanFactory.initializeBean(AbstractAutowireCapableBeanFactory.java:1822) ~[spring-beans-6.2.11.jar:6.2.11]
	at org.springframework.beans.factory.support.AbstractAutowireCapableBeanFactory.doCreateBean(AbstractAutowireCapableBeanFactory.java:607) ~[spring-beans-6.2.11.jar:6.2.11]
	at org.springframework.beans.factory.support.AbstractAutowireCapableBeanFactory.createBean(AbstractAutowireCapableBeanFactory.java:529) ~[spring-beans-6.2.11.jar:6.2.11]
	at org.springframework.beans.factory.support.AbstractBeanFactory.lambda$doGetBean$0(AbstractBeanFactory.java:339) ~[spring-beans-6.2.11.jar:6.2.11]
	at org.springframework.beans.factory.support.DefaultSingletonBeanRegistry.getSingleton(DefaultSingletonBeanRegistry.java:373) ~[spring-beans-6.2.11.jar:6.2.11]
	at org.springframework.beans.factory.support.AbstractBeanFactory.doGetBean(AbstractBeanFactory.java:337) ~[spring-beans-6.2.11.jar:6.2.11]
	at org.springframework.beans.factory.support.AbstractBeanFactory.getBean(AbstractBeanFactory.java:227) ~[spring-beans-6.2.11.jar:6.2.11]
	at org.springframework.beans.factory.support.DefaultListableBeanFactory.resolveNamedBean(DefaultListableBeanFactory.java:1613) ~[spring-beans-6.2.11.jar:6.2.11]
	at org.springframework.beans.factory.support.DefaultListableBeanFactory.resolveNamedBean(DefaultListableBeanFactory.java:1571) ~[spring-beans-6.2.11.jar:6.2.11]
	at org.springframework.beans.factory.support.DefaultListableBeanFactory.resolveNamedBean(DefaultListableBeanFactory.java:1539) ~[spring-beans-6.2.11.jar:6.2.11]
	at org.springframework.orm.jpa.support.PersistenceAnnotationBeanPostProcessor.findDefaultEntityManagerFactory(PersistenceAnnotationBeanPostProcessor.java:594) ~[spring-orm-6.2.11.jar:6.2.11]
	at org.springframework.orm.jpa.support.PersistenceAnnotationBeanPostProcessor.findEntityManagerFactory(PersistenceAnnotationBeanPostProcessor.java:558) ~[spring-orm-6.2.11.jar:6.2.11]
	at org.springframework.orm.jpa.support.PersistenceAnnotationBeanPostProcessor$PersistenceElement.resolveEntityManager(PersistenceAnnotationBeanPostProcessor.java:725) ~[spring-orm-6.2.11.jar:6.2.11]
	at org.springframework.orm.jpa.support.PersistenceAnnotationBeanPostProcessor$PersistenceElement.getResourceToInject(PersistenceAnnotationBeanPostProcessor.java:698) ~[spring-orm-6.2.11.jar:6.2.11]
	at org.springframework.beans.factory.annotation.InjectionMetadata$InjectedElement.inject(InjectionMetadata.java:272) ~[spring-beans-6.2.11.jar:6.2.11]
	at org.springframework.beans.factory.annotation.InjectionMetadata.inject(InjectionMetadata.java:146) ~[spring-beans-6.2.11.jar:6.2.11]
	at org.springframework.orm.jpa.support.PersistenceAnnotationBeanPostProcessor.postProcessProperties(PersistenceAnnotationBeanPostProcessor.java:386) ~[spring-orm-6.2.11.jar:6.2.11]
	at org.springframework.beans.factory.support.AbstractAutowireCapableBeanFactory.populateBean(AbstractAutowireCapableBeanFactory.java:1459) ~[spring-beans-6.2.11.jar:6.2.11]
	at org.springframework.beans.factory.support.AbstractAutowireCapableBeanFactory.doCreateBean(AbstractAutowireCapableBeanFactory.java:606) ~[spring-beans-6.2.11.jar:6.2.11]
	at org.springframework.beans.factory.support.AbstractAutowireCapableBeanFactory.createBean(AbstractAutowireCapableBeanFactory.java:529) ~[spring-beans-6.2.11.jar:6.2.11]
	at org.springframework.beans.factory.support.AbstractBeanFactory.lambda$doGetBean$0(AbstractBeanFactory.java:339) ~[spring-beans-6.2.11.jar:6.2.11]
	at org.springframework.beans.factory.support.DefaultSingletonBeanRegistry.getSingleton(DefaultSingletonBeanRegistry.java:373) ~[spring-beans-6.2.11.jar:6.2.11]
	at org.springframework.beans.factory.support.AbstractBeanFactory.doGetBean(AbstractBeanFactory.java:337) ~[spring-beans-6.2.11.jar:6.2.11]
	at org.springframework.beans.factory.support.AbstractBeanFactory.getBean(AbstractBeanFactory.java:202) ~[spring-beans-6.2.11.jar:6.2.11]
	at org.springframework.beans.factory.support.DefaultListableBeanFactory.doResolveDependency(DefaultListableBeanFactory.java:1698) ~[spring-beans-6.2.11.jar:6.2.11]
	at org.springframework.beans.factory.support.DefaultListableBeanFactory.resolveDependency(DefaultListableBeanFactory.java:1643) ~[spring-beans-6.2.11.jar:6.2.11]
	at org.springframework.beans.factory.annotation.AutowiredAnnotationBeanPostProcessor$AutowiredFieldElement.resolveFieldValue(AutowiredAnnotationBeanPostProcessor.java:785) ~[spring-beans-6.2.11.jar:6.2.11]
	at org.springframework.beans.factory.annotation.AutowiredAnnotationBeanPostProcessor$AutowiredFieldElement.inject(AutowiredAnnotationBeanPostProcessor.java:768) ~[spring-beans-6.2.11.jar:6.2.11]
	at org.springframework.beans.factory.annotation.InjectionMetadata.inject(InjectionMetadata.java:146) ~[spring-beans-6.2.11.jar:6.2.11]
	at org.springframework.beans.factory.annotation.AutowiredAnnotationBeanPostProcessor.postProcessProperties(AutowiredAnnotationBeanPostProcessor.java:509) ~[spring-beans-6.2.11.jar:6.2.11]
	at org.springframework.beans.factory.support.AbstractAutowireCapableBeanFactory.populateBean(AbstractAutowireCapableBeanFactory.java:1459) ~[spring-beans-6.2.11.jar:6.2.11]
	at org.springframework.beans.factory.support.AbstractAutowireCapableBeanFactory.doCreateBean(AbstractAutowireCapableBeanFactory.java:606) ~[spring-beans-6.2.11.jar:6.2.11]
	at org.springframework.beans.factory.support.AbstractAutowireCapableBeanFactory.createBean(AbstractAutowireCapableBeanFactory.java:529) ~[spring-beans-6.2.11.jar:6.2.11]
	at org.springframework.beans.factory.support.AbstractBeanFactory.lambda$doGetBean$0(AbstractBeanFactory.java:339) ~[spring-beans-6.2.11.jar:6.2.11]
	at org.springframework.beans.factory.support.DefaultSingletonBeanRegistry.getSingleton(DefaultSingletonBeanRegistry.java:373) ~[spring-beans-6.2.11.jar:6.2.11]
	at org.springframework.beans.factory.support.AbstractBeanFactory.doGetBean(AbstractBeanFactory.java:337) ~[spring-beans-6.2.11.jar:6.2.11]
	at org.springframework.beans.factory.support.AbstractBeanFactory.getBean(AbstractBeanFactory.java:202) ~[spring-beans-6.2.11.jar:6.2.11]
	at org.springframework.beans.factory.config.DependencyDescriptor.resolveCandidate(DependencyDescriptor.java:254) ~[spring-beans-6.2.11.jar:6.2.11]
	at org.springframework.beans.factory.support.DefaultListableBeanFactory.doResolveDependency(DefaultListableBeanFactory.java:1760) ~[spring-beans-6.2.11.jar:6.2.11]
	at org.springframework.beans.factory.support.DefaultListableBeanFactory.resolveDependency(DefaultListableBeanFactory.java:1643) ~[spring-beans-6.2.11.jar:6.2.11]
	at org.springframework.beans.factory.annotation.AutowiredAnnotationBeanPostProcessor$AutowiredFieldElement.resolveFieldValue(AutowiredAnnotationBeanPostProcessor.java:785) ~[spring-beans-6.2.11.jar:6.2.11]
	at org.springframework.beans.factory.annotation.AutowiredAnnotationBeanPostProcessor$AutowiredFieldElement.inject(AutowiredAnnotationBeanPostProcessor.java:768) ~[spring-beans-6.2.11.jar:6.2.11]
	at org.springframework.beans.factory.annotation.InjectionMetadata.inject(InjectionMetadata.java:146) ~[spring-beans-6.2.11.jar:6.2.11]
	at org.springframework.beans.factory.annotation.AutowiredAnnotationBeanPostProcessor.postProcessProperties(AutowiredAnnotationBeanPostProcessor.java:509) ~[spring-beans-6.2.11.jar:6.2.11]
	at org.springframework.beans.factory.support.AbstractAutowireCapableBeanFactory.populateBean(AbstractAutowireCapableBeanFactory.java:1459) ~[spring-beans-6.2.11.jar:6.2.11]
	at org.springframework.beans.factory.support.AbstractAutowireCapableBeanFactory.doCreateBean(AbstractAutowireCapableBeanFactory.java:606) ~[spring-beans-6.2.11.jar:6.2.11]
	at org.springframework.beans.factory.support.AbstractAutowireCapableBeanFactory.createBean(AbstractAutowireCapableBeanFactory.java:529) ~[spring-beans-6.2.11.jar:6.2.11]
	at org.springframework.beans.factory.support.AbstractBeanFactory.lambda$doGetBean$0(AbstractBeanFactory.java:339) ~[spring-beans-6.2.11.jar:6.2.11]
	at org.springframework.beans.factory.support.DefaultSingletonBeanRegistry.getSingleton(DefaultSingletonBeanRegistry.java:373) ~[spring-beans-6.2.11.jar:6.2.11]
	at org.springframework.beans.factory.support.AbstractBeanFactory.doGetBean(AbstractBeanFactory.java:337) ~[spring-beans-6.2.11.jar:6.2.11]
	at org.springframework.beans.factory.support.AbstractBeanFactory.getBean(AbstractBeanFactory.java:202) ~[spring-beans-6.2.11.jar:6.2.11]
	at org.springframework.beans.factory.support.DefaultListableBeanFactory.doResolveDependency(DefaultListableBeanFactory.java:1698) ~[spring-beans-6.2.11.jar:6.2.11]
	at org.springframework.beans.factory.support.DefaultListableBeanFactory.resolveDependency(DefaultListableBeanFactory.java:1643) ~[spring-beans-6.2.11.jar:6.2.11]
	at org.springframework.beans.factory.support.ConstructorResolver.resolveAutowiredArgument(ConstructorResolver.java:913) ~[spring-beans-6.2.11.jar:6.2.11]
	at org.springframework.beans.factory.support.ConstructorResolver.createArgumentArray(ConstructorResolver.java:791) ~[spring-beans-6.2.11.jar:6.2.11]
	at org.springframework.beans.factory.support.ConstructorResolver.autowireConstructor(ConstructorResolver.java:240) ~[spring-beans-6.2.11.jar:6.2.11]
	at org.springframework.beans.factory.support.AbstractAutowireCapableBeanFactory.autowireConstructor(AbstractAutowireCapableBeanFactory.java:1395) ~[spring-beans-6.2.11.jar:6.2.11]
	at org.springframework.beans.factory.support.AbstractAutowireCapableBeanFactory.createBeanInstance(AbstractAutowireCapableBeanFactory.java:1232) ~[spring-beans-6.2.11.jar:6.2.11]
	at org.springframework.beans.factory.support.AbstractAutowireCapableBeanFactory.doCreateBean(AbstractAutowireCapableBeanFactory.java:569) ~[spring-beans-6.2.11.jar:6.2.11]
	at org.springframework.beans.factory.support.AbstractAutowireCapableBeanFactory.createBean(AbstractAutowireCapableBeanFactory.java:529) ~[spring-beans-6.2.11.jar:6.2.11]
	at org.springframework.beans.factory.support.AbstractBeanFactory.lambda$doGetBean$0(AbstractBeanFactory.java:339) ~[spring-beans-6.2.11.jar:6.2.11]
	at org.springframework.beans.factory.support.DefaultSingletonBeanRegistry.getSingleton(DefaultSingletonBeanRegistry.java:373) ~[spring-beans-6.2.11.jar:6.2.11]
	at org.springframework.beans.factory.support.AbstractBeanFactory.doGetBean(AbstractBeanFactory.java:337) ~[spring-beans-6.2.11.jar:6.2.11]
	at org.springframework.beans.factory.support.AbstractBeanFactory.getBean(AbstractBeanFactory.java:207) ~[spring-beans-6.2.11.jar:6.2.11]
	at org.springframework.boot.web.servlet.ServletContextInitializerBeans.getOrderedBeansOfType(ServletContextInitializerBeans.java:230) ~[spring-boot-3.5.7.jar:3.5.7]
	at org.springframework.boot.web.servlet.ServletContextInitializerBeans.addAsRegistrationBean(ServletContextInitializerBeans.java:184) ~[spring-boot-3.5.7.jar:3.5.7]
	at org.springframework.boot.web.servlet.ServletContextInitializerBeans.addAsRegistrationBean(ServletContextInitializerBeans.java:179) ~[spring-boot-3.5.7.jar:3.5.7]
	at org.springframework.boot.web.servlet.ServletContextInitializerBeans.addAdaptableBeans(ServletContextInitializerBeans.java:164) ~[spring-boot-3.5.7.jar:3.5.7]
	at org.springframework.boot.web.servlet.ServletContextInitializerBeans.<init>(ServletContextInitializerBeans.java:96) ~[spring-boot-3.5.7.jar:3.5.7]
	at org.springframework.boot.web.servlet.context.ServletWebServerApplicationContext.getServletContextInitializerBeans(ServletWebServerApplicationContext.java:271) ~[spring-boot-3.5.7.jar:3.5.7]
	at org.springframework.boot.web.servlet.context.ServletWebServerApplicationContext.selfInitialize(ServletWebServerApplicationContext.java:245) ~[spring-boot-3.5.7.jar:3.5.7]
	at org.springframework.boot.web.embedded.tomcat.TomcatStarter.onStartup(TomcatStarter.java:52) ~[spring-boot-3.5.7.jar:3.5.7]
	at org.apache.catalina.core.StandardContext.startInternal(StandardContext.java:4452) ~[tomcat-embed-core-10.1.50.jar:10.1.50]
	at org.apache.catalina.util.LifecycleBase.start(LifecycleBase.java:164) ~[tomcat-embed-core-10.1.50.jar:10.1.50]
	at org.apache.catalina.core.ContainerBase$StartChild.call(ContainerBase.java:1201) ~[tomcat-embed-core-10.1.50.jar:10.1.50]
	at org.apache.catalina.core.ContainerBase$StartChild.call(ContainerBase.java:1191) ~[tomcat-embed-core-10.1.50.jar:10.1.50]
	at java.base/java.util.concurrent.FutureTask.run(FutureTask.java:317) ~[na:na]
	at org.apache.tomcat.util.threads.InlineExecutorService.execute(InlineExecutorService.java:81) ~[tomcat-embed-core-10.1.50.jar:10.1.50]
	at java.base/java.util.concurrent.AbstractExecutorService.submit(AbstractExecutorService.java:145) ~[na:na]
	at org.apache.catalina.core.ContainerBase.startInternal(ContainerBase.java:747) ~[tomcat-embed-core-10.1.50.jar:10.1.50]
	at org.apache.catalina.core.StandardHost.startInternal(StandardHost.java:783) ~[tomcat-embed-core-10.1.50.jar:10.1.50]
	at org.apache.catalina.util.LifecycleBase.start(LifecycleBase.java:164) ~[tomcat-embed-core-10.1.50.jar:10.1.50]
	at org.apache.catalina.core.ContainerBase$StartChild.call(ContainerBase.java:1201) ~[tomcat-embed-core-10.1.50.jar:10.1.50]
	at org.apache.catalina.core.ContainerBase$StartChild.call(ContainerBase.java:1191) ~[tomcat-embed-core-10.1.50.jar:10.1.50]
	at java.base/java.util.concurrent.FutureTask.run(FutureTask.java:317) ~[na:na]
	at org.apache.tomcat.util.threads.InlineExecutorService.execute(InlineExecutorService.java:81) ~[tomcat-embed-core-10.1.50.jar:10.1.50]
	at java.base/java.util.concurrent.AbstractExecutorService.submit(AbstractExecutorService.java:145) ~[na:na]
	at org.apache.catalina.core.ContainerBase.startInternal(ContainerBase.java:747) ~[tomcat-embed-core-10.1.50.jar:10.1.50]
	at org.apache.catalina.core.StandardEngine.startInternal(StandardEngine.java:201) ~[tomcat-embed-core-10.1.50.jar:10.1.50]
	at org.apache.catalina.util.LifecycleBase.start(LifecycleBase.java:164) ~[tomcat-embed-core-10.1.50.jar:10.1.50]
	at org.apache.catalina.core.StandardService.startInternal(StandardService.java:410) ~[tomcat-embed-core-10.1.50.jar:10.1.50]
	at org.apache.catalina.util.LifecycleBase.start(LifecycleBase.java:164) ~[tomcat-embed-core-10.1.50.jar:10.1.50]
	at org.apache.catalina.core.StandardServer.startInternal(StandardServer.java:868) ~[tomcat-embed-core-10.1.50.jar:10.1.50]
	at org.apache.catalina.util.LifecycleBase.start(LifecycleBase.java:164) ~[tomcat-embed-core-10.1.50.jar:10.1.50]
	at org.apache.catalina.startup.Tomcat.start(Tomcat.java:436) ~[tomcat-embed-core-10.1.50.jar:10.1.50]
	at org.springframework.boot.web.embedded.tomcat.TomcatWebServer.initialize(TomcatWebServer.java:128) ~[spring-boot-3.5.7.jar:3.5.7]
	at org.springframework.boot.web.embedded.tomcat.TomcatWebServer.<init>(TomcatWebServer.java:107) ~[spring-boot-3.5.7.jar:3.5.7]
	at org.springframework.boot.web.embedded.tomcat.TomcatServletWebServerFactory.getTomcatWebServer(TomcatServletWebServerFactory.java:517) ~[spring-boot-3.5.7.jar:3.5.7]
	at org.springframework.boot.web.embedded.tomcat.TomcatServletWebServerFactory.getWebServer(TomcatServletWebServerFactory.java:219) ~[spring-boot-3.5.7.jar:3.5.7]
	at org.springframework.boot.web.servlet.context.ServletWebServerApplicationContext.createWebServer(ServletWebServerApplicationContext.java:193) ~[spring-boot-3.5.7.jar:3.5.7]
	at org.springframework.boot.web.servlet.context.ServletWebServerApplicationContext.onRefresh(ServletWebServerApplicationContext.java:167) ~[spring-boot-3.5.7.jar:3.5.7]
	at org.springframework.context.support.AbstractApplicationContext.refresh(AbstractApplicationContext.java:621) ~[spring-context-6.2.11.jar:6.2.11]
	at org.springframework.boot.web.servlet.context.ServletWebServerApplicationContext.refresh(ServletWebServerApplicationContext.java:146) ~[spring-boot-3.5.7.jar:3.5.7]
	at org.springframework.boot.SpringApplication.refresh(SpringApplication.java:752) ~[spring-boot-3.5.7.jar:3.5.7]
	at org.springframework.boot.SpringApplication.refreshContext(SpringApplication.java:439) ~[spring-boot-3.5.7.jar:3.5.7]
	at org.springframework.boot.SpringApplication.run(SpringApplication.java:318) ~[spring-boot-3.5.7.jar:3.5.7]
	at org.springframework.boot.SpringApplication.run(SpringApplication.java:1361) ~[spring-boot-3.5.7.jar:3.5.7]
	at org.springframework.boot.SpringApplication.run(SpringApplication.java:1350) ~[spring-boot-3.5.7.jar:3.5.7]
	at onified.ai.identity.UserManagementApplication.main(UserManagementApplication.java:61) ~[main/:na]
Caused by: org.postgresql.util.PSQLException: ERROR: check constraint "sso_user_link_link_method_check" already exists
	at org.postgresql.core.v3.QueryExecutorImpl.receiveErrorResponse(QueryExecutorImpl.java:2736) ~[postgresql-42.7.8.jar:42.7.8]
	at org.postgresql.core.v3.QueryExecutorImpl.processResults(QueryExecutorImpl.java:2421) ~[postgresql-42.7.8.jar:42.7.8]
	at org.postgresql.core.v3.QueryExecutorImpl.execute(QueryExecutorImpl.java:372) ~[postgresql-42.7.8.jar:42.7.8]
	at org.postgresql.jdbc.PgStatement.executeInternal(PgStatement.java:525) ~[postgresql-42.7.8.jar:42.7.8]
	at org.postgresql.jdbc.PgStatement.execute(PgStatement.java:435) ~[postgresql-42.7.8.jar:42.7.8]
	at org.postgresql.jdbc.PgStatement.executeWithFlags(PgStatement.java:357) ~[postgresql-42.7.8.jar:42.7.8]
	at org.postgresql.jdbc.PgStatement.executeCachedSql(PgStatement.java:342) ~[postgresql-42.7.8.jar:42.7.8]
	at org.postgresql.jdbc.PgStatement.executeWithFlags(PgStatement.java:318) ~[postgresql-42.7.8.jar:42.7.8]
	at org.postgresql.jdbc.PgStatement.execute(PgStatement.java:313) ~[postgresql-42.7.8.jar:42.7.8]
	at com.zaxxer.hikari.pool.ProxyStatement.execute(ProxyStatement.java:95) ~[HikariCP-6.3.3.jar:na]
	at com.zaxxer.hikari.pool.HikariProxyStatement.execute(HikariProxyStatement.java) ~[HikariCP-6.3.3.jar:na]
	at org.hibernate.tool.schema.internal.exec.GenerationTargetToDatabase.accept(GenerationTargetToDatabase.java:80) ~[hibernate-core-6.6.33.Final.jar:6.6.33.Final]
	... 130 common frames omitted

2026-08-14T14:50:40.113+05:30  WARN 28548 --- [ng-sdk-producer] org.apache.kafka.clients.NetworkClient   : [Producer clientId=logging-sdk-producer] Error connecting to node kafka:29092 (id: 1 rack: null)

java.net.UnknownHostException: kafka
	at java.base/java.net.InetAddress$CachedLookup.get(InetAddress.java:988) ~[na:na]
	at java.base/java.net.InetAddress.getAllByName0(InetAddress.java:1818) ~[na:na]
	at java.base/java.net.InetAddress.getAllByName(InetAddress.java:1688) ~[na:na]
	at org.apache.kafka.clients.DefaultHostResolver.resolve(DefaultHostResolver.java:27) ~[kafka-clients-3.9.1.jar:na]
	at org.apache.kafka.clients.ClientUtils.resolve(ClientUtils.java:125) ~[kafka-clients-3.9.1.jar:na]
	at org.apache.kafka.clients.ClusterConnectionStates$NodeConnectionState.resolveAddresses(ClusterConnectionStates.java:536) ~[kafka-clients-3.9.1.jar:na]
	at org.apache.kafka.clients.ClusterConnectionStates$NodeConnectionState.currentAddress(ClusterConnectionStates.java:511) ~[kafka-clients-3.9.1.jar:na]
	at org.apache.kafka.clients.ClusterConnectionStates$NodeConnectionState.access$200(ClusterConnectionStates.java:466) ~[kafka-clients-3.9.1.jar:na]
	at org.apache.kafka.clients.ClusterConnectionStates.currentAddress(ClusterConnectionStates.java:173) ~[kafka-clients-3.9.1.jar:na]
	at org.apache.kafka.clients.NetworkClient.initiateConnect(NetworkClient.java:1075) ~[kafka-clients-3.9.1.jar:na]
	at org.apache.kafka.clients.NetworkClient.access$800(NetworkClient.java:77) ~[kafka-clients-3.9.1.jar:na]
	at org.apache.kafka.clients.NetworkClient$DefaultMetadataUpdater.maybeUpdate(NetworkClient.java:1264) ~[kafka-clients-3.9.1.jar:na]
	at org.apache.kafka.clients.NetworkClient$DefaultMetadataUpdater.maybeUpdate(NetworkClient.java:1164) ~[kafka-clients-3.9.1.jar:na]
	at org.apache.kafka.clients.NetworkClient.poll(NetworkClient.java:593) ~[kafka-clients-3.9.1.jar:na]
	at org.apache.kafka.clients.NetworkClientUtils.isReady(NetworkClientUtils.java:43) ~[kafka-clients-3.9.1.jar:na]
	at org.apache.kafka.clients.NetworkClientUtils.awaitReady(NetworkClientUtils.java:65) ~[kafka-clients-3.9.1.jar:na]
	at org.apache.kafka.clients.producer.internals.Sender.awaitNodeReady(Sender.java:569) ~[kafka-clients-3.9.1.jar:na]
	at org.apache.kafka.clients.producer.internals.Sender.maybeSendAndPollTransactionalRequest(Sender.java:490) ~[kafka-clients-3.9.1.jar:na]
	at org.apache.kafka.clients.producer.internals.Sender.runOnce(Sender.java:337) ~[kafka-clients-3.9.1.jar:na]
	at org.apache.kafka.clients.producer.internals.Sender.run(Sender.java:251) ~[kafka-clients-3.9.1.jar:na]
	at java.base/java.lang.Thread.run(Thread.java:1583) ~[na:na]

2026-08-14T14:50:40.142+05:30  WARN 28548 --- [           main] o.h.engine.jdbc.spi.SqlExceptionHelper   : SQL Warning Code: 0, SQLState: 00000
2026-08-14T14:50:40.142+05:30  WARN 28548 --- [           main] o.h.engine.jdbc.spi.SqlExceptionHelper   : constraint "api_endpoints_code_key" of relation "api_endpoints" does not exist, skipping
2026-08-14T14:50:40.154+05:30  WARN 28548 --- [           main] o.h.engine.jdbc.spi.SqlExceptionHelper   : SQL Warning Code: 0, SQLState: 00000
2026-08-14T14:50:40.154+05:30  WARN 28548 --- [           main] o.h.engine.jdbc.spi.SqlExceptionHelper   : constraint "api_endpoints_public_id_key" of relation "api_endpoints" does not exist, skipping
2026-08-14T14:50:40.161+05:30  WARN 28548 --- [           main] o.h.engine.jdbc.spi.SqlExceptionHelper   : SQL Warning Code: 0, SQLState: 00000
2026-08-14T14:50:40.161+05:30  WARN 28548 --- [           main] o.h.engine.jdbc.spi.SqlExceptionHelper   : constraint "app_app_key_key" of relation "app_definitions" does not exist, skipping
2026-08-14T14:50:40.170+05:30  WARN 28548 --- [           main] o.h.engine.jdbc.spi.SqlExceptionHelper   : SQL Warning Code: 0, SQLState: 00000
2026-08-14T14:50:40.170+05:30  WARN 28548 --- [           main] o.h.engine.jdbc.spi.SqlExceptionHelper   : constraint "app_definitions_code_key" of relation "app_definitions" does not exist, skipping
2026-08-14T14:50:40.177+05:30  WARN 28548 --- [           main] o.h.engine.jdbc.spi.SqlExceptionHelper   : SQL Warning Code: 0, SQLState: 00000
2026-08-14T14:50:40.177+05:30  WARN 28548 --- [           main] o.h.engine.jdbc.spi.SqlExceptionHelper   : constraint "app_public_id_key" of relation "app_definitions" does not exist, skipping
2026-08-14T14:50:40.185+05:30  WARN 28548 --- [           main] o.h.engine.jdbc.spi.SqlExceptionHelper   : SQL Warning Code: 0, SQLState: 00000
2026-08-14T14:50:40.185+05:30  WARN 28548 --- [           main] o.h.engine.jdbc.spi.SqlExceptionHelper   : constraint "uk_app_paired_app_key" of relation "app_definitions" does not exist, skipping
2026-08-14T14:50:40.190+05:30  WARN 28548 --- [           main] o.h.engine.jdbc.spi.SqlExceptionHelper   : SQL Warning Code: 0, SQLState: 00000
2026-08-14T14:50:40.190+05:30  WARN 28548 --- [           main] o.h.engine.jdbc.spi.SqlExceptionHelper   : constraint "ukbjuyu7v8apydng0wwd64tknid" of relation "app_definitions" does not exist, skipping
2026-08-14T14:50:40.193+05:30  WARN 28548 --- [           main] o.h.engine.jdbc.spi.SqlExceptionHelper   : SQL Warning Code: 0, SQLState: 00000
2026-08-14T14:50:40.193+05:30  WARN 28548 --- [           main] o.h.engine.jdbc.spi.SqlExceptionHelper   : relation "app_discovery" does not exist, skipping
2026-08-14T14:50:40.194+05:30  WARN 28548 --- [           main] o.h.engine.jdbc.spi.SqlExceptionHelper   : SQL Warning Code: 0, SQLState: 00000
2026-08-14T14:50:40.194+05:30  WARN 28548 --- [           main] o.h.engine.jdbc.spi.SqlExceptionHelper   : relation "app_discovery" does not exist, skipping
2026-08-14T14:50:40.195+05:30  WARN 28548 --- [           main] o.h.engine.jdbc.spi.SqlExceptionHelper   : SQL Warning Code: 0, SQLState: 00000
2026-08-14T14:50:40.195+05:30  WARN 28548 --- [           main] o.h.engine.jdbc.spi.SqlExceptionHelper   : relation "app_discovery" does not exist, skipping
2026-08-14T14:50:40.197+05:30  WARN 28548 --- [           main] o.h.engine.jdbc.spi.SqlExceptionHelper   : SQL Warning Code: 0, SQLState: 00000
2026-08-14T14:50:40.197+05:30  WARN 28548 --- [           main] o.h.engine.jdbc.spi.SqlExceptionHelper   : relation "app_discovery" does not exist, skipping
2026-08-14T14:50:40.197+05:30  WARN 28548 --- [           main] o.h.engine.jdbc.spi.SqlExceptionHelper   : SQL Warning Code: 0, SQLState: 00000
2026-08-14T14:50:40.198+05:30  WARN 28548 --- [           main] o.h.engine.jdbc.spi.SqlExceptionHelper   : relation "app_discovery" does not exist, skipping
2026-08-14T14:50:40.198+05:30  WARN 28548 --- [           main] o.h.engine.jdbc.spi.SqlExceptionHelper   : SQL Warning Code: 0, SQLState: 00000
2026-08-14T14:50:40.199+05:30  WARN 28548 --- [           main] o.h.engine.jdbc.spi.SqlExceptionHelper   : relation "app_discovery" does not exist, skipping
2026-08-14T14:50:40.199+05:30  WARN 28548 --- [           main] o.h.engine.jdbc.spi.SqlExceptionHelper   : SQL Warning Code: 0, SQLState: 00000
2026-08-14T14:50:40.199+05:30  WARN 28548 --- [           main] o.h.engine.jdbc.spi.SqlExceptionHelper   : relation "app_discovery" does not exist, skipping
2026-08-14T14:50:40.200+05:30  WARN 28548 --- [           main] o.h.engine.jdbc.spi.SqlExceptionHelper   : SQL Warning Code: 0, SQLState: 00000
2026-08-14T14:50:40.200+05:30  WARN 28548 --- [           main] o.h.engine.jdbc.spi.SqlExceptionHelper   : relation "app_discovery" does not exist, skipping
2026-08-14T14:50:40.202+05:30  WARN 28548 --- [           main] o.h.engine.jdbc.spi.SqlExceptionHelper   : SQL Warning Code: 0, SQLState: 00000
2026-08-14T14:50:40.202+05:30  WARN 28548 --- [           main] o.h.engine.jdbc.spi.SqlExceptionHelper   : constraint "app_enablement_impact_assessment_code_key" of relation "app_enablement_impact_assessment" does not exist, skipping
2026-08-14T14:50:40.205+05:30  WARN 28548 --- [           main] o.h.engine.jdbc.spi.SqlExceptionHelper   : SQL Warning Code: 0, SQLState: 00000
2026-08-14T14:50:40.205+05:30  WARN 28548 --- [           main] o.h.engine.jdbc.spi.SqlExceptionHelper   : constraint "app_enablement_impact_assessment_public_id_key" of relation "app_enablement_impact_assessment" does not exist, skipping
2026-08-14T14:50:40.211+05:30  WARN 28548 --- [           main] o.h.engine.jdbc.spi.SqlExceptionHelper   : SQL Warning Code: 0, SQLState: 00000
2026-08-14T14:50:40.211+05:30  WARN 28548 --- [           main] o.h.engine.jdbc.spi.SqlExceptionHelper   : constraint "app_enablement_request_code_key" of relation "app_enablement_request" does not exist, skipping
2026-08-14T14:50:40.214+05:30  WARN 28548 --- [           main] o.h.engine.jdbc.spi.SqlExceptionHelper   : SQL Warning Code: 0, SQLState: 00000
2026-08-14T14:50:40.214+05:30  WARN 28548 --- [           main] o.h.engine.jdbc.spi.SqlExceptionHelper   : constraint "app_enablement_request_public_id_key" of relation "app_enablement_request" does not exist, skipping
2026-08-14T14:50:40.219+05:30  WARN 28548 --- [           main] o.h.engine.jdbc.spi.SqlExceptionHelper   : SQL Warning Code: 0, SQLState: 00000
2026-08-14T14:50:40.219+05:30  WARN 28548 --- [           main] o.h.engine.jdbc.spi.SqlExceptionHelper   : constraint "app_enrollment_code_key" of relation "app_enrollment" does not exist, skipping
2026-08-14T14:50:40.229+05:30  WARN 28548 --- [           main] o.h.engine.jdbc.spi.SqlExceptionHelper   : SQL Warning Code: 0, SQLState: 00000
2026-08-14T14:50:40.229+05:30  WARN 28548 --- [           main] o.h.engine.jdbc.spi.SqlExceptionHelper   : constraint "app_enrollment_public_id_key" of relation "app_enrollment" does not exist, skipping
2026-08-14T14:50:40.236+05:30  WARN 28548 --- [           main] o.h.engine.jdbc.spi.SqlExceptionHelper   : SQL Warning Code: 0, SQLState: 00000
2026-08-14T14:50:40.237+05:30  WARN 28548 --- [           main] o.h.engine.jdbc.spi.SqlExceptionHelper   : constraint "uq_app_enrollment" of relation "app_enrollment" does not exist, skipping
2026-08-14T14:50:40.244+05:30  WARN 28548 --- [           main] o.h.engine.jdbc.spi.SqlExceptionHelper   : SQL Warning Code: 0, SQLState: 00000
2026-08-14T14:50:40.244+05:30  WARN 28548 --- [           main] o.h.engine.jdbc.spi.SqlExceptionHelper   : constraint "app_enrollment_event_code_key" of relation "app_enrollment_event" does not exist, skipping
2026-08-14T14:50:40.255+05:30  WARN 28548 --- [           main] o.h.engine.jdbc.spi.SqlExceptionHelper   : SQL Warning Code: 0, SQLState: 00000
2026-08-14T14:50:40.255+05:30  WARN 28548 --- [           main] o.h.engine.jdbc.spi.SqlExceptionHelper   : constraint "app_enrollment_event_idempotency_key_key" of relation "app_enrollment_event" does not exist, skipping
2026-08-14T14:50:40.264+05:30  WARN 28548 --- [           main] o.h.engine.jdbc.spi.SqlExceptionHelper   : SQL Warning Code: 0, SQLState: 00000
2026-08-14T14:50:40.264+05:30  WARN 28548 --- [           main] o.h.engine.jdbc.spi.SqlExceptionHelper   : constraint "app_enrollment_event_public_id_key" of relation "app_enrollment_event" does not exist, skipping
2026-08-14T14:50:40.271+05:30  WARN 28548 --- [           main] o.h.engine.jdbc.spi.SqlExceptionHelper   : SQL Warning Code: 0, SQLState: 00000
2026-08-14T14:50:40.271+05:30  WARN 28548 --- [           main] o.h.engine.jdbc.spi.SqlExceptionHelper   : constraint "app_family_pairing_app_family_key" of relation "app_family_pairing" does not exist, skipping
2026-08-14T14:50:40.280+05:30  WARN 28548 --- [           main] o.h.engine.jdbc.spi.SqlExceptionHelper   : SQL Warning Code: 0, SQLState: 00000
2026-08-14T14:50:40.281+05:30  WARN 28548 --- [           main] o.h.engine.jdbc.spi.SqlExceptionHelper   : constraint "uq_afp_code" of relation "app_family_pairing" does not exist, skipping
2026-08-14T14:50:40.288+05:30  WARN 28548 --- [           main] o.h.engine.jdbc.spi.SqlExceptionHelper   : SQL Warning Code: 0, SQLState: 00000
2026-08-14T14:50:40.288+05:30  WARN 28548 --- [           main] o.h.engine.jdbc.spi.SqlExceptionHelper   : constraint "uq_afp_public_id" of relation "app_family_pairing" does not exist, skipping
2026-08-14T14:50:40.298+05:30  WARN 28548 --- [           main] o.h.engine.jdbc.spi.SqlExceptionHelper   : SQL Warning Code: 0, SQLState: 00000
2026-08-14T14:50:40.298+05:30  WARN 28548 --- [           main] o.h.engine.jdbc.spi.SqlExceptionHelper   : constraint "app_removal_request_code_key" of relation "app_removal_request" does not exist, skipping
2026-08-14T14:50:40.307+05:30  WARN 28548 --- [           main] o.h.engine.jdbc.spi.SqlExceptionHelper   : SQL Warning Code: 0, SQLState: 00000
2026-08-14T14:50:40.307+05:30  WARN 28548 --- [           main] o.h.engine.jdbc.spi.SqlExceptionHelper   : constraint "app_removal_request_public_id_key" of relation "app_removal_request" does not exist, skipping
2026-08-14T14:50:40.315+05:30  WARN 28548 --- [           main] o.h.engine.jdbc.spi.SqlExceptionHelper   : SQL Warning Code: 0, SQLState: 00000
2026-08-14T14:50:40.315+05:30  WARN 28548 --- [           main] o.h.engine.jdbc.spi.SqlExceptionHelper   : constraint "app_route_manifest_code_key" of relation "app_route_manifest" does not exist, skipping
2026-08-14T14:50:40.324+05:30  WARN 28548 --- [           main] o.h.engine.jdbc.spi.SqlExceptionHelper   : SQL Warning Code: 0, SQLState: 00000
2026-08-14T14:50:40.324+05:30  WARN 28548 --- [           main] o.h.engine.jdbc.spi.SqlExceptionHelper   : constraint "app_route_manifest_public_id_key" of relation "app_route_manifest" does not exist, skipping
2026-08-14T14:50:40.343+05:30  WARN 28548 --- [           main] o.h.engine.jdbc.spi.SqlExceptionHelper   : SQL Warning Code: 0, SQLState: 00000
2026-08-14T14:50:40.343+05:30  WARN 28548 --- [           main] o.h.engine.jdbc.spi.SqlExceptionHelper   : constraint "uq_app_manifest" of relation "app_route_manifest" does not exist, skipping
2026-08-14T14:50:40.350+05:30  WARN 28548 --- [           main] o.h.engine.jdbc.spi.SqlExceptionHelper   : SQL Warning Code: 0, SQLState: 00000
2026-08-14T14:50:40.350+05:30  WARN 28548 --- [           main] o.h.engine.jdbc.spi.SqlExceptionHelper   : constraint "uq_app_tier_mapping_app_tenant" of relation "app_tier_mapping" does not exist, skipping
2026-08-14T14:50:40.361+05:30  WARN 28548 --- [           main] o.h.engine.jdbc.spi.SqlExceptionHelper   : SQL Warning Code: 0, SQLState: 00000
2026-08-14T14:50:40.361+05:30  WARN 28548 --- [           main] o.h.engine.jdbc.spi.SqlExceptionHelper   : constraint "uq_atm_code" of relation "app_tier_mapping" does not exist, skipping
2026-08-14T14:50:40.368+05:30  WARN 28548 --- [           main] o.h.engine.jdbc.spi.SqlExceptionHelper   : SQL Warning Code: 0, SQLState: 00000
2026-08-14T14:50:40.369+05:30  WARN 28548 --- [           main] o.h.engine.jdbc.spi.SqlExceptionHelper   : constraint "uq_atm_public_id" of relation "app_tier_mapping" does not exist, skipping
2026-08-14T14:50:40.377+05:30  WARN 28548 --- [           main] o.h.engine.jdbc.spi.SqlExceptionHelper   : SQL Warning Code: 0, SQLState: 00000
2026-08-14T14:50:40.377+05:30  WARN 28548 --- [           main] o.h.engine.jdbc.spi.SqlExceptionHelper   : constraint "auth_session_access_token_hash_key" of relation "auth_session" does not exist, skipping
2026-08-14T14:50:40.385+05:30  WARN 28548 --- [           main] o.h.engine.jdbc.spi.SqlExceptionHelper   : SQL Warning Code: 0, SQLState: 00000
2026-08-14T14:50:40.385+05:30  WARN 28548 --- [           main] o.h.engine.jdbc.spi.SqlExceptionHelper   : constraint "auth_session_code_key" of relation "auth_session" does not exist, skipping
2026-08-14T14:50:40.392+05:30  WARN 28548 --- [           main] o.h.engine.jdbc.spi.SqlExceptionHelper   : SQL Warning Code: 0, SQLState: 00000
2026-08-14T14:50:40.392+05:30  WARN 28548 --- [           main] o.h.engine.jdbc.spi.SqlExceptionHelper   : constraint "auth_session_external_id_key" of relation "auth_session" does not exist, skipping
2026-08-14T14:50:40.401+05:30  WARN 28548 --- [           main] o.h.engine.jdbc.spi.SqlExceptionHelper   : SQL Warning Code: 0, SQLState: 00000
2026-08-14T14:50:40.401+05:30  WARN 28548 --- [           main] o.h.engine.jdbc.spi.SqlExceptionHelper   : constraint "auth_session_public_id_key" of relation "auth_session" does not exist, skipping
2026-08-14T14:50:40.411+05:30  WARN 28548 --- [           main] o.h.engine.jdbc.spi.SqlExceptionHelper   : SQL Warning Code: 0, SQLState: 00000
2026-08-14T14:50:40.411+05:30  WARN 28548 --- [           main] o.h.engine.jdbc.spi.SqlExceptionHelper   : constraint "auth_session_refresh_token_hash_key" of relation "auth_session" does not exist, skipping
2026-08-14T14:50:40.420+05:30  WARN 28548 --- [           main] o.h.engine.jdbc.spi.SqlExceptionHelper   : SQL Warning Code: 0, SQLState: 00000
2026-08-14T14:50:40.421+05:30  WARN 28548 --- [           main] o.h.engine.jdbc.spi.SqlExceptionHelper   : constraint "authorities_name_key" of relation "authority_definitions" does not exist, skipping
2026-08-14T14:50:40.428+05:30  WARN 28548 --- [           main] o.h.engine.jdbc.spi.SqlExceptionHelper   : SQL Warning Code: 0, SQLState: 00000
2026-08-14T14:50:40.428+05:30  WARN 28548 --- [           main] o.h.engine.jdbc.spi.SqlExceptionHelper   : constraint "authorities_public_id_key" of relation "authority_definitions" does not exist, skipping
2026-08-14T14:50:40.435+05:30  WARN 28548 --- [           main] o.h.engine.jdbc.spi.SqlExceptionHelper   : SQL Warning Code: 0, SQLState: 00000
2026-08-14T14:50:40.435+05:30  WARN 28548 --- [           main] o.h.engine.jdbc.spi.SqlExceptionHelper   : constraint "authority_definitions_code_key" of relation "authority_definitions" does not exist, skipping
2026-08-14T14:50:40.440+05:30  WARN 28548 --- [           main] o.h.engine.jdbc.spi.SqlExceptionHelper   : SQL Warning Code: 0, SQLState: 00000
2026-08-14T14:50:40.440+05:30  WARN 28548 --- [           main] o.h.engine.jdbc.spi.SqlExceptionHelper   : constraint "uq_bga_code" of relation "break_glass_activation" does not exist, skipping
2026-08-14T14:50:40.446+05:30  WARN 28548 --- [           main] o.h.engine.jdbc.spi.SqlExceptionHelper   : SQL Warning Code: 0, SQLState: 00000
2026-08-14T14:50:40.446+05:30  WARN 28548 --- [           main] o.h.engine.jdbc.spi.SqlExceptionHelper   : constraint "uq_bga_public_id" of relation "break_glass_activation" does not exist, skipping
2026-08-14T14:50:40.456+05:30  WARN 28548 --- [           main] o.h.engine.jdbc.spi.SqlExceptionHelper   : SQL Warning Code: 0, SQLState: 00000
2026-08-14T14:50:40.456+05:30  WARN 28548 --- [           main] o.h.engine.jdbc.spi.SqlExceptionHelper   : constraint "uq_bgv_code" of relation "break_glass_approval" does not exist, skipping
2026-08-14T14:50:40.468+05:30  WARN 28548 --- [           main] o.h.engine.jdbc.spi.SqlExceptionHelper   : SQL Warning Code: 0, SQLState: 00000
2026-08-14T14:50:40.468+05:30  WARN 28548 --- [           main] o.h.engine.jdbc.spi.SqlExceptionHelper   : constraint "uq_bgv_public_id" of relation "break_glass_approval" does not exist, skipping
2026-08-14T14:50:40.477+05:30  WARN 28548 --- [           main] o.h.engine.jdbc.spi.SqlExceptionHelper   : SQL Warning Code: 0, SQLState: 00000
2026-08-14T14:50:40.477+05:30  WARN 28548 --- [           main] o.h.engine.jdbc.spi.SqlExceptionHelper   : constraint "uq_break_glass_approval_public_id" of relation "break_glass_approval" does not exist, skipping
2026-08-14T14:50:40.487+05:30  WARN 28548 --- [           main] o.h.engine.jdbc.spi.SqlExceptionHelper   : SQL Warning Code: 0, SQLState: 00000
2026-08-14T14:50:40.487+05:30  WARN 28548 --- [           main] o.h.engine.jdbc.spi.SqlExceptionHelper   : constraint "uq_bge_code" of relation "break_glass_audit_event" does not exist, skipping
2026-08-14T14:50:40.497+05:30  WARN 28548 --- [           main] o.h.engine.jdbc.spi.SqlExceptionHelper   : SQL Warning Code: 0, SQLState: 00000
2026-08-14T14:50:40.497+05:30  WARN 28548 --- [           main] o.h.engine.jdbc.spi.SqlExceptionHelper   : constraint "uq_bge_public_id" of relation "break_glass_audit_event" does not exist, skipping
2026-08-14T14:50:40.505+05:30  WARN 28548 --- [           main] o.h.engine.jdbc.spi.SqlExceptionHelper   : SQL Warning Code: 0, SQLState: 00000
2026-08-14T14:50:40.505+05:30  WARN 28548 --- [           main] o.h.engine.jdbc.spi.SqlExceptionHelper   : constraint "uq_break_glass_audit_event_public_id" of relation "break_glass_audit_event" does not exist, skipping
2026-08-14T14:50:40.512+05:30  WARN 28548 --- [           main] o.h.engine.jdbc.spi.SqlExceptionHelper   : SQL Warning Code: 0, SQLState: 00000
2026-08-14T14:50:40.512+05:30  WARN 28548 --- [           main] o.h.engine.jdbc.spi.SqlExceptionHelper   : constraint "uq_break_glass_credential_public_id" of relation "break_glass_credential" does not exist, skipping
2026-08-14T14:50:40.520+05:30  WARN 28548 --- [           main] o.h.engine.jdbc.spi.SqlExceptionHelper   : SQL Warning Code: 0, SQLState: 00000
2026-08-14T14:50:40.520+05:30  WARN 28548 --- [           main] o.h.engine.jdbc.spi.SqlExceptionHelper   : constraint "uq_break_glass_credential_credential_id" of relation "break_glass_credential" does not exist, skipping
2026-08-14T14:50:40.526+05:30  WARN 28548 --- [           main] o.h.engine.jdbc.spi.SqlExceptionHelper   : SQL Warning Code: 0, SQLState: 00000
2026-08-14T14:50:40.526+05:30  WARN 28548 --- [           main] o.h.engine.jdbc.spi.SqlExceptionHelper   : constraint "uq_bgp_code" of relation "break_glass_principal" does not exist, skipping
2026-08-14T14:50:40.534+05:30  WARN 28548 --- [           main] o.h.engine.jdbc.spi.SqlExceptionHelper   : SQL Warning Code: 0, SQLState: 00000
2026-08-14T14:50:40.534+05:30  WARN 28548 --- [           main] o.h.engine.jdbc.spi.SqlExceptionHelper   : constraint "uq_bgp_public_id" of relation "break_glass_principal" does not exist, skipping
2026-08-14T14:50:40.541+05:30  WARN 28548 --- [           main] o.h.engine.jdbc.spi.SqlExceptionHelper   : SQL Warning Code: 0, SQLState: 00000
2026-08-14T14:50:40.541+05:30  WARN 28548 --- [           main] o.h.engine.jdbc.spi.SqlExceptionHelper   : constraint "uq_break_glass_principal_email_tenant" of relation "break_glass_principal" does not exist, skipping
2026-08-14T14:50:40.548+05:30  WARN 28548 --- [           main] o.h.engine.jdbc.spi.SqlExceptionHelper   : SQL Warning Code: 0, SQLState: 00000
2026-08-14T14:50:40.548+05:30  WARN 28548 --- [           main] o.h.engine.jdbc.spi.SqlExceptionHelper   : constraint "uq_bgq_code" of relation "break_glass_request" does not exist, skipping
2026-08-14T14:50:40.555+05:30  WARN 28548 --- [           main] o.h.engine.jdbc.spi.SqlExceptionHelper   : SQL Warning Code: 0, SQLState: 00000
2026-08-14T14:50:40.557+05:30  WARN 28548 --- [           main] o.h.engine.jdbc.spi.SqlExceptionHelper   : constraint "uq_bgq_public_id" of relation "break_glass_request" does not exist, skipping
2026-08-14T14:50:40.564+05:30  WARN 28548 --- [           main] o.h.engine.jdbc.spi.SqlExceptionHelper   : SQL Warning Code: 0, SQLState: 00000
2026-08-14T14:50:40.564+05:30  WARN 28548 --- [           main] o.h.engine.jdbc.spi.SqlExceptionHelper   : constraint "uq_break_glass_request_public_id" of relation "break_glass_request" does not exist, skipping
2026-08-14T14:50:40.570+05:30  WARN 28548 --- [           main] o.h.engine.jdbc.spi.SqlExceptionHelper   : SQL Warning Code: 0, SQLState: 00000
2026-08-14T14:50:40.570+05:30  WARN 28548 --- [           main] o.h.engine.jdbc.spi.SqlExceptionHelper   : constraint "constraint_authority_mapping_code_key" of relation "constraint_authority_mapping" does not exist, skipping
2026-08-14T14:50:40.577+05:30  WARN 28548 --- [           main] o.h.engine.jdbc.spi.SqlExceptionHelper   : SQL Warning Code: 0, SQLState: 00000
2026-08-14T14:50:40.577+05:30  WARN 28548 --- [           main] o.h.engine.jdbc.spi.SqlExceptionHelper   : constraint "constraint_authority_mapping_public_id_key" of relation "constraint_authority_mapping" does not exist, skipping
2026-08-14T14:50:40.583+05:30  WARN 28548 --- [           main] o.h.engine.jdbc.spi.SqlExceptionHelper   : SQL Warning Code: 0, SQLState: 00000
2026-08-14T14:50:40.583+05:30  WARN 28548 --- [           main] o.h.engine.jdbc.spi.SqlExceptionHelper   : constraint "constraint_rules_code_key" of relation "constraint_rules" does not exist, skipping
2026-08-14T14:50:40.589+05:30  WARN 28548 --- [           main] o.h.engine.jdbc.spi.SqlExceptionHelper   : SQL Warning Code: 0, SQLState: 00000
2026-08-14T14:50:40.589+05:30  WARN 28548 --- [           main] o.h.engine.jdbc.spi.SqlExceptionHelper   : constraint "constraints_public_id_key" of relation "constraint_rules" does not exist, skipping
2026-08-14T14:50:40.597+05:30  WARN 28548 --- [           main] o.h.engine.jdbc.spi.SqlExceptionHelper   : SQL Warning Code: 0, SQLState: 00000
2026-08-14T14:50:40.597+05:30  WARN 28548 --- [           main] o.h.engine.jdbc.spi.SqlExceptionHelper   : constraint "uq_demo_prospect_user_assignments_public_id" of relation "demo_prospect_user_assignments" does not exist, skipping
2026-08-14T14:50:40.605+05:30  WARN 28548 --- [           main] o.h.engine.jdbc.spi.SqlExceptionHelper   : SQL Warning Code: 0, SQLState: 00000
2026-08-14T14:50:40.605+05:30  WARN 28548 --- [           main] o.h.engine.jdbc.spi.SqlExceptionHelper   : constraint "uq_demo_prospects_public_id" of relation "demo_prospects" does not exist, skipping
2026-08-14T14:50:40.610+05:30  WARN 28548 --- [           main] o.h.engine.jdbc.spi.SqlExceptionHelper   : SQL Warning Code: 0, SQLState: 00000
2026-08-14T14:50:40.610+05:30  WARN 28548 --- [           main] o.h.engine.jdbc.spi.SqlExceptionHelper   : constraint "uq_demo_prospects_tenant_code" of relation "demo_prospects" does not exist, skipping
2026-08-14T14:50:40.618+05:30  WARN 28548 --- [           main] o.h.engine.jdbc.spi.SqlExceptionHelper   : SQL Warning Code: 0, SQLState: 00000
2026-08-14T14:50:40.618+05:30  WARN 28548 --- [           main] o.h.engine.jdbc.spi.SqlExceptionHelper   : constraint "device_session_token_jti_key" of relation "device_session_token" does not exist, skipping
2026-08-14T14:50:40.625+05:30  WARN 28548 --- [           main] o.h.engine.jdbc.spi.SqlExceptionHelper   : SQL Warning Code: 0, SQLState: 00000
2026-08-14T14:50:40.626+05:30  WARN 28548 --- [           main] o.h.engine.jdbc.spi.SqlExceptionHelper   : constraint "device_session_token_public_id_key" of relation "device_session_token" does not exist, skipping
2026-08-14T14:50:40.632+05:30  WARN 28548 --- [           main] o.h.engine.jdbc.spi.SqlExceptionHelper   : SQL Warning Code: 0, SQLState: 00000
2026-08-14T14:50:40.632+05:30  WARN 28548 --- [           main] o.h.engine.jdbc.spi.SqlExceptionHelper   : constraint "uq_dst_code" of relation "device_session_token" does not exist, skipping
2026-08-14T14:50:40.639+05:30  WARN 28548 --- [           main] o.h.engine.jdbc.spi.SqlExceptionHelper   : SQL Warning Code: 0, SQLState: 00000
2026-08-14T14:50:40.639+05:30  WARN 28548 --- [           main] o.h.engine.jdbc.spi.SqlExceptionHelper   : constraint "uq_eag_code" of relation "elevated_access_grant" does not exist, skipping
2026-08-14T14:50:40.645+05:30  WARN 28548 --- [           main] o.h.engine.jdbc.spi.SqlExceptionHelper   : SQL Warning Code: 0, SQLState: 00000
2026-08-14T14:50:40.645+05:30  WARN 28548 --- [           main] o.h.engine.jdbc.spi.SqlExceptionHelper   : constraint "uq_eag_public_id" of relation "elevated_access_grant" does not exist, skipping
2026-08-14T14:50:40.655+05:30  WARN 28548 --- [           main] o.h.engine.jdbc.spi.SqlExceptionHelper   : SQL Warning Code: 0, SQLState: 00000
2026-08-14T14:50:40.655+05:30  WARN 28548 --- [           main] o.h.engine.jdbc.spi.SqlExceptionHelper   : constraint "guidance_items_public_id_key" of relation "guidance_items" does not exist, skipping
2026-08-14T14:50:40.661+05:30  WARN 28548 --- [           main] o.h.engine.jdbc.spi.SqlExceptionHelper   : SQL Warning Code: 0, SQLState: 00000
2026-08-14T14:50:40.661+05:30  WARN 28548 --- [           main] o.h.engine.jdbc.spi.SqlExceptionHelper   : constraint "uq_gus_user_item" of relation "guidance_user_state" does not exist, skipping
2026-08-14T14:50:40.669+05:30  WARN 28548 --- [           main] o.h.engine.jdbc.spi.SqlExceptionHelper   : SQL Warning Code: 0, SQLState: 00000
2026-08-14T14:50:40.669+05:30  WARN 28548 --- [           main] o.h.engine.jdbc.spi.SqlExceptionHelper   : constraint "guidance_user_state_public_id_key" of relation "guidance_user_state" does not exist, skipping
2026-08-14T14:50:40.676+05:30  WARN 28548 --- [           main] o.h.engine.jdbc.spi.SqlExceptionHelper   : SQL Warning Code: 0, SQLState: 00000
2026-08-14T14:50:40.677+05:30  WARN 28548 --- [           main] o.h.engine.jdbc.spi.SqlExceptionHelper   : constraint "uq_gus_code" of relation "guidance_user_state" does not exist, skipping
2026-08-14T14:50:40.686+05:30  WARN 28548 --- [           main] o.h.engine.jdbc.spi.SqlExceptionHelper   : SQL Warning Code: 0, SQLState: 00000
2026-08-14T14:50:40.686+05:30  WARN 28548 --- [           main] o.h.engine.jdbc.spi.SqlExceptionHelper   : constraint "uq_iam_login_alias_type_value" of relation "iam_login_alias" does not exist, skipping
2026-08-14T14:50:40.694+05:30  WARN 28548 --- [           main] o.h.engine.jdbc.spi.SqlExceptionHelper   : SQL Warning Code: 0, SQLState: 00000
2026-08-14T14:50:40.694+05:30  WARN 28548 --- [           main] o.h.engine.jdbc.spi.SqlExceptionHelper   : constraint "iam_login_alias_code_key" of relation "iam_login_alias" does not exist, skipping
2026-08-14T14:50:40.700+05:30  WARN 28548 --- [           main] o.h.engine.jdbc.spi.SqlExceptionHelper   : SQL Warning Code: 0, SQLState: 00000
2026-08-14T14:50:40.700+05:30  WARN 28548 --- [           main] o.h.engine.jdbc.spi.SqlExceptionHelper   : constraint "iam_login_alias_public_id_key" of relation "iam_login_alias" does not exist, skipping
2026-08-14T14:50:40.708+05:30  WARN 28548 --- [           main] o.h.engine.jdbc.spi.SqlExceptionHelper   : SQL Warning Code: 0, SQLState: 00000
2026-08-14T14:50:40.708+05:30  WARN 28548 --- [           main] o.h.engine.jdbc.spi.SqlExceptionHelper   : constraint "iam_principal_code_key" of relation "iam_principal" does not exist, skipping
2026-08-14T14:50:40.715+05:30  WARN 28548 --- [           main] o.h.engine.jdbc.spi.SqlExceptionHelper   : SQL Warning Code: 0, SQLState: 00000
2026-08-14T14:50:40.715+05:30  WARN 28548 --- [           main] o.h.engine.jdbc.spi.SqlExceptionHelper   : constraint "iam_principal_public_id_key" of relation "iam_principal" does not exist, skipping
2026-08-14T14:50:40.721+05:30  WARN 28548 --- [           main] o.h.engine.jdbc.spi.SqlExceptionHelper   : SQL Warning Code: 0, SQLState: 00000
2026-08-14T14:50:40.721+05:30  WARN 28548 --- [           main] o.h.engine.jdbc.spi.SqlExceptionHelper   : constraint "uq_iam_principal_credential_client_id" of relation "iam_principal_credential" does not exist, skipping
2026-08-14T14:50:40.728+05:30  WARN 28548 --- [           main] o.h.engine.jdbc.spi.SqlExceptionHelper   : SQL Warning Code: 0, SQLState: 00000
2026-08-14T14:50:40.729+05:30  WARN 28548 --- [           main] o.h.engine.jdbc.spi.SqlExceptionHelper   : constraint "uq_iampc_code" of relation "iam_principal_credential" does not exist, skipping
2026-08-14T14:50:40.735+05:30  WARN 28548 --- [           main] o.h.engine.jdbc.spi.SqlExceptionHelper   : SQL Warning Code: 0, SQLState: 00000
2026-08-14T14:50:40.735+05:30  WARN 28548 --- [           main] o.h.engine.jdbc.spi.SqlExceptionHelper   : constraint "uq_iampc_public_id" of relation "iam_principal_credential" does not exist, skipping
2026-08-14T14:50:40.742+05:30  WARN 28548 --- [           main] o.h.engine.jdbc.spi.SqlExceptionHelper   : SQL Warning Code: 0, SQLState: 00000
2026-08-14T14:50:40.742+05:30  WARN 28548 --- [           main] o.h.engine.jdbc.spi.SqlExceptionHelper   : constraint "uq_identity_outbox_event_id" of relation "identity_outbox_event" does not exist, skipping
2026-08-14T14:50:40.761+05:30  WARN 28548 --- [           main] o.h.engine.jdbc.spi.SqlExceptionHelper   : SQL Warning Code: 0, SQLState: 00000
2026-08-14T14:50:40.761+05:30  WARN 28548 --- [           main] o.h.engine.jdbc.spi.SqlExceptionHelper   : constraint "uq_identity_outbox_public_id" of relation "identity_outbox_event" does not exist, skipping
2026-08-14T14:50:40.768+05:30  WARN 28548 --- [           main] o.h.engine.jdbc.spi.SqlExceptionHelper   : SQL Warning Code: 0, SQLState: 00000
2026-08-14T14:50:40.768+05:30  WARN 28548 --- [           main] o.h.engine.jdbc.spi.SqlExceptionHelper   : constraint "ukichy3axv8l71swe0wl2d5rmto" of relation "identity_outbox_event" does not exist, skipping
2026-08-14T14:50:40.781+05:30  WARN 28548 --- [           main] o.h.engine.jdbc.spi.SqlExceptionHelper   : SQL Warning Code: 0, SQLState: 00000
2026-08-14T14:50:40.781+05:30  WARN 28548 --- [           main] o.h.engine.jdbc.spi.SqlExceptionHelper   : constraint "intent_definitions_code_key" of relation "intent_definitions" does not exist, skipping
2026-08-14T14:50:40.789+05:30  WARN 28548 --- [           main] o.h.engine.jdbc.spi.SqlExceptionHelper   : SQL Warning Code: 0, SQLState: 00000
2026-08-14T14:50:40.789+05:30  WARN 28548 --- [           main] o.h.engine.jdbc.spi.SqlExceptionHelper   : constraint "intent_definitions_public_id_key" of relation "intent_definitions" does not exist, skipping
2026-08-14T14:50:40.802+05:30  WARN 28548 --- [           main] o.h.engine.jdbc.spi.SqlExceptionHelper   : SQL Warning Code: 0, SQLState: 00000
2026-08-14T14:50:40.802+05:30  WARN 28548 --- [           main] o.h.engine.jdbc.spi.SqlExceptionHelper   : constraint "uq_jsk_kid" of relation "jwt_signing_key" does not exist, skipping
2026-08-14T14:50:40.811+05:30  WARN 28548 --- [           main] o.h.engine.jdbc.spi.SqlExceptionHelper   : SQL Warning Code: 0, SQLState: 00000
2026-08-14T14:50:40.811+05:30  WARN 28548 --- [           main] o.h.engine.jdbc.spi.SqlExceptionHelper   : constraint "uq_jsk_code" of relation "jwt_signing_key" does not exist, skipping
2026-08-14T14:50:40.818+05:30  WARN 28548 --- [           main] o.h.engine.jdbc.spi.SqlExceptionHelper   : SQL Warning Code: 0, SQLState: 00000
2026-08-14T14:50:40.818+05:30  WARN 28548 --- [           main] o.h.engine.jdbc.spi.SqlExceptionHelper   : constraint "uq_jsk_public_id" of relation "jwt_signing_key" does not exist, skipping
2026-08-14T14:50:40.825+05:30  WARN 28548 --- [           main] o.h.engine.jdbc.spi.SqlExceptionHelper   : SQL Warning Code: 0, SQLState: 00000
2026-08-14T14:50:40.825+05:30  WARN 28548 --- [           main] o.h.engine.jdbc.spi.SqlExceptionHelper   : constraint "jwt_tokens_code_key" of relation "jwt_tokens" does not exist, skipping
2026-08-14T14:50:40.838+05:30  WARN 28548 --- [           main] o.h.engine.jdbc.spi.SqlExceptionHelper   : SQL Warning Code: 0, SQLState: 00000
2026-08-14T14:50:40.838+05:30  WARN 28548 --- [           main] o.h.engine.jdbc.spi.SqlExceptionHelper   : constraint "jwt_tokens_public_id_key" of relation "jwt_tokens" does not exist, skipping
2026-08-14T14:50:40.849+05:30  WARN 28548 --- [           main] o.h.engine.jdbc.spi.SqlExceptionHelper   : SQL Warning Code: 0, SQLState: 00000
2026-08-14T14:50:40.849+05:30  WARN 28548 --- [           main] o.h.engine.jdbc.spi.SqlExceptionHelper   : constraint "uklmkff4cpm11le5yd3l6ntkofb" of relation "jwt_tokens" does not exist, skipping
2026-08-14T14:50:40.861+05:30  WARN 28548 --- [           main] o.h.engine.jdbc.spi.SqlExceptionHelper   : SQL Warning Code: 0, SQLState: 00000
2026-08-14T14:50:40.861+05:30  WARN 28548 --- [           main] o.h.engine.jdbc.spi.SqlExceptionHelper   : constraint "uk19xg9w67gm7swicymybxrtm7g" of relation "jwt_tokens" does not exist, skipping
2026-08-14T14:50:40.871+05:30  WARN 28548 --- [           main] o.h.engine.jdbc.spi.SqlExceptionHelper   : SQL Warning Code: 0, SQLState: 00000
2026-08-14T14:50:40.871+05:30  WARN 28548 --- [           main] o.h.engine.jdbc.spi.SqlExceptionHelper   : constraint "uq_login_event_code" of relation "login_event" does not exist, skipping
2026-08-14T14:50:40.884+05:30  WARN 28548 --- [           main] o.h.engine.jdbc.spi.SqlExceptionHelper   : SQL Warning Code: 0, SQLState: 00000
2026-08-14T14:50:40.884+05:30  WARN 28548 --- [           main] o.h.engine.jdbc.spi.SqlExceptionHelper   : constraint "uq_login_event_public_id" of relation "login_event" does not exist, skipping
2026-08-14T14:50:40.893+05:30  WARN 28548 --- [           main] o.h.engine.jdbc.spi.SqlExceptionHelper   : SQL Warning Code: 0, SQLState: 00000
2026-08-14T14:50:40.894+05:30  WARN 28548 --- [           main] o.h.engine.jdbc.spi.SqlExceptionHelper   : constraint "uq_onboarding_template_code_version" of relation "onboarding_template" does not exist, skipping
2026-08-14T14:50:40.904+05:30  WARN 28548 --- [           main] o.h.engine.jdbc.spi.SqlExceptionHelper   : SQL Warning Code: 0, SQLState: 00000
2026-08-14T14:50:40.904+05:30  WARN 28548 --- [           main] o.h.engine.jdbc.spi.SqlExceptionHelper   : constraint "onboarding_template_public_id_key" of relation "onboarding_template" does not exist, skipping
2026-08-14T14:50:40.915+05:30  WARN 28548 --- [           main] o.h.engine.jdbc.spi.SqlExceptionHelper   : SQL Warning Code: 0, SQLState: 00000
2026-08-14T14:50:40.915+05:30  WARN 28548 --- [           main] o.h.engine.jdbc.spi.SqlExceptionHelper   : constraint "ukmk8v2re2r3cyiq337o4ltrfu4" of relation "onboarding_template" does not exist, skipping
2026-08-14T14:50:40.926+05:30  WARN 28548 --- [           main] o.h.engine.jdbc.spi.SqlExceptionHelper   : SQL Warning Code: 0, SQLState: 00000
2026-08-14T14:50:40.926+05:30  WARN 28548 --- [           main] o.h.engine.jdbc.spi.SqlExceptionHelper   : constraint "otp_code_key" of relation "otp" does not exist, skipping
2026-08-14T14:50:40.938+05:30  WARN 28548 --- [           main] o.h.engine.jdbc.spi.SqlExceptionHelper   : SQL Warning Code: 0, SQLState: 00000
2026-08-14T14:50:40.938+05:30  WARN 28548 --- [           main] o.h.engine.jdbc.spi.SqlExceptionHelper   : constraint "otp_external_id_key" of relation "otp" does not exist, skipping
2026-08-14T14:50:40.947+05:30  WARN 28548 --- [           main] o.h.engine.jdbc.spi.SqlExceptionHelper   : SQL Warning Code: 0, SQLState: 00000
2026-08-14T14:50:40.948+05:30  WARN 28548 --- [           main] o.h.engine.jdbc.spi.SqlExceptionHelper   : constraint "otp_public_id_key" of relation "otp" does not exist, skipping
2026-08-14T14:50:40.959+05:30  WARN 28548 --- [           main] o.h.engine.jdbc.spi.SqlExceptionHelper   : SQL Warning Code: 0, SQLState: 00000
2026-08-14T14:50:40.959+05:30  WARN 28548 --- [           main] o.h.engine.jdbc.spi.SqlExceptionHelper   : constraint "uq_password_history_code" of relation "password_history" does not exist, skipping
2026-08-14T14:50:40.964+05:30  WARN 28548 --- [ng-sdk-producer] org.apache.kafka.clients.NetworkClient   : [Producer clientId=logging-sdk-producer] Error connecting to node kafka:29092 (id: 1 rack: null)

java.net.UnknownHostException: kafka
	at java.base/java.net.InetAddress$CachedLookup.get(InetAddress.java:988) ~[na:na]
	at java.base/java.net.InetAddress.getAllByName0(InetAddress.java:1818) ~[na:na]
	at java.base/java.net.InetAddress.getAllByName(InetAddress.java:1688) ~[na:na]
	at org.apache.kafka.clients.DefaultHostResolver.resolve(DefaultHostResolver.java:27) ~[kafka-clients-3.9.1.jar:na]
	at org.apache.kafka.clients.ClientUtils.resolve(ClientUtils.java:125) ~[kafka-clients-3.9.1.jar:na]
	at org.apache.kafka.clients.ClusterConnectionStates$NodeConnectionState.resolveAddresses(ClusterConnectionStates.java:536) ~[kafka-clients-3.9.1.jar:na]
	at org.apache.kafka.clients.ClusterConnectionStates$NodeConnectionState.currentAddress(ClusterConnectionStates.java:511) ~[kafka-clients-3.9.1.jar:na]
	at org.apache.kafka.clients.ClusterConnectionStates$NodeConnectionState.access$200(ClusterConnectionStates.java:466) ~[kafka-clients-3.9.1.jar:na]
	at org.apache.kafka.clients.ClusterConnectionStates.currentAddress(ClusterConnectionStates.java:173) ~[kafka-clients-3.9.1.jar:na]
	at org.apache.kafka.clients.NetworkClient.initiateConnect(NetworkClient.java:1075) ~[kafka-clients-3.9.1.jar:na]
	at org.apache.kafka.clients.NetworkClient.ready(NetworkClient.java:321) ~[kafka-clients-3.9.1.jar:na]
	at org.apache.kafka.clients.NetworkClientUtils.awaitReady(NetworkClientUtils.java:65) ~[kafka-clients-3.9.1.jar:na]
	at org.apache.kafka.clients.producer.internals.Sender.awaitNodeReady(Sender.java:569) ~[kafka-clients-3.9.1.jar:na]
	at org.apache.kafka.clients.producer.internals.Sender.maybeSendAndPollTransactionalRequest(Sender.java:490) ~[kafka-clients-3.9.1.jar:na]
	at org.apache.kafka.clients.producer.internals.Sender.runOnce(Sender.java:337) ~[kafka-clients-3.9.1.jar:na]
	at org.apache.kafka.clients.producer.internals.Sender.run(Sender.java:251) ~[kafka-clients-3.9.1.jar:na]
	at java.base/java.lang.Thread.run(Thread.java:1583) ~[na:na]

2026-08-14T14:50:40.967+05:30  WARN 28548 --- [           main] o.h.engine.jdbc.spi.SqlExceptionHelper   : SQL Warning Code: 0, SQLState: 00000
2026-08-14T14:50:40.967+05:30  WARN 28548 --- [           main] o.h.engine.jdbc.spi.SqlExceptionHelper   : constraint "uq_password_history_public_id" of relation "password_history" does not exist, skipping
2026-08-14T14:50:40.978+05:30  WARN 28548 --- [           main] o.h.engine.jdbc.spi.SqlExceptionHelper   : SQL Warning Code: 0, SQLState: 00000
2026-08-14T14:50:40.978+05:30  WARN 28548 --- [           main] o.h.engine.jdbc.spi.SqlExceptionHelper   : constraint "platform_tier_defaults_security_tier_key" of relation "platform_tier_defaults" does not exist, skipping
2026-08-14T14:50:40.988+05:30  WARN 28548 --- [           main] o.h.engine.jdbc.spi.SqlExceptionHelper   : SQL Warning Code: 0, SQLState: 00000
2026-08-14T14:50:40.989+05:30  WARN 28548 --- [           main] o.h.engine.jdbc.spi.SqlExceptionHelper   : constraint "uq_ptd_code" of relation "platform_tier_defaults" does not exist, skipping
2026-08-14T14:50:40.999+05:30  WARN 28548 --- [           main] o.h.engine.jdbc.spi.SqlExceptionHelper   : SQL Warning Code: 0, SQLState: 00000
2026-08-14T14:50:40.999+05:30  WARN 28548 --- [           main] o.h.engine.jdbc.spi.SqlExceptionHelper   : constraint "uq_ptd_public_id" of relation "platform_tier_defaults" does not exist, skipping
2026-08-14T14:50:41.040+05:30  WARN 28548 --- [           main] o.h.engine.jdbc.spi.SqlExceptionHelper   : SQL Warning Code: 0, SQLState: 00000
2026-08-14T14:50:41.040+05:30  WARN 28548 --- [           main] o.h.engine.jdbc.spi.SqlExceptionHelper   : constraint "ukeff58oae6h74vjgw6wsaf50hq" of relation "principal_role_mapping" does not exist, skipping
2026-08-14T14:50:41.050+05:30  WARN 28548 --- [           main] o.h.engine.jdbc.spi.SqlExceptionHelper   : SQL Warning Code: 0, SQLState: 00000
2026-08-14T14:50:41.050+05:30  WARN 28548 --- [           main] o.h.engine.jdbc.spi.SqlExceptionHelper   : constraint "ukphgv5s0fgfirm3e0eq1fy3ii" of relation "principal_role_mapping" does not exist, skipping
2026-08-14T14:50:41.060+05:30  WARN 28548 --- [           main] o.h.engine.jdbc.spi.SqlExceptionHelper   : SQL Warning Code: 0, SQLState: 00000
2026-08-14T14:50:41.060+05:30  WARN 28548 --- [           main] o.h.engine.jdbc.spi.SqlExceptionHelper   : constraint "provisioning_record_code_key" of relation "provisioning_record" does not exist, skipping
2026-08-14T14:50:41.073+05:30  WARN 28548 --- [           main] o.h.engine.jdbc.spi.SqlExceptionHelper   : SQL Warning Code: 0, SQLState: 00000
2026-08-14T14:50:41.073+05:30  WARN 28548 --- [           main] o.h.engine.jdbc.spi.SqlExceptionHelper   : constraint "provisioning_record_idempotency_key_key" of relation "provisioning_record" does not exist, skipping
2026-08-14T14:50:41.082+05:30  WARN 28548 --- [           main] o.h.engine.jdbc.spi.SqlExceptionHelper   : SQL Warning Code: 0, SQLState: 00000
2026-08-14T14:50:41.082+05:30  WARN 28548 --- [           main] o.h.engine.jdbc.spi.SqlExceptionHelper   : constraint "provisioning_record_public_id_key" of relation "provisioning_record" does not exist, skipping
2026-08-14T14:50:41.089+05:30  WARN 28548 --- [           main] o.h.engine.jdbc.spi.SqlExceptionHelper   : SQL Warning Code: 0, SQLState: 00000
2026-08-14T14:50:41.089+05:30  WARN 28548 --- [           main] o.h.engine.jdbc.spi.SqlExceptionHelper   : constraint "relationship_shared_resource_code_key" of relation "relationship_shared_resource" does not exist, skipping
2026-08-14T14:50:41.098+05:30  WARN 28548 --- [           main] o.h.engine.jdbc.spi.SqlExceptionHelper   : SQL Warning Code: 0, SQLState: 00000
2026-08-14T14:50:41.099+05:30  WARN 28548 --- [           main] o.h.engine.jdbc.spi.SqlExceptionHelper   : constraint "relationship_shared_resource_public_id_key" of relation "relationship_shared_resource" does not exist, skipping
2026-08-14T14:50:41.112+05:30  WARN 28548 --- [           main] o.h.engine.jdbc.spi.SqlExceptionHelper   : SQL Warning Code: 0, SQLState: 00000
2026-08-14T14:50:41.112+05:30  WARN 28548 --- [           main] o.h.engine.jdbc.spi.SqlExceptionHelper   : constraint "uq_rsr_relationship_rule" of relation "relationship_shared_resource" does not exist, skipping
2026-08-14T14:50:41.121+05:30  WARN 28548 --- [           main] o.h.engine.jdbc.spi.SqlExceptionHelper   : SQL Warning Code: 0, SQLState: 00000
2026-08-14T14:50:41.122+05:30  WARN 28548 --- [           main] o.h.engine.jdbc.spi.SqlExceptionHelper   : constraint "relationship_shared_resource_event_code_key" of relation "relationship_shared_resource_event" does not exist, skipping
2026-08-14T14:50:41.132+05:30  WARN 28548 --- [           main] o.h.engine.jdbc.spi.SqlExceptionHelper   : SQL Warning Code: 0, SQLState: 00000
2026-08-14T14:50:41.132+05:30  WARN 28548 --- [           main] o.h.engine.jdbc.spi.SqlExceptionHelper   : constraint "relationship_shared_resource_event_public_id_key" of relation "relationship_shared_resource_event" does not exist, skipping
2026-08-14T14:50:41.142+05:30  WARN 28548 --- [           main] o.h.engine.jdbc.spi.SqlExceptionHelper   : SQL Warning Code: 0, SQLState: 00000
2026-08-14T14:50:41.142+05:30  WARN 28548 --- [           main] o.h.engine.jdbc.spi.SqlExceptionHelper   : constraint "uq_rsrule_code" of relation "relationship_sharing_rule" does not exist, skipping
2026-08-14T14:50:41.153+05:30  WARN 28548 --- [           main] o.h.engine.jdbc.spi.SqlExceptionHelper   : SQL Warning Code: 0, SQLState: 00000
2026-08-14T14:50:41.153+05:30  WARN 28548 --- [           main] o.h.engine.jdbc.spi.SqlExceptionHelper   : constraint "uq_rsrule_public_id" of relation "relationship_sharing_rule" does not exist, skipping
2026-08-14T14:50:41.175+05:30  WARN 28548 --- [           main] o.h.engine.jdbc.spi.SqlExceptionHelper   : SQL Warning Code: 0, SQLState: 00000
2026-08-14T14:50:41.175+05:30  WARN 28548 --- [           main] o.h.engine.jdbc.spi.SqlExceptionHelper   : constraint "role_authority_mapping_code_key" of relation "role_authority_mapping" does not exist, skipping
2026-08-14T14:50:41.186+05:30  WARN 28548 --- [           main] o.h.engine.jdbc.spi.SqlExceptionHelper   : SQL Warning Code: 0, SQLState: 00000
2026-08-14T14:50:41.186+05:30  WARN 28548 --- [           main] o.h.engine.jdbc.spi.SqlExceptionHelper   : constraint "role_authority_mapping_public_id_key" of relation "role_authority_mapping" does not exist, skipping
2026-08-14T14:50:41.199+05:30  WARN 28548 --- [           main] o.h.engine.jdbc.spi.SqlExceptionHelper   : SQL Warning Code: 0, SQLState: 00000
2026-08-14T14:50:41.199+05:30  WARN 28548 --- [           main] o.h.engine.jdbc.spi.SqlExceptionHelper   : constraint "role_constraints_code_key" of relation "role_constraints" does not exist, skipping
2026-08-14T14:50:41.210+05:30  WARN 28548 --- [           main] o.h.engine.jdbc.spi.SqlExceptionHelper   : SQL Warning Code: 0, SQLState: 00000
2026-08-14T14:50:41.210+05:30  WARN 28548 --- [           main] o.h.engine.jdbc.spi.SqlExceptionHelper   : constraint "role_constraints_public_id_key" of relation "role_constraints" does not exist, skipping
2026-08-14T14:50:41.220+05:30  WARN 28548 --- [           main] o.h.engine.jdbc.spi.SqlExceptionHelper   : SQL Warning Code: 0, SQLState: 00000
2026-08-14T14:50:41.220+05:30  WARN 28548 --- [           main] o.h.engine.jdbc.spi.SqlExceptionHelper   : constraint "role_definitions_code_key" of relation "role_definitions" does not exist, skipping
2026-08-14T14:50:41.233+05:30  WARN 28548 --- [           main] o.h.engine.jdbc.spi.SqlExceptionHelper   : SQL Warning Code: 0, SQLState: 00000
2026-08-14T14:50:41.233+05:30  WARN 28548 --- [           main] o.h.engine.jdbc.spi.SqlExceptionHelper   : constraint "role_public_id_key" of relation "role_definitions" does not exist, skipping
2026-08-14T14:50:41.247+05:30  WARN 28548 --- [           main] o.h.engine.jdbc.spi.SqlExceptionHelper   : SQL Warning Code: 0, SQLState: 00000
2026-08-14T14:50:41.247+05:30  WARN 28548 --- [           main] o.h.engine.jdbc.spi.SqlExceptionHelper   : constraint "role_route_visibility_override_code_key" of relation "role_route_visibility_override" does not exist, skipping
2026-08-14T14:50:41.259+05:30  WARN 28548 --- [           main] o.h.engine.jdbc.spi.SqlExceptionHelper   : SQL Warning Code: 0, SQLState: 00000
2026-08-14T14:50:41.259+05:30  WARN 28548 --- [           main] o.h.engine.jdbc.spi.SqlExceptionHelper   : constraint "role_route_visibility_override_public_id_key" of relation "role_route_visibility_override" does not exist, skipping
2026-08-14T14:50:41.271+05:30  WARN 28548 --- [           main] o.h.engine.jdbc.spi.SqlExceptionHelper   : SQL Warning Code: 0, SQLState: 00000
2026-08-14T14:50:41.271+05:30  WARN 28548 --- [           main] o.h.engine.jdbc.spi.SqlExceptionHelper   : constraint "uq_role_route_override" of relation "role_route_visibility_override" does not exist, skipping
2026-08-14T14:50:41.281+05:30  WARN 28548 --- [           main] o.h.engine.jdbc.spi.SqlExceptionHelper   : SQL Warning Code: 0, SQLState: 00000
2026-08-14T14:50:41.281+05:30  WARN 28548 --- [           main] o.h.engine.jdbc.spi.SqlExceptionHelper   : constraint "route_node_code_key" of relation "route_node" does not exist, skipping
2026-08-14T14:50:41.291+05:30  WARN 28548 --- [           main] o.h.engine.jdbc.spi.SqlExceptionHelper   : SQL Warning Code: 0, SQLState: 00000
2026-08-14T14:50:41.291+05:30  WARN 28548 --- [           main] o.h.engine.jdbc.spi.SqlExceptionHelper   : constraint "route_node_public_id_key" of relation "route_node" does not exist, skipping
2026-08-14T14:50:41.298+05:30  WARN 28548 --- [           main] o.h.engine.jdbc.spi.SqlExceptionHelper   : SQL Warning Code: 0, SQLState: 00000
2026-08-14T14:50:41.298+05:30  WARN 28548 --- [           main] o.h.engine.jdbc.spi.SqlExceptionHelper   : constraint "uq_route_sibling_slug" of relation "route_node" does not exist, skipping
2026-08-14T14:50:41.307+05:30  WARN 28548 --- [           main] o.h.engine.jdbc.spi.SqlExceptionHelper   : SQL Warning Code: 0, SQLState: 00000
2026-08-14T14:50:41.307+05:30  WARN 28548 --- [           main] o.h.engine.jdbc.spi.SqlExceptionHelper   : constraint "uq_scim_bulk_sync_run_code" of relation "scim_bulk_sync_run" does not exist, skipping
2026-08-14T14:50:41.314+05:30  WARN 28548 --- [           main] o.h.engine.jdbc.spi.SqlExceptionHelper   : SQL Warning Code: 0, SQLState: 00000
2026-08-14T14:50:41.314+05:30  WARN 28548 --- [           main] o.h.engine.jdbc.spi.SqlExceptionHelper   : constraint "ukd6qa17wntu900c2ap7fg1hdjq" of relation "scim_bulk_sync_run" does not exist, skipping
2026-08-14T14:50:41.321+05:30  WARN 28548 --- [           main] o.h.engine.jdbc.spi.SqlExceptionHelper   : SQL Warning Code: 0, SQLState: 00000
2026-08-14T14:50:41.321+05:30  WARN 28548 --- [           main] o.h.engine.jdbc.spi.SqlExceptionHelper   : constraint "uq_scim_directory_code" of relation "scim_directory" does not exist, skipping
2026-08-14T14:50:41.328+05:30  WARN 28548 --- [           main] o.h.engine.jdbc.spi.SqlExceptionHelper   : SQL Warning Code: 0, SQLState: 00000
2026-08-14T14:50:41.328+05:30  WARN 28548 --- [           main] o.h.engine.jdbc.spi.SqlExceptionHelper   : constraint "ukq89kf1c94o8j8wvvnjtk4d8mp" of relation "scim_directory" does not exist, skipping
2026-08-14T14:50:41.336+05:30  WARN 28548 --- [           main] o.h.engine.jdbc.spi.SqlExceptionHelper   : SQL Warning Code: 0, SQLState: 00000
2026-08-14T14:50:41.336+05:30  WARN 28548 --- [           main] o.h.engine.jdbc.spi.SqlExceptionHelper   : constraint "uq_scim_sync_log_code" of relation "scim_sync_log" does not exist, skipping
2026-08-14T14:50:41.341+05:30  WARN 28548 --- [           main] o.h.engine.jdbc.spi.SqlExceptionHelper   : SQL Warning Code: 0, SQLState: 00000
2026-08-14T14:50:41.342+05:30  WARN 28548 --- [           main] o.h.engine.jdbc.spi.SqlExceptionHelper   : constraint "ukq6qsfrm6ycykn1h5tyt9nanw9" of relation "scim_sync_log" does not exist, skipping
2026-08-14T14:50:41.351+05:30  WARN 28548 --- [           main] o.h.engine.jdbc.spi.SqlExceptionHelper   : SQL Warning Code: 0, SQLState: 00000
2026-08-14T14:50:41.351+05:30  WARN 28548 --- [           main] o.h.engine.jdbc.spi.SqlExceptionHelper   : constraint "uq_sar_code" of relation "sensitive_action_registry" does not exist, skipping
2026-08-14T14:50:41.357+05:30  WARN 28548 --- [           main] o.h.engine.jdbc.spi.SqlExceptionHelper   : SQL Warning Code: 0, SQLState: 00000
2026-08-14T14:50:41.357+05:30  WARN 28548 --- [           main] o.h.engine.jdbc.spi.SqlExceptionHelper   : constraint "uq_sar_public_id" of relation "sensitive_action_registry" does not exist, skipping
2026-08-14T14:50:41.365+05:30  WARN 28548 --- [           main] o.h.engine.jdbc.spi.SqlExceptionHelper   : SQL Warning Code: 0, SQLState: 00000
2026-08-14T14:50:41.365+05:30  WARN 28548 --- [           main] o.h.engine.jdbc.spi.SqlExceptionHelper   : constraint "uq_sensitive_action_app_action_tenant" of relation "sensitive_action_registry" does not exist, skipping
2026-08-14T14:50:41.372+05:30  WARN 28548 --- [           main] o.h.engine.jdbc.spi.SqlExceptionHelper   : SQL Warning Code: 0, SQLState: 00000
2026-08-14T14:50:41.372+05:30  WARN 28548 --- [           main] o.h.engine.jdbc.spi.SqlExceptionHelper   : relation "sso_connection" does not exist, skipping
2026-08-14T14:50:41.373+05:30  WARN 28548 --- [           main] o.h.engine.jdbc.spi.SqlExceptionHelper   : SQL Warning Code: 0, SQLState: 00000
2026-08-14T14:50:41.373+05:30  WARN 28548 --- [           main] o.h.engine.jdbc.spi.SqlExceptionHelper   : relation "sso_connection" does not exist, skipping
2026-08-14T14:50:41.374+05:30  WARN 28548 --- [           main] o.h.engine.jdbc.spi.SqlExceptionHelper   : SQL Warning Code: 0, SQLState: 00000
2026-08-14T14:50:41.374+05:30  WARN 28548 --- [           main] o.h.engine.jdbc.spi.SqlExceptionHelper   : relation "sso_connection" does not exist, skipping
2026-08-14T14:50:41.375+05:30  WARN 28548 --- [           main] o.h.engine.jdbc.spi.SqlExceptionHelper   : SQL Warning Code: 0, SQLState: 00000
2026-08-14T14:50:41.376+05:30  WARN 28548 --- [           main] o.h.engine.jdbc.spi.SqlExceptionHelper   : relation "sso_connection" does not exist, skipping
2026-08-14T14:50:41.377+05:30  WARN 28548 --- [           main] o.h.engine.jdbc.spi.SqlExceptionHelper   : SQL Warning Code: 0, SQLState: 00000
2026-08-14T14:50:41.377+05:30  WARN 28548 --- [           main] o.h.engine.jdbc.spi.SqlExceptionHelper   : relation "sso_session" does not exist, skipping
2026-08-14T14:50:41.379+05:30  WARN 28548 --- [           main] o.h.engine.jdbc.spi.SqlExceptionHelper   : SQL Warning Code: 0, SQLState: 00000
2026-08-14T14:50:41.379+05:30  WARN 28548 --- [           main] o.h.engine.jdbc.spi.SqlExceptionHelper   : relation "sso_session" does not exist, skipping
2026-08-14T14:50:41.380+05:30  WARN 28548 --- [           main] o.h.engine.jdbc.spi.SqlExceptionHelper   : SQL Warning Code: 0, SQLState: 00000
2026-08-14T14:50:41.380+05:30  WARN 28548 --- [           main] o.h.engine.jdbc.spi.SqlExceptionHelper   : relation "sso_session" does not exist, skipping
2026-08-14T14:50:41.381+05:30  WARN 28548 --- [           main] o.h.engine.jdbc.spi.SqlExceptionHelper   : SQL Warning Code: 0, SQLState: 00000
2026-08-14T14:50:41.382+05:30  WARN 28548 --- [           main] o.h.engine.jdbc.spi.SqlExceptionHelper   : relation "sso_session" does not exist, skipping
2026-08-14T14:50:41.383+05:30  WARN 28548 --- [           main] o.h.engine.jdbc.spi.SqlExceptionHelper   : SQL Warning Code: 0, SQLState: 00000
2026-08-14T14:50:41.383+05:30  WARN 28548 --- [           main] o.h.engine.jdbc.spi.SqlExceptionHelper   : relation "sso_session" does not exist, skipping
2026-08-14T14:50:41.386+05:30  WARN 28548 --- [           main] o.h.engine.jdbc.spi.SqlExceptionHelper   : SQL Warning Code: 0, SQLState: 00000
2026-08-14T14:50:41.386+05:30  WARN 28548 --- [           main] o.h.engine.jdbc.spi.SqlExceptionHelper   : relation "sso_session" does not exist, skipping
2026-08-14T14:50:41.387+05:30  WARN 28548 --- [           main] o.h.engine.jdbc.spi.SqlExceptionHelper   : SQL Warning Code: 0, SQLState: 00000
2026-08-14T14:50:41.387+05:30  WARN 28548 --- [           main] o.h.engine.jdbc.spi.SqlExceptionHelper   : relation "sso_user_link" does not exist, skipping
2026-08-14T14:50:41.390+05:30  WARN 28548 --- [           main] o.h.engine.jdbc.spi.SqlExceptionHelper   : SQL Warning Code: 0, SQLState: 00000
2026-08-14T14:50:41.390+05:30  WARN 28548 --- [           main] o.h.engine.jdbc.spi.SqlExceptionHelper   : relation "sso_user_link" does not exist, skipping
2026-08-14T14:50:41.391+05:30  WARN 28548 --- [           main] o.h.engine.jdbc.spi.SqlExceptionHelper   : SQL Warning Code: 0, SQLState: 00000
2026-08-14T14:50:41.391+05:30  WARN 28548 --- [           main] o.h.engine.jdbc.spi.SqlExceptionHelper   : relation "sso_user_link" does not exist, skipping
2026-08-14T14:50:41.392+05:30  WARN 28548 --- [           main] o.h.engine.jdbc.spi.SqlExceptionHelper   : SQL Warning Code: 0, SQLState: 00000
2026-08-14T14:50:41.393+05:30  WARN 28548 --- [           main] o.h.engine.jdbc.spi.SqlExceptionHelper   : relation "sso_user_link" does not exist, skipping
2026-08-14T14:50:41.394+05:30  WARN 28548 --- [           main] o.h.engine.jdbc.spi.SqlExceptionHelper   : SQL Warning Code: 0, SQLState: 00000
2026-08-14T14:50:41.394+05:30  WARN 28548 --- [           main] o.h.engine.jdbc.spi.SqlExceptionHelper   : relation "sso_user_link" does not exist, skipping
2026-08-14T14:50:41.396+05:30  WARN 28548 --- [           main] o.h.engine.jdbc.spi.SqlExceptionHelper   : SQL Warning Code: 0, SQLState: 00000
2026-08-14T14:50:41.396+05:30  WARN 28548 --- [           main] o.h.engine.jdbc.spi.SqlExceptionHelper   : relation "sso_user_link" does not exist, skipping
2026-08-14T14:50:41.400+05:30  WARN 28548 --- [           main] o.h.engine.jdbc.spi.SqlExceptionHelper   : SQL Warning Code: 0, SQLState: 00000
2026-08-14T14:50:41.400+05:30  WARN 28548 --- [           main] o.h.engine.jdbc.spi.SqlExceptionHelper   : constraint "tenant_accounts_code_key" of relation "tenant_accounts" does not exist, skipping
2026-08-14T14:50:41.405+05:30  WARN 28548 --- [           main] o.h.engine.jdbc.spi.SqlExceptionHelper   : SQL Warning Code: 0, SQLState: 00000
2026-08-14T14:50:41.405+05:30  WARN 28548 --- [           main] o.h.engine.jdbc.spi.SqlExceptionHelper   : constraint "tenants_public_id_key" of relation "tenant_accounts" does not exist, skipping
2026-08-14T14:50:41.412+05:30  WARN 28548 --- [           main] o.h.engine.jdbc.spi.SqlExceptionHelper   : SQL Warning Code: 0, SQLState: 00000
2026-08-14T14:50:41.412+05:30  WARN 28548 --- [           main] o.h.engine.jdbc.spi.SqlExceptionHelper   : constraint "tenants_tenant_key_key" of relation "tenant_accounts" does not exist, skipping
2026-08-14T14:50:41.419+05:30  WARN 28548 --- [           main] o.h.engine.jdbc.spi.SqlExceptionHelper   : SQL Warning Code: 0, SQLState: 00000
2026-08-14T14:50:41.419+05:30  WARN 28548 --- [           main] o.h.engine.jdbc.spi.SqlExceptionHelper   : constraint "tenant_accounts_tenant_id_key" of relation "tenant_accounts" does not exist, skipping
2026-08-14T14:50:41.425+05:30  WARN 28548 --- [           main] o.h.engine.jdbc.spi.SqlExceptionHelper   : SQL Warning Code: 0, SQLState: 00000
2026-08-14T14:50:41.426+05:30  WARN 28548 --- [           main] o.h.engine.jdbc.spi.SqlExceptionHelper   : constraint "uq_tenant_auth_policy_tenant" of relation "tenant_auth_policy" does not exist, skipping
2026-08-14T14:50:41.434+05:30  WARN 28548 --- [           main] o.h.engine.jdbc.spi.SqlExceptionHelper   : SQL Warning Code: 0, SQLState: 00000
2026-08-14T14:50:41.434+05:30  WARN 28548 --- [           main] o.h.engine.jdbc.spi.SqlExceptionHelper   : constraint "uq_tap_code" of relation "tenant_auth_policy" does not exist, skipping
2026-08-14T14:50:41.444+05:30  WARN 28548 --- [           main] o.h.engine.jdbc.spi.SqlExceptionHelper   : SQL Warning Code: 0, SQLState: 00000
2026-08-14T14:50:41.444+05:30  WARN 28548 --- [           main] o.h.engine.jdbc.spi.SqlExceptionHelper   : constraint "uq_tap_public_id" of relation "tenant_auth_policy" does not exist, skipping
2026-08-14T14:50:41.452+05:30  WARN 28548 --- [           main] o.h.engine.jdbc.spi.SqlExceptionHelper   : SQL Warning Code: 0, SQLState: 00000
2026-08-14T14:50:41.452+05:30  WARN 28548 --- [           main] o.h.engine.jdbc.spi.SqlExceptionHelper   : constraint "tenant_baseline_policy_code_key" of relation "tenant_baseline_policy" does not exist, skipping
2026-08-14T14:50:41.458+05:30  WARN 28548 --- [           main] o.h.engine.jdbc.spi.SqlExceptionHelper   : SQL Warning Code: 0, SQLState: 00000
2026-08-14T14:50:41.458+05:30  WARN 28548 --- [           main] o.h.engine.jdbc.spi.SqlExceptionHelper   : constraint "tenant_baseline_policy_public_id_key" of relation "tenant_baseline_policy" does not exist, skipping
2026-08-14T14:50:41.466+05:30  WARN 28548 --- [           main] o.h.engine.jdbc.spi.SqlExceptionHelper   : SQL Warning Code: 0, SQLState: 00000
2026-08-14T14:50:41.466+05:30  WARN 28548 --- [           main] o.h.engine.jdbc.spi.SqlExceptionHelper   : constraint "uq_tenant_branding_public_id" of relation "tenant_branding" does not exist, skipping
2026-08-14T14:50:41.475+05:30  WARN 28548 --- [           main] o.h.engine.jdbc.spi.SqlExceptionHelper   : SQL Warning Code: 0, SQLState: 00000
2026-08-14T14:50:41.475+05:30  WARN 28548 --- [           main] o.h.engine.jdbc.spi.SqlExceptionHelper   : constraint "uq_tenant_branding_tenant_id" of relation "tenant_branding" does not exist, skipping
2026-08-14T14:50:41.480+05:30  WARN 28548 --- [           main] o.h.engine.jdbc.spi.SqlExceptionHelper   : SQL Warning Code: 0, SQLState: 00000
2026-08-14T14:50:41.480+05:30  WARN 28548 --- [           main] o.h.engine.jdbc.spi.SqlExceptionHelper   : constraint "uq_tenant_env_type" of relation "tenant_environment" does not exist, skipping
2026-08-14T14:50:41.484+05:30  WARN 28548 --- [           main] o.h.engine.jdbc.spi.SqlExceptionHelper   : SQL Warning Code: 0, SQLState: 00000
2026-08-14T14:50:41.484+05:30  WARN 28548 --- [           main] o.h.engine.jdbc.spi.SqlExceptionHelper   : constraint "tenant_environment_code_key" of relation "tenant_environment" does not exist, skipping
2026-08-14T14:50:41.489+05:30  WARN 28548 --- [           main] o.h.engine.jdbc.spi.SqlExceptionHelper   : SQL Warning Code: 0, SQLState: 00000
2026-08-14T14:50:41.489+05:30  WARN 28548 --- [           main] o.h.engine.jdbc.spi.SqlExceptionHelper   : constraint "tenant_environment_public_id_key" of relation "tenant_environment" does not exist, skipping
2026-08-14T14:50:41.495+05:30  WARN 28548 --- [           main] o.h.engine.jdbc.spi.SqlExceptionHelper   : SQL Warning Code: 0, SQLState: 00000
2026-08-14T14:50:41.496+05:30  WARN 28548 --- [           main] o.h.engine.jdbc.spi.SqlExceptionHelper   : constraint "uq_tfvo_public_id" of relation "tenant_field_visibility_override" does not exist, skipping
2026-08-14T14:50:41.503+05:30  WARN 28548 --- [           main] o.h.engine.jdbc.spi.SqlExceptionHelper   : SQL Warning Code: 0, SQLState: 00000
2026-08-14T14:50:41.503+05:30  WARN 28548 --- [           main] o.h.engine.jdbc.spi.SqlExceptionHelper   : constraint "tenant_health_score_code_key" of relation "tenant_health_score" does not exist, skipping
2026-08-14T14:50:41.511+05:30  WARN 28548 --- [           main] o.h.engine.jdbc.spi.SqlExceptionHelper   : SQL Warning Code: 0, SQLState: 00000
2026-08-14T14:50:41.511+05:30  WARN 28548 --- [           main] o.h.engine.jdbc.spi.SqlExceptionHelper   : constraint "tenant_health_score_public_id_key" of relation "tenant_health_score" does not exist, skipping
2026-08-14T14:50:41.517+05:30  WARN 28548 --- [           main] o.h.engine.jdbc.spi.SqlExceptionHelper   : SQL Warning Code: 0, SQLState: 00000
2026-08-14T14:50:41.518+05:30  WARN 28548 --- [           main] o.h.engine.jdbc.spi.SqlExceptionHelper   : constraint "tenant_lifecycle_event_code_key" of relation "tenant_lifecycle_event" does not exist, skipping
2026-08-14T14:50:41.525+05:30  WARN 28548 --- [           main] o.h.engine.jdbc.spi.SqlExceptionHelper   : SQL Warning Code: 0, SQLState: 00000
2026-08-14T14:50:41.526+05:30  WARN 28548 --- [           main] o.h.engine.jdbc.spi.SqlExceptionHelper   : constraint "tenant_lifecycle_event_idempotency_key_key" of relation "tenant_lifecycle_event" does not exist, skipping
2026-08-14T14:50:41.533+05:30  WARN 28548 --- [           main] o.h.engine.jdbc.spi.SqlExceptionHelper   : SQL Warning Code: 0, SQLState: 00000
2026-08-14T14:50:41.533+05:30  WARN 28548 --- [           main] o.h.engine.jdbc.spi.SqlExceptionHelper   : constraint "tenant_lifecycle_event_public_id_key" of relation "tenant_lifecycle_event" does not exist, skipping
2026-08-14T14:50:41.539+05:30  WARN 28548 --- [           main] o.h.engine.jdbc.spi.SqlExceptionHelper   : SQL Warning Code: 0, SQLState: 00000
2026-08-14T14:50:41.539+05:30  WARN 28548 --- [           main] o.h.engine.jdbc.spi.SqlExceptionHelper   : constraint "uq_toc_tenant_app_item" of relation "tenant_onboarding_checklist" does not exist, skipping
2026-08-14T14:50:41.545+05:30  WARN 28548 --- [           main] o.h.engine.jdbc.spi.SqlExceptionHelper   : SQL Warning Code: 0, SQLState: 00000
2026-08-14T14:50:41.545+05:30  WARN 28548 --- [           main] o.h.engine.jdbc.spi.SqlExceptionHelper   : constraint "tenant_onboarding_checklist_code_key" of relation "tenant_onboarding_checklist" does not exist, skipping
2026-08-14T14:50:41.552+05:30  WARN 28548 --- [           main] o.h.engine.jdbc.spi.SqlExceptionHelper   : SQL Warning Code: 0, SQLState: 00000
2026-08-14T14:50:41.552+05:30  WARN 28548 --- [           main] o.h.engine.jdbc.spi.SqlExceptionHelper   : constraint "tenant_onboarding_checklist_public_id_key" of relation "tenant_onboarding_checklist" does not exist, skipping
2026-08-14T14:50:41.562+05:30  WARN 28548 --- [           main] o.h.engine.jdbc.spi.SqlExceptionHelper   : SQL Warning Code: 0, SQLState: 00000
2026-08-14T14:50:41.562+05:30  WARN 28548 --- [           main] o.h.engine.jdbc.spi.SqlExceptionHelper   : constraint "uq_tpr_source_target" of relation "tenant_partner_relationship" does not exist, skipping
2026-08-14T14:50:41.569+05:30  WARN 28548 --- [           main] o.h.engine.jdbc.spi.SqlExceptionHelper   : SQL Warning Code: 0, SQLState: 00000
2026-08-14T14:50:41.569+05:30  WARN 28548 --- [           main] o.h.engine.jdbc.spi.SqlExceptionHelper   : constraint "tenant_partner_relationship_code_key" of relation "tenant_partner_relationship" does not exist, skipping
2026-08-14T14:50:41.577+05:30  WARN 28548 --- [           main] o.h.engine.jdbc.spi.SqlExceptionHelper   : SQL Warning Code: 0, SQLState: 00000
2026-08-14T14:50:41.578+05:30  WARN 28548 --- [           main] o.h.engine.jdbc.spi.SqlExceptionHelper   : constraint "tenant_partner_relationship_public_id_key" of relation "tenant_partner_relationship" does not exist, skipping
2026-08-14T14:50:41.584+05:30  WARN 28548 --- [           main] o.h.engine.jdbc.spi.SqlExceptionHelper   : SQL Warning Code: 0, SQLState: 00000
2026-08-14T14:50:41.585+05:30  WARN 28548 --- [           main] o.h.engine.jdbc.spi.SqlExceptionHelper   : constraint "uq_tenant_prefs_public_id" of relation "tenant_preferences" does not exist, skipping
2026-08-14T14:50:41.592+05:30  WARN 28548 --- [           main] o.h.engine.jdbc.spi.SqlExceptionHelper   : SQL Warning Code: 0, SQLState: 00000
2026-08-14T14:50:41.592+05:30  WARN 28548 --- [           main] o.h.engine.jdbc.spi.SqlExceptionHelper   : constraint "uq_tenant_prefs_tenant_id" of relation "tenant_preferences" does not exist, skipping
2026-08-14T14:50:41.597+05:30  WARN 28548 --- [           main] o.h.engine.jdbc.spi.SqlExceptionHelper   : SQL Warning Code: 0, SQLState: 00000
2026-08-14T14:50:41.597+05:30  WARN 28548 --- [           main] o.h.engine.jdbc.spi.SqlExceptionHelper   : constraint "uq_tpp_tenant" of relation "tenant_provisioning_policy" does not exist, skipping
2026-08-14T14:50:41.605+05:30  WARN 28548 --- [           main] o.h.engine.jdbc.spi.SqlExceptionHelper   : SQL Warning Code: 0, SQLState: 00000
2026-08-14T14:50:41.605+05:30  WARN 28548 --- [           main] o.h.engine.jdbc.spi.SqlExceptionHelper   : constraint "tenant_provisioning_policy_code_key" of relation "tenant_provisioning_policy" does not exist, skipping
2026-08-14T14:50:41.619+05:30  WARN 28548 --- [           main] o.h.engine.jdbc.spi.SqlExceptionHelper   : SQL Warning Code: 0, SQLState: 00000
2026-08-14T14:50:41.619+05:30  WARN 28548 --- [           main] o.h.engine.jdbc.spi.SqlExceptionHelper   : constraint "tenant_provisioning_policy_public_id_key" of relation "tenant_provisioning_policy" does not exist, skipping
2026-08-14T14:50:41.629+05:30  WARN 28548 --- [           main] o.h.engine.jdbc.spi.SqlExceptionHelper   : SQL Warning Code: 0, SQLState: 00000
2026-08-14T14:50:41.629+05:30  WARN 28548 --- [           main] o.h.engine.jdbc.spi.SqlExceptionHelper   : constraint "uq_trp_tenant" of relation "tenant_retention_policy" does not exist, skipping
2026-08-14T14:50:41.636+05:30  WARN 28548 --- [           main] o.h.engine.jdbc.spi.SqlExceptionHelper   : SQL Warning Code: 0, SQLState: 00000
2026-08-14T14:50:41.636+05:30  WARN 28548 --- [           main] o.h.engine.jdbc.spi.SqlExceptionHelper   : constraint "tenant_retention_policy_code_key" of relation "tenant_retention_policy" does not exist, skipping
2026-08-14T14:50:41.643+05:30  WARN 28548 --- [           main] o.h.engine.jdbc.spi.SqlExceptionHelper   : SQL Warning Code: 0, SQLState: 00000
2026-08-14T14:50:41.643+05:30  WARN 28548 --- [           main] o.h.engine.jdbc.spi.SqlExceptionHelper   : constraint "tenant_retention_policy_public_id_key" of relation "tenant_retention_policy" does not exist, skipping
2026-08-14T14:50:41.651+05:30  WARN 28548 --- [           main] o.h.engine.jdbc.spi.SqlExceptionHelper   : SQL Warning Code: 0, SQLState: 00000
2026-08-14T14:50:41.651+05:30  WARN 28548 --- [           main] o.h.engine.jdbc.spi.SqlExceptionHelper   : constraint "uq_tsl_tenant_locale" of relation "tenant_supported_languages" does not exist, skipping
2026-08-14T14:50:41.656+05:30  WARN 28548 --- [           main] o.h.engine.jdbc.spi.SqlExceptionHelper   : SQL Warning Code: 0, SQLState: 00000
2026-08-14T14:50:41.656+05:30  WARN 28548 --- [           main] o.h.engine.jdbc.spi.SqlExceptionHelper   : constraint "uq_tsl_code" of relation "tenant_supported_languages" does not exist, skipping
2026-08-14T14:50:41.663+05:30  WARN 28548 --- [           main] o.h.engine.jdbc.spi.SqlExceptionHelper   : SQL Warning Code: 0, SQLState: 00000
2026-08-14T14:50:41.663+05:30  WARN 28548 --- [           main] o.h.engine.jdbc.spi.SqlExceptionHelper   : constraint "uq_tsl_public_id" of relation "tenant_supported_languages" does not exist, skipping
2026-08-14T14:50:41.669+05:30  WARN 28548 --- [           main] o.h.engine.jdbc.spi.SqlExceptionHelper   : SQL Warning Code: 0, SQLState: 00000
2026-08-14T14:50:41.669+05:30  WARN 28548 --- [           main] o.h.engine.jdbc.spi.SqlExceptionHelper   : constraint "uq_tenant_tier_policy" of relation "tenant_tier_policy" does not exist, skipping
2026-08-14T14:50:41.676+05:30  WARN 28548 --- [           main] o.h.engine.jdbc.spi.SqlExceptionHelper   : SQL Warning Code: 0, SQLState: 00000
2026-08-14T14:50:41.676+05:30  WARN 28548 --- [           main] o.h.engine.jdbc.spi.SqlExceptionHelper   : constraint "uq_ttp_code" of relation "tenant_tier_policy" does not exist, skipping
2026-08-14T14:50:41.682+05:30  WARN 28548 --- [           main] o.h.engine.jdbc.spi.SqlExceptionHelper   : SQL Warning Code: 0, SQLState: 00000
2026-08-14T14:50:41.682+05:30  WARN 28548 --- [           main] o.h.engine.jdbc.spi.SqlExceptionHelper   : constraint "uq_ttp_public_id" of relation "tenant_tier_policy" does not exist, skipping
2026-08-14T14:50:41.687+05:30  WARN 28548 --- [           main] o.h.engine.jdbc.spi.SqlExceptionHelper   : SQL Warning Code: 0, SQLState: 00000
2026-08-14T14:50:41.687+05:30  WARN 28548 --- [           main] o.h.engine.jdbc.spi.SqlExceptionHelper   : constraint "trusted_device_device_token_hash_key" of relation "trusted_device" does not exist, skipping
2026-08-14T14:50:41.693+05:30  WARN 28548 --- [           main] o.h.engine.jdbc.spi.SqlExceptionHelper   : SQL Warning Code: 0, SQLState: 00000
2026-08-14T14:50:41.693+05:30  WARN 28548 --- [           main] o.h.engine.jdbc.spi.SqlExceptionHelper   : constraint "uq_trusted_device_code" of relation "trusted_device" does not exist, skipping
2026-08-14T14:50:41.700+05:30  WARN 28548 --- [           main] o.h.engine.jdbc.spi.SqlExceptionHelper   : SQL Warning Code: 0, SQLState: 00000
2026-08-14T14:50:41.700+05:30  WARN 28548 --- [           main] o.h.engine.jdbc.spi.SqlExceptionHelper   : constraint "uq_trusted_device_public_id" of relation "trusted_device" does not exist, skipping
2026-08-14T14:50:41.721+05:30  WARN 28548 --- [           main] o.h.engine.jdbc.spi.SqlExceptionHelper   : SQL Warning Code: 0, SQLState: 00000
2026-08-14T14:50:41.721+05:30  WARN 28548 --- [           main] o.h.engine.jdbc.spi.SqlExceptionHelper   : constraint "uq_user_tenant_external_employee_id" of relation "user_accounts" does not exist, skipping
2026-08-14T14:50:41.728+05:30  WARN 28548 --- [           main] o.h.engine.jdbc.spi.SqlExceptionHelper   : SQL Warning Code: 0, SQLState: 00000
2026-08-14T14:50:41.728+05:30  WARN 28548 --- [           main] o.h.engine.jdbc.spi.SqlExceptionHelper   : constraint "user_accounts_code_key" of relation "user_accounts" does not exist, skipping
2026-08-14T14:50:41.732+05:30  WARN 28548 --- [           main] o.h.engine.jdbc.spi.SqlExceptionHelper   : SQL Warning Code: 0, SQLState: 00000
2026-08-14T14:50:41.732+05:30  WARN 28548 --- [           main] o.h.engine.jdbc.spi.SqlExceptionHelper   : constraint "users_public_id_key" of relation "user_accounts" does not exist, skipping
2026-08-14T14:50:41.740+05:30  WARN 28548 --- [           main] o.h.engine.jdbc.spi.SqlExceptionHelper   : SQL Warning Code: 0, SQLState: 00000
2026-08-14T14:50:41.740+05:30  WARN 28548 --- [           main] o.h.engine.jdbc.spi.SqlExceptionHelper   : constraint "uq_user_accounts_user_name" of relation "user_accounts" does not exist, skipping
2026-08-14T14:50:41.748+05:30  WARN 28548 --- [           main] o.h.engine.jdbc.spi.SqlExceptionHelper   : SQL Warning Code: 0, SQLState: 00000
2026-08-14T14:50:41.748+05:30  WARN 28548 --- [           main] o.h.engine.jdbc.spi.SqlExceptionHelper   : constraint "user_constraints_code_key" of relation "user_constraints" does not exist, skipping
2026-08-14T14:50:41.755+05:30  WARN 28548 --- [           main] o.h.engine.jdbc.spi.SqlExceptionHelper   : SQL Warning Code: 0, SQLState: 00000
2026-08-14T14:50:41.755+05:30  WARN 28548 --- [           main] o.h.engine.jdbc.spi.SqlExceptionHelper   : constraint "user_constraints_public_id_key" of relation "user_constraints" does not exist, skipping
2026-08-14T14:50:41.763+05:30  WARN 28548 --- [           main] o.h.engine.jdbc.spi.SqlExceptionHelper   : SQL Warning Code: 0, SQLState: 00000
2026-08-14T14:50:41.763+05:30  WARN 28548 --- [           main] o.h.engine.jdbc.spi.SqlExceptionHelper   : constraint "user_delegation_code_key" of relation "user_delegation" does not exist, skipping
2026-08-14T14:50:41.771+05:30  WARN 28548 --- [           main] o.h.engine.jdbc.spi.SqlExceptionHelper   : SQL Warning Code: 0, SQLState: 00000
2026-08-14T14:50:41.771+05:30  WARN 28548 --- [           main] o.h.engine.jdbc.spi.SqlExceptionHelper   : constraint "user_delegation_public_id_key" of relation "user_delegation" does not exist, skipping
2026-08-14T14:50:41.781+05:30  WARN 28548 --- [           main] o.h.engine.jdbc.spi.SqlExceptionHelper   : SQL Warning Code: 0, SQLState: 00000
2026-08-14T14:50:41.781+05:30  WARN 28548 --- [           main] o.h.engine.jdbc.spi.SqlExceptionHelper   : constraint "uq_user_favorites_public_id" of relation "user_favorites" does not exist, skipping
2026-08-14T14:50:41.789+05:30  WARN 28548 --- [           main] o.h.engine.jdbc.spi.SqlExceptionHelper   : SQL Warning Code: 0, SQLState: 00000
2026-08-14T14:50:41.790+05:30  WARN 28548 --- [           main] o.h.engine.jdbc.spi.SqlExceptionHelper   : constraint "uq_user_mfa_method" of relation "user_mfa_enrollment" does not exist, skipping
2026-08-14T14:50:41.797+05:30  WARN 28548 --- [           main] o.h.engine.jdbc.spi.SqlExceptionHelper   : SQL Warning Code: 0, SQLState: 00000
2026-08-14T14:50:41.797+05:30  WARN 28548 --- [           main] o.h.engine.jdbc.spi.SqlExceptionHelper   : constraint "uq_user_mfa_enrollment_code" of relation "user_mfa_enrollment" does not exist, skipping
2026-08-14T14:50:41.805+05:30  WARN 28548 --- [           main] o.h.engine.jdbc.spi.SqlExceptionHelper   : SQL Warning Code: 0, SQLState: 00000
2026-08-14T14:50:41.806+05:30  WARN 28548 --- [           main] o.h.engine.jdbc.spi.SqlExceptionHelper   : constraint "uq_user_mfa_enrollment_public_id" of relation "user_mfa_enrollment" does not exist, skipping
2026-08-14T14:50:41.813+05:30  WARN 28548 --- [           main] o.h.engine.jdbc.spi.SqlExceptionHelper   : SQL Warning Code: 0, SQLState: 00000
2026-08-14T14:50:41.813+05:30  WARN 28548 --- [           main] o.h.engine.jdbc.spi.SqlExceptionHelper   : constraint "uq_user_passkey_code" of relation "user_passkey" does not exist, skipping
2026-08-14T14:50:41.822+05:30  WARN 28548 --- [           main] o.h.engine.jdbc.spi.SqlExceptionHelper   : SQL Warning Code: 0, SQLState: 00000
2026-08-14T14:50:41.822+05:30  WARN 28548 --- [           main] o.h.engine.jdbc.spi.SqlExceptionHelper   : constraint "uq_user_passkey_public_id" of relation "user_passkey" does not exist, skipping
2026-08-14T14:50:41.831+05:30  WARN 28548 --- [           main] o.h.engine.jdbc.spi.SqlExceptionHelper   : SQL Warning Code: 0, SQLState: 00000
2026-08-14T14:50:41.831+05:30  WARN 28548 --- [           main] o.h.engine.jdbc.spi.SqlExceptionHelper   : constraint "user_passkey_credential_id_key" of relation "user_passkey" does not exist, skipping
2026-08-14T14:50:41.840+05:30  WARN 28548 --- [           main] o.h.engine.jdbc.spi.SqlExceptionHelper   : SQL Warning Code: 0, SQLState: 00000
2026-08-14T14:50:41.840+05:30  WARN 28548 --- [           main] o.h.engine.jdbc.spi.SqlExceptionHelper   : constraint "uq_user_preferences_public_id" of relation "user_preferences" does not exist, skipping
2026-08-14T14:50:41.849+05:30  WARN 28548 --- [           main] o.h.engine.jdbc.spi.SqlExceptionHelper   : SQL Warning Code: 0, SQLState: 00000
2026-08-14T14:50:41.849+05:30  WARN 28548 --- [           main] o.h.engine.jdbc.spi.SqlExceptionHelper   : constraint "user_role_authority_mapping_code_key" of relation "user_role_authority_mapping" does not exist, skipping
2026-08-14T14:50:41.858+05:30  WARN 28548 --- [           main] o.h.engine.jdbc.spi.SqlExceptionHelper   : SQL Warning Code: 0, SQLState: 00000
2026-08-14T14:50:41.858+05:30  WARN 28548 --- [           main] o.h.engine.jdbc.spi.SqlExceptionHelper   : constraint "user_role_authority_mapping_public_id_key" of relation "user_role_authority_mapping" does not exist, skipping
2026-08-14T14:50:41.867+05:30  WARN 28548 --- [           main] o.h.engine.jdbc.spi.SqlExceptionHelper   : SQL Warning Code: 0, SQLState: 00000
2026-08-14T14:50:41.867+05:30  WARN 28548 --- [           main] o.h.engine.jdbc.spi.SqlExceptionHelper   : constraint "user_role_mapping_code_key" of relation "user_role_mapping" does not exist, skipping
2026-08-14T14:50:41.877+05:30  WARN 28548 --- [           main] o.h.engine.jdbc.spi.SqlExceptionHelper   : SQL Warning Code: 0, SQLState: 00000
2026-08-14T14:50:41.877+05:30  WARN 28548 --- [           main] o.h.engine.jdbc.spi.SqlExceptionHelper   : constraint "user_role_mapping_public_id_key" of relation "user_role_mapping" does not exist, skipping
2026-08-14T14:50:41.886+05:30  WARN 28548 --- [           main] o.h.engine.jdbc.spi.SqlExceptionHelper   : SQL Warning Code: 0, SQLState: 00000
2026-08-14T14:50:41.886+05:30  WARN 28548 --- [           main] o.h.engine.jdbc.spi.SqlExceptionHelper   : constraint "uq_user_route_override" of relation "user_route_visibility_override" does not exist, skipping
2026-08-14T14:50:41.896+05:30  WARN 28548 --- [           main] o.h.engine.jdbc.spi.SqlExceptionHelper   : SQL Warning Code: 0, SQLState: 00000
2026-08-14T14:50:41.896+05:30  WARN 28548 --- [           main] o.h.engine.jdbc.spi.SqlExceptionHelper   : constraint "user_route_visibility_override_code_key" of relation "user_route_visibility_override" does not exist, skipping
2026-08-14T14:50:41.905+05:30  WARN 28548 --- [           main] o.h.engine.jdbc.spi.SqlExceptionHelper   : SQL Warning Code: 0, SQLState: 00000
2026-08-14T14:50:41.905+05:30  WARN 28548 --- [           main] o.h.engine.jdbc.spi.SqlExceptionHelper   : constraint "user_route_visibility_override_public_id_key" of relation "user_route_visibility_override" does not exist, skipping
2026-08-14T14:50:41.917+05:30  WARN 28548 --- [           main] o.h.engine.jdbc.spi.SqlExceptionHelper   : SQL Warning Code: 0, SQLState: 00000
2026-08-14T14:50:41.918+05:30  WARN 28548 --- [           main] o.h.engine.jdbc.spi.SqlExceptionHelper   : constraint "uq_view_definition" of relation "view_definitions" does not exist, skipping
2026-08-14T14:50:41.927+05:30  WARN 28548 --- [           main] o.h.engine.jdbc.spi.SqlExceptionHelper   : SQL Warning Code: 0, SQLState: 00000
2026-08-14T14:50:41.927+05:30  WARN 28548 --- [           main] o.h.engine.jdbc.spi.SqlExceptionHelper   : constraint "view_definitions_public_id_key" of relation "view_definitions" does not exist, skipping
2026-08-14T14:50:41.937+05:30  WARN 28548 --- [           main] o.h.engine.jdbc.spi.SqlExceptionHelper   : SQL Warning Code: 0, SQLState: 00000
2026-08-14T14:50:41.937+05:30  WARN 28548 --- [           main] o.h.engine.jdbc.spi.SqlExceptionHelper   : constraint "view_definitions_code_key" of relation "view_definitions" does not exist, skipping
2026-08-14T14:50:41.947+05:30  WARN 28548 --- [           main] o.h.engine.jdbc.spi.SqlExceptionHelper   : SQL Warning Code: 0, SQLState: 00000
2026-08-14T14:50:41.947+05:30  WARN 28548 --- [           main] o.h.engine.jdbc.spi.SqlExceptionHelper   : constraint "uq_vocab_label_public_id" of relation "vocabulary_label" does not exist, skipping
2026-08-14T14:50:41.960+05:30  WARN 28548 --- [           main] o.h.engine.jdbc.spi.SqlExceptionHelper   : SQL Warning Code: 0, SQLState: 00000
2026-08-14T14:50:41.961+05:30  WARN 28548 --- [           main] o.h.engine.jdbc.spi.SqlExceptionHelper   : relation "app_discovery" does not exist, skipping
2026-08-14T14:50:41.995+05:30  WARN 28548 --- [ng-sdk-producer] org.apache.kafka.clients.NetworkClient   : [Producer clientId=logging-sdk-producer] Error connecting to node kafka:29092 (id: 1 rack: null)

java.net.UnknownHostException: kafka
	at java.base/java.net.InetAddress$CachedLookup.get(InetAddress.java:988) ~[na:na]
	at java.base/java.net.InetAddress.getAllByName0(InetAddress.java:1818) ~[na:na]
	at java.base/java.net.InetAddress.getAllByName(InetAddress.java:1688) ~[na:na]
	at org.apache.kafka.clients.DefaultHostResolver.resolve(DefaultHostResolver.java:27) ~[kafka-clients-3.9.1.jar:na]
	at org.apache.kafka.clients.ClientUtils.resolve(ClientUtils.java:125) ~[kafka-clients-3.9.1.jar:na]
	at org.apache.kafka.clients.ClusterConnectionStates$NodeConnectionState.resolveAddresses(ClusterConnectionStates.java:536) ~[kafka-clients-3.9.1.jar:na]
	at org.apache.kafka.clients.ClusterConnectionStates$NodeConnectionState.currentAddress(ClusterConnectionStates.java:511) ~[kafka-clients-3.9.1.jar:na]
	at org.apache.kafka.clients.ClusterConnectionStates$NodeConnectionState.access$200(ClusterConnectionStates.java:466) ~[kafka-clients-3.9.1.jar:na]
	at org.apache.kafka.clients.ClusterConnectionStates.currentAddress(ClusterConnectionStates.java:173) ~[kafka-clients-3.9.1.jar:na]
	at org.apache.kafka.clients.NetworkClient.initiateConnect(NetworkClient.java:1075) ~[kafka-clients-3.9.1.jar:na]
	at org.apache.kafka.clients.NetworkClient.access$800(NetworkClient.java:77) ~[kafka-clients-3.9.1.jar:na]
	at org.apache.kafka.clients.NetworkClient$DefaultMetadataUpdater.maybeUpdate(NetworkClient.java:1264) ~[kafka-clients-3.9.1.jar:na]
	at org.apache.kafka.clients.NetworkClient$DefaultMetadataUpdater.maybeUpdate(NetworkClient.java:1164) ~[kafka-clients-3.9.1.jar:na]
	at org.apache.kafka.clients.NetworkClient.poll(NetworkClient.java:593) ~[kafka-clients-3.9.1.jar:na]
	at org.apache.kafka.clients.NetworkClientUtils.isReady(NetworkClientUtils.java:43) ~[kafka-clients-3.9.1.jar:na]
	at org.apache.kafka.clients.NetworkClientUtils.awaitReady(NetworkClientUtils.java:65) ~[kafka-clients-3.9.1.jar:na]
	at org.apache.kafka.clients.producer.internals.Sender.awaitNodeReady(Sender.java:569) ~[kafka-clients-3.9.1.jar:na]
	at org.apache.kafka.clients.producer.internals.Sender.maybeSendAndPollTransactionalRequest(Sender.java:490) ~[kafka-clients-3.9.1.jar:na]
	at org.apache.kafka.clients.producer.internals.Sender.runOnce(Sender.java:337) ~[kafka-clients-3.9.1.jar:na]
	at org.apache.kafka.clients.producer.internals.Sender.run(Sender.java:251) ~[kafka-clients-3.9.1.jar:na]
	at java.base/java.lang.Thread.run(Thread.java:1583) ~[na:na]

2026-08-14T14:50:41.999+05:30  WARN 28548 --- [           main] o.h.t.s.i.ExceptionHandlerLoggedImpl     : GenerationTarget encountered exception accepting command : Error executing DDL "alter table if exists iam.auth_session add constraint fk_as_sso_connection foreign key (sso_connection_id) references iam.sso_connection" via JDBC [ERROR: relation "iam.sso_connection" does not exist]

org.hibernate.tool.schema.spi.CommandAcceptanceException: Error executing DDL "alter table if exists iam.auth_session add constraint fk_as_sso_connection foreign key (sso_connection_id) references iam.sso_connection" via JDBC [ERROR: relation "iam.sso_connection" does not exist]
	at org.hibernate.tool.schema.internal.exec.GenerationTargetToDatabase.accept(GenerationTargetToDatabase.java:94) ~[hibernate-core-6.6.33.Final.jar:6.6.33.Final]
	at org.hibernate.tool.schema.internal.AbstractSchemaMigrator.applySqlString(AbstractSchemaMigrator.java:576) ~[hibernate-core-6.6.33.Final.jar:6.6.33.Final]
	at org.hibernate.tool.schema.internal.AbstractSchemaMigrator.applySqlStrings(AbstractSchemaMigrator.java:516) ~[hibernate-core-6.6.33.Final.jar:6.6.33.Final]
	at org.hibernate.tool.schema.internal.AbstractSchemaMigrator.applyForeignKeys(AbstractSchemaMigrator.java:448) ~[hibernate-core-6.6.33.Final.jar:6.6.33.Final]
	at org.hibernate.tool.schema.internal.AbstractSchemaMigrator.performMigration(AbstractSchemaMigrator.java:269) ~[hibernate-core-6.6.33.Final.jar:6.6.33.Final]
	at org.hibernate.tool.schema.internal.AbstractSchemaMigrator.doMigration(AbstractSchemaMigrator.java:112) ~[hibernate-core-6.6.33.Final.jar:6.6.33.Final]
	at org.hibernate.tool.schema.spi.SchemaManagementToolCoordinator.performDatabaseAction(SchemaManagementToolCoordinator.java:280) ~[hibernate-core-6.6.33.Final.jar:6.6.33.Final]
	at org.hibernate.tool.schema.spi.SchemaManagementToolCoordinator.lambda$process$5(SchemaManagementToolCoordinator.java:144) ~[hibernate-core-6.6.33.Final.jar:6.6.33.Final]
	at java.base/java.util.HashMap.forEach(HashMap.java:1429) ~[na:na]
	at org.hibernate.tool.schema.spi.SchemaManagementToolCoordinator.process(SchemaManagementToolCoordinator.java:141) ~[hibernate-core-6.6.33.Final.jar:6.6.33.Final]
	at org.hibernate.boot.internal.SessionFactoryObserverForSchemaExport.sessionFactoryCreated(SessionFactoryObserverForSchemaExport.java:37) ~[hibernate-core-6.6.33.Final.jar:6.6.33.Final]
	at org.hibernate.internal.SessionFactoryObserverChain.sessionFactoryCreated(SessionFactoryObserverChain.java:35) ~[hibernate-core-6.6.33.Final.jar:6.6.33.Final]
	at org.hibernate.internal.SessionFactoryImpl.<init>(SessionFactoryImpl.java:324) ~[hibernate-core-6.6.33.Final.jar:6.6.33.Final]
	at org.hibernate.boot.internal.SessionFactoryBuilderImpl.build(SessionFactoryBuilderImpl.java:463) ~[hibernate-core-6.6.33.Final.jar:6.6.33.Final]
	at org.hibernate.jpa.boot.internal.EntityManagerFactoryBuilderImpl.build(EntityManagerFactoryBuilderImpl.java:1517) ~[hibernate-core-6.6.33.Final.jar:6.6.33.Final]
	at org.springframework.orm.jpa.vendor.SpringHibernateJpaPersistenceProvider.createContainerEntityManagerFactory(SpringHibernateJpaPersistenceProvider.java:66) ~[spring-orm-6.2.11.jar:6.2.11]
	at org.springframework.orm.jpa.LocalContainerEntityManagerFactoryBean.createNativeEntityManagerFactory(LocalContainerEntityManagerFactoryBean.java:390) ~[spring-orm-6.2.11.jar:6.2.11]
	at org.springframework.orm.jpa.AbstractEntityManagerFactoryBean.buildNativeEntityManagerFactory(AbstractEntityManagerFactoryBean.java:419) ~[spring-orm-6.2.11.jar:6.2.11]
	at org.springframework.orm.jpa.AbstractEntityManagerFactoryBean.afterPropertiesSet(AbstractEntityManagerFactoryBean.java:400) ~[spring-orm-6.2.11.jar:6.2.11]
	at org.springframework.orm.jpa.LocalContainerEntityManagerFactoryBean.afterPropertiesSet(LocalContainerEntityManagerFactoryBean.java:366) ~[spring-orm-6.2.11.jar:6.2.11]
	at org.springframework.beans.factory.support.AbstractAutowireCapableBeanFactory.invokeInitMethods(AbstractAutowireCapableBeanFactory.java:1873) ~[spring-beans-6.2.11.jar:6.2.11]
	at org.springframework.beans.factory.support.AbstractAutowireCapableBeanFactory.initializeBean(AbstractAutowireCapableBeanFactory.java:1822) ~[spring-beans-6.2.11.jar:6.2.11]
	at org.springframework.beans.factory.support.AbstractAutowireCapableBeanFactory.doCreateBean(AbstractAutowireCapableBeanFactory.java:607) ~[spring-beans-6.2.11.jar:6.2.11]
	at org.springframework.beans.factory.support.AbstractAutowireCapableBeanFactory.createBean(AbstractAutowireCapableBeanFactory.java:529) ~[spring-beans-6.2.11.jar:6.2.11]
	at org.springframework.beans.factory.support.AbstractBeanFactory.lambda$doGetBean$0(AbstractBeanFactory.java:339) ~[spring-beans-6.2.11.jar:6.2.11]
	at org.springframework.beans.factory.support.DefaultSingletonBeanRegistry.getSingleton(DefaultSingletonBeanRegistry.java:373) ~[spring-beans-6.2.11.jar:6.2.11]
	at org.springframework.beans.factory.support.AbstractBeanFactory.doGetBean(AbstractBeanFactory.java:337) ~[spring-beans-6.2.11.jar:6.2.11]
	at org.springframework.beans.factory.support.AbstractBeanFactory.getBean(AbstractBeanFactory.java:227) ~[spring-beans-6.2.11.jar:6.2.11]
	at org.springframework.beans.factory.support.DefaultListableBeanFactory.resolveNamedBean(DefaultListableBeanFactory.java:1613) ~[spring-beans-6.2.11.jar:6.2.11]
	at org.springframework.beans.factory.support.DefaultListableBeanFactory.resolveNamedBean(DefaultListableBeanFactory.java:1571) ~[spring-beans-6.2.11.jar:6.2.11]
	at org.springframework.beans.factory.support.DefaultListableBeanFactory.resolveNamedBean(DefaultListableBeanFactory.java:1539) ~[spring-beans-6.2.11.jar:6.2.11]
	at org.springframework.orm.jpa.support.PersistenceAnnotationBeanPostProcessor.findDefaultEntityManagerFactory(PersistenceAnnotationBeanPostProcessor.java:594) ~[spring-orm-6.2.11.jar:6.2.11]
	at org.springframework.orm.jpa.support.PersistenceAnnotationBeanPostProcessor.findEntityManagerFactory(PersistenceAnnotationBeanPostProcessor.java:558) ~[spring-orm-6.2.11.jar:6.2.11]
	at org.springframework.orm.jpa.support.PersistenceAnnotationBeanPostProcessor$PersistenceElement.resolveEntityManager(PersistenceAnnotationBeanPostProcessor.java:725) ~[spring-orm-6.2.11.jar:6.2.11]
	at org.springframework.orm.jpa.support.PersistenceAnnotationBeanPostProcessor$PersistenceElement.getResourceToInject(PersistenceAnnotationBeanPostProcessor.java:698) ~[spring-orm-6.2.11.jar:6.2.11]
	at org.springframework.beans.factory.annotation.InjectionMetadata$InjectedElement.inject(InjectionMetadata.java:272) ~[spring-beans-6.2.11.jar:6.2.11]
	at org.springframework.beans.factory.annotation.InjectionMetadata.inject(InjectionMetadata.java:146) ~[spring-beans-6.2.11.jar:6.2.11]
	at org.springframework.orm.jpa.support.PersistenceAnnotationBeanPostProcessor.postProcessProperties(PersistenceAnnotationBeanPostProcessor.java:386) ~[spring-orm-6.2.11.jar:6.2.11]
	at org.springframework.beans.factory.support.AbstractAutowireCapableBeanFactory.populateBean(AbstractAutowireCapableBeanFactory.java:1459) ~[spring-beans-6.2.11.jar:6.2.11]
	at org.springframework.beans.factory.support.AbstractAutowireCapableBeanFactory.doCreateBean(AbstractAutowireCapableBeanFactory.java:606) ~[spring-beans-6.2.11.jar:6.2.11]
	at org.springframework.beans.factory.support.AbstractAutowireCapableBeanFactory.createBean(AbstractAutowireCapableBeanFactory.java:529) ~[spring-beans-6.2.11.jar:6.2.11]
	at org.springframework.beans.factory.support.AbstractBeanFactory.lambda$doGetBean$0(AbstractBeanFactory.java:339) ~[spring-beans-6.2.11.jar:6.2.11]
	at org.springframework.beans.factory.support.DefaultSingletonBeanRegistry.getSingleton(DefaultSingletonBeanRegistry.java:373) ~[spring-beans-6.2.11.jar:6.2.11]
	at org.springframework.beans.factory.support.AbstractBeanFactory.doGetBean(AbstractBeanFactory.java:337) ~[spring-beans-6.2.11.jar:6.2.11]
	at org.springframework.beans.factory.support.AbstractBeanFactory.getBean(AbstractBeanFactory.java:202) ~[spring-beans-6.2.11.jar:6.2.11]
	at org.springframework.beans.factory.support.DefaultListableBeanFactory.doResolveDependency(DefaultListableBeanFactory.java:1698) ~[spring-beans-6.2.11.jar:6.2.11]
	at org.springframework.beans.factory.support.DefaultListableBeanFactory.resolveDependency(DefaultListableBeanFactory.java:1643) ~[spring-beans-6.2.11.jar:6.2.11]
	at org.springframework.beans.factory.annotation.AutowiredAnnotationBeanPostProcessor$AutowiredFieldElement.resolveFieldValue(AutowiredAnnotationBeanPostProcessor.java:785) ~[spring-beans-6.2.11.jar:6.2.11]
	at org.springframework.beans.factory.annotation.AutowiredAnnotationBeanPostProcessor$AutowiredFieldElement.inject(AutowiredAnnotationBeanPostProcessor.java:768) ~[spring-beans-6.2.11.jar:6.2.11]
	at org.springframework.beans.factory.annotation.InjectionMetadata.inject(InjectionMetadata.java:146) ~[spring-beans-6.2.11.jar:6.2.11]
	at org.springframework.beans.factory.annotation.AutowiredAnnotationBeanPostProcessor.postProcessProperties(AutowiredAnnotationBeanPostProcessor.java:509) ~[spring-beans-6.2.11.jar:6.2.11]
	at org.springframework.beans.factory.support.AbstractAutowireCapableBeanFactory.populateBean(AbstractAutowireCapableBeanFactory.java:1459) ~[spring-beans-6.2.11.jar:6.2.11]
	at org.springframework.beans.factory.support.AbstractAutowireCapableBeanFactory.doCreateBean(AbstractAutowireCapableBeanFactory.java:606) ~[spring-beans-6.2.11.jar:6.2.11]
	at org.springframework.beans.factory.support.AbstractAutowireCapableBeanFactory.createBean(AbstractAutowireCapableBeanFactory.java:529) ~[spring-beans-6.2.11.jar:6.2.11]
	at org.springframework.beans.factory.support.AbstractBeanFactory.lambda$doGetBean$0(AbstractBeanFactory.java:339) ~[spring-beans-6.2.11.jar:6.2.11]
	at org.springframework.beans.factory.support.DefaultSingletonBeanRegistry.getSingleton(DefaultSingletonBeanRegistry.java:373) ~[spring-beans-6.2.11.jar:6.2.11]
	at org.springframework.beans.factory.support.AbstractBeanFactory.doGetBean(AbstractBeanFactory.java:337) ~[spring-beans-6.2.11.jar:6.2.11]
	at org.springframework.beans.factory.support.AbstractBeanFactory.getBean(AbstractBeanFactory.java:202) ~[spring-beans-6.2.11.jar:6.2.11]
	at org.springframework.beans.factory.config.DependencyDescriptor.resolveCandidate(DependencyDescriptor.java:254) ~[spring-beans-6.2.11.jar:6.2.11]
	at org.springframework.beans.factory.support.DefaultListableBeanFactory.doResolveDependency(DefaultListableBeanFactory.java:1760) ~[spring-beans-6.2.11.jar:6.2.11]
	at org.springframework.beans.factory.support.DefaultListableBeanFactory.resolveDependency(DefaultListableBeanFactory.java:1643) ~[spring-beans-6.2.11.jar:6.2.11]
	at org.springframework.beans.factory.annotation.AutowiredAnnotationBeanPostProcessor$AutowiredFieldElement.resolveFieldValue(AutowiredAnnotationBeanPostProcessor.java:785) ~[spring-beans-6.2.11.jar:6.2.11]
	at org.springframework.beans.factory.annotation.AutowiredAnnotationBeanPostProcessor$AutowiredFieldElement.inject(AutowiredAnnotationBeanPostProcessor.java:768) ~[spring-beans-6.2.11.jar:6.2.11]
	at org.springframework.beans.factory.annotation.InjectionMetadata.inject(InjectionMetadata.java:146) ~[spring-beans-6.2.11.jar:6.2.11]
	at org.springframework.beans.factory.annotation.AutowiredAnnotationBeanPostProcessor.postProcessProperties(AutowiredAnnotationBeanPostProcessor.java:509) ~[spring-beans-6.2.11.jar:6.2.11]
	at org.springframework.beans.factory.support.AbstractAutowireCapableBeanFactory.populateBean(AbstractAutowireCapableBeanFactory.java:1459) ~[spring-beans-6.2.11.jar:6.2.11]
	at org.springframework.beans.factory.support.AbstractAutowireCapableBeanFactory.doCreateBean(AbstractAutowireCapableBeanFactory.java:606) ~[spring-beans-6.2.11.jar:6.2.11]
	at org.springframework.beans.factory.support.AbstractAutowireCapableBeanFactory.createBean(AbstractAutowireCapableBeanFactory.java:529) ~[spring-beans-6.2.11.jar:6.2.11]
	at org.springframework.beans.factory.support.AbstractBeanFactory.lambda$doGetBean$0(AbstractBeanFactory.java:339) ~[spring-beans-6.2.11.jar:6.2.11]
	at org.springframework.beans.factory.support.DefaultSingletonBeanRegistry.getSingleton(DefaultSingletonBeanRegistry.java:373) ~[spring-beans-6.2.11.jar:6.2.11]
	at org.springframework.beans.factory.support.AbstractBeanFactory.doGetBean(AbstractBeanFactory.java:337) ~[spring-beans-6.2.11.jar:6.2.11]
	at org.springframework.beans.factory.support.AbstractBeanFactory.getBean(AbstractBeanFactory.java:202) ~[spring-beans-6.2.11.jar:6.2.11]
	at org.springframework.beans.factory.support.DefaultListableBeanFactory.doResolveDependency(DefaultListableBeanFactory.java:1698) ~[spring-beans-6.2.11.jar:6.2.11]
	at org.springframework.beans.factory.support.DefaultListableBeanFactory.resolveDependency(DefaultListableBeanFactory.java:1643) ~[spring-beans-6.2.11.jar:6.2.11]
	at org.springframework.beans.factory.support.ConstructorResolver.resolveAutowiredArgument(ConstructorResolver.java:913) ~[spring-beans-6.2.11.jar:6.2.11]
	at org.springframework.beans.factory.support.ConstructorResolver.createArgumentArray(ConstructorResolver.java:791) ~[spring-beans-6.2.11.jar:6.2.11]
	at org.springframework.beans.factory.support.ConstructorResolver.autowireConstructor(ConstructorResolver.java:240) ~[spring-beans-6.2.11.jar:6.2.11]
	at org.springframework.beans.factory.support.AbstractAutowireCapableBeanFactory.autowireConstructor(AbstractAutowireCapableBeanFactory.java:1395) ~[spring-beans-6.2.11.jar:6.2.11]
	at org.springframework.beans.factory.support.AbstractAutowireCapableBeanFactory.createBeanInstance(AbstractAutowireCapableBeanFactory.java:1232) ~[spring-beans-6.2.11.jar:6.2.11]
	at org.springframework.beans.factory.support.AbstractAutowireCapableBeanFactory.doCreateBean(AbstractAutowireCapableBeanFactory.java:569) ~[spring-beans-6.2.11.jar:6.2.11]
	at org.springframework.beans.factory.support.AbstractAutowireCapableBeanFactory.createBean(AbstractAutowireCapableBeanFactory.java:529) ~[spring-beans-6.2.11.jar:6.2.11]
	at org.springframework.beans.factory.support.AbstractBeanFactory.lambda$doGetBean$0(AbstractBeanFactory.java:339) ~[spring-beans-6.2.11.jar:6.2.11]
	at org.springframework.beans.factory.support.DefaultSingletonBeanRegistry.getSingleton(DefaultSingletonBeanRegistry.java:373) ~[spring-beans-6.2.11.jar:6.2.11]
	at org.springframework.beans.factory.support.AbstractBeanFactory.doGetBean(AbstractBeanFactory.java:337) ~[spring-beans-6.2.11.jar:6.2.11]
	at org.springframework.beans.factory.support.AbstractBeanFactory.getBean(AbstractBeanFactory.java:207) ~[spring-beans-6.2.11.jar:6.2.11]
	at org.springframework.boot.web.servlet.ServletContextInitializerBeans.getOrderedBeansOfType(ServletContextInitializerBeans.java:230) ~[spring-boot-3.5.7.jar:3.5.7]
	at org.springframework.boot.web.servlet.ServletContextInitializerBeans.addAsRegistrationBean(ServletContextInitializerBeans.java:184) ~[spring-boot-3.5.7.jar:3.5.7]
	at org.springframework.boot.web.servlet.ServletContextInitializerBeans.addAsRegistrationBean(ServletContextInitializerBeans.java:179) ~[spring-boot-3.5.7.jar:3.5.7]
	at org.springframework.boot.web.servlet.ServletContextInitializerBeans.addAdaptableBeans(ServletContextInitializerBeans.java:164) ~[spring-boot-3.5.7.jar:3.5.7]
	at org.springframework.boot.web.servlet.ServletContextInitializerBeans.<init>(ServletContextInitializerBeans.java:96) ~[spring-boot-3.5.7.jar:3.5.7]
	at org.springframework.boot.web.servlet.context.ServletWebServerApplicationContext.getServletContextInitializerBeans(ServletWebServerApplicationContext.java:271) ~[spring-boot-3.5.7.jar:3.5.7]
	at org.springframework.boot.web.servlet.context.ServletWebServerApplicationContext.selfInitialize(ServletWebServerApplicationContext.java:245) ~[spring-boot-3.5.7.jar:3.5.7]
	at org.springframework.boot.web.embedded.tomcat.TomcatStarter.onStartup(TomcatStarter.java:52) ~[spring-boot-3.5.7.jar:3.5.7]
	at org.apache.catalina.core.StandardContext.startInternal(StandardContext.java:4452) ~[tomcat-embed-core-10.1.50.jar:10.1.50]
	at org.apache.catalina.util.LifecycleBase.start(LifecycleBase.java:164) ~[tomcat-embed-core-10.1.50.jar:10.1.50]
	at org.apache.catalina.core.ContainerBase$StartChild.call(ContainerBase.java:1201) ~[tomcat-embed-core-10.1.50.jar:10.1.50]
	at org.apache.catalina.core.ContainerBase$StartChild.call(ContainerBase.java:1191) ~[tomcat-embed-core-10.1.50.jar:10.1.50]
	at java.base/java.util.concurrent.FutureTask.run(FutureTask.java:317) ~[na:na]
	at org.apache.tomcat.util.threads.InlineExecutorService.execute(InlineExecutorService.java:81) ~[tomcat-embed-core-10.1.50.jar:10.1.50]
	at java.base/java.util.concurrent.AbstractExecutorService.submit(AbstractExecutorService.java:145) ~[na:na]
	at org.apache.catalina.core.ContainerBase.startInternal(ContainerBase.java:747) ~[tomcat-embed-core-10.1.50.jar:10.1.50]
	at org.apache.catalina.core.StandardHost.startInternal(StandardHost.java:783) ~[tomcat-embed-core-10.1.50.jar:10.1.50]
	at org.apache.catalina.util.LifecycleBase.start(LifecycleBase.java:164) ~[tomcat-embed-core-10.1.50.jar:10.1.50]
	at org.apache.catalina.core.ContainerBase$StartChild.call(ContainerBase.java:1201) ~[tomcat-embed-core-10.1.50.jar:10.1.50]
	at org.apache.catalina.core.ContainerBase$StartChild.call(ContainerBase.java:1191) ~[tomcat-embed-core-10.1.50.jar:10.1.50]
	at java.base/java.util.concurrent.FutureTask.run(FutureTask.java:317) ~[na:na]
	at org.apache.tomcat.util.threads.InlineExecutorService.execute(InlineExecutorService.java:81) ~[tomcat-embed-core-10.1.50.jar:10.1.50]
	at java.base/java.util.concurrent.AbstractExecutorService.submit(AbstractExecutorService.java:145) ~[na:na]
	at org.apache.catalina.core.ContainerBase.startInternal(ContainerBase.java:747) ~[tomcat-embed-core-10.1.50.jar:10.1.50]
	at org.apache.catalina.core.StandardEngine.startInternal(StandardEngine.java:201) ~[tomcat-embed-core-10.1.50.jar:10.1.50]
	at org.apache.catalina.util.LifecycleBase.start(LifecycleBase.java:164) ~[tomcat-embed-core-10.1.50.jar:10.1.50]
	at org.apache.catalina.core.StandardService.startInternal(StandardService.java:410) ~[tomcat-embed-core-10.1.50.jar:10.1.50]
	at org.apache.catalina.util.LifecycleBase.start(LifecycleBase.java:164) ~[tomcat-embed-core-10.1.50.jar:10.1.50]
	at org.apache.catalina.core.StandardServer.startInternal(StandardServer.java:868) ~[tomcat-embed-core-10.1.50.jar:10.1.50]
	at org.apache.catalina.util.LifecycleBase.start(LifecycleBase.java:164) ~[tomcat-embed-core-10.1.50.jar:10.1.50]
	at org.apache.catalina.startup.Tomcat.start(Tomcat.java:436) ~[tomcat-embed-core-10.1.50.jar:10.1.50]
	at org.springframework.boot.web.embedded.tomcat.TomcatWebServer.initialize(TomcatWebServer.java:128) ~[spring-boot-3.5.7.jar:3.5.7]
	at org.springframework.boot.web.embedded.tomcat.TomcatWebServer.<init>(TomcatWebServer.java:107) ~[spring-boot-3.5.7.jar:3.5.7]
	at org.springframework.boot.web.embedded.tomcat.TomcatServletWebServerFactory.getTomcatWebServer(TomcatServletWebServerFactory.java:517) ~[spring-boot-3.5.7.jar:3.5.7]
	at org.springframework.boot.web.embedded.tomcat.TomcatServletWebServerFactory.getWebServer(TomcatServletWebServerFactory.java:219) ~[spring-boot-3.5.7.jar:3.5.7]
	at org.springframework.boot.web.servlet.context.ServletWebServerApplicationContext.createWebServer(ServletWebServerApplicationContext.java:193) ~[spring-boot-3.5.7.jar:3.5.7]
	at org.springframework.boot.web.servlet.context.ServletWebServerApplicationContext.onRefresh(ServletWebServerApplicationContext.java:167) ~[spring-boot-3.5.7.jar:3.5.7]
	at org.springframework.context.support.AbstractApplicationContext.refresh(AbstractApplicationContext.java:621) ~[spring-context-6.2.11.jar:6.2.11]
	at org.springframework.boot.web.servlet.context.ServletWebServerApplicationContext.refresh(ServletWebServerApplicationContext.java:146) ~[spring-boot-3.5.7.jar:3.5.7]
	at org.springframework.boot.SpringApplication.refresh(SpringApplication.java:752) ~[spring-boot-3.5.7.jar:3.5.7]
	at org.springframework.boot.SpringApplication.refreshContext(SpringApplication.java:439) ~[spring-boot-3.5.7.jar:3.5.7]
	at org.springframework.boot.SpringApplication.run(SpringApplication.java:318) ~[spring-boot-3.5.7.jar:3.5.7]
	at org.springframework.boot.SpringApplication.run(SpringApplication.java:1361) ~[spring-boot-3.5.7.jar:3.5.7]
	at org.springframework.boot.SpringApplication.run(SpringApplication.java:1350) ~[spring-boot-3.5.7.jar:3.5.7]
	at onified.ai.identity.UserManagementApplication.main(UserManagementApplication.java:61) ~[main/:na]
Caused by: org.postgresql.util.PSQLException: ERROR: relation "iam.sso_connection" does not exist
	at org.postgresql.core.v3.QueryExecutorImpl.receiveErrorResponse(QueryExecutorImpl.java:2736) ~[postgresql-42.7.8.jar:42.7.8]
	at org.postgresql.core.v3.QueryExecutorImpl.processResults(QueryExecutorImpl.java:2421) ~[postgresql-42.7.8.jar:42.7.8]
	at org.postgresql.core.v3.QueryExecutorImpl.execute(QueryExecutorImpl.java:372) ~[postgresql-42.7.8.jar:42.7.8]
	at org.postgresql.jdbc.PgStatement.executeInternal(PgStatement.java:525) ~[postgresql-42.7.8.jar:42.7.8]
	at org.postgresql.jdbc.PgStatement.execute(PgStatement.java:435) ~[postgresql-42.7.8.jar:42.7.8]
	at org.postgresql.jdbc.PgStatement.executeWithFlags(PgStatement.java:357) ~[postgresql-42.7.8.jar:42.7.8]
	at org.postgresql.jdbc.PgStatement.executeCachedSql(PgStatement.java:342) ~[postgresql-42.7.8.jar:42.7.8]
	at org.postgresql.jdbc.PgStatement.executeWithFlags(PgStatement.java:318) ~[postgresql-42.7.8.jar:42.7.8]
	at org.postgresql.jdbc.PgStatement.execute(PgStatement.java:313) ~[postgresql-42.7.8.jar:42.7.8]
	at com.zaxxer.hikari.pool.ProxyStatement.execute(ProxyStatement.java:95) ~[HikariCP-6.3.3.jar:na]
	at com.zaxxer.hikari.pool.HikariProxyStatement.execute(HikariProxyStatement.java) ~[HikariCP-6.3.3.jar:na]
	at org.hibernate.tool.schema.internal.exec.GenerationTargetToDatabase.accept(GenerationTargetToDatabase.java:80) ~[hibernate-core-6.6.33.Final.jar:6.6.33.Final]
	... 129 common frames omitted

2026-08-14T14:50:42.272+05:30  WARN 28548 --- [           main] o.h.t.s.i.ExceptionHandlerLoggedImpl     : GenerationTarget encountered exception accepting command : Error executing DDL "alter table if exists iam.scim_directory add constraint scim_directory_connection_id_fkey foreign key (connection_id) references iam.sso_connection" via JDBC [ERROR: relation "iam.sso_connection" does not exist]

org.hibernate.tool.schema.spi.CommandAcceptanceException: Error executing DDL "alter table if exists iam.scim_directory add constraint scim_directory_connection_id_fkey foreign key (connection_id) references iam.sso_connection" via JDBC [ERROR: relation "iam.sso_connection" does not exist]
	at org.hibernate.tool.schema.internal.exec.GenerationTargetToDatabase.accept(GenerationTargetToDatabase.java:94) ~[hibernate-core-6.6.33.Final.jar:6.6.33.Final]
	at org.hibernate.tool.schema.internal.AbstractSchemaMigrator.applySqlString(AbstractSchemaMigrator.java:576) ~[hibernate-core-6.6.33.Final.jar:6.6.33.Final]
	at org.hibernate.tool.schema.internal.AbstractSchemaMigrator.applySqlStrings(AbstractSchemaMigrator.java:516) ~[hibernate-core-6.6.33.Final.jar:6.6.33.Final]
	at org.hibernate.tool.schema.internal.AbstractSchemaMigrator.applyForeignKeys(AbstractSchemaMigrator.java:448) ~[hibernate-core-6.6.33.Final.jar:6.6.33.Final]
	at org.hibernate.tool.schema.internal.AbstractSchemaMigrator.performMigration(AbstractSchemaMigrator.java:269) ~[hibernate-core-6.6.33.Final.jar:6.6.33.Final]
	at org.hibernate.tool.schema.internal.AbstractSchemaMigrator.doMigration(AbstractSchemaMigrator.java:112) ~[hibernate-core-6.6.33.Final.jar:6.6.33.Final]
	at org.hibernate.tool.schema.spi.SchemaManagementToolCoordinator.performDatabaseAction(SchemaManagementToolCoordinator.java:280) ~[hibernate-core-6.6.33.Final.jar:6.6.33.Final]
	at org.hibernate.tool.schema.spi.SchemaManagementToolCoordinator.lambda$process$5(SchemaManagementToolCoordinator.java:144) ~[hibernate-core-6.6.33.Final.jar:6.6.33.Final]
	at java.base/java.util.HashMap.forEach(HashMap.java:1429) ~[na:na]
	at org.hibernate.tool.schema.spi.SchemaManagementToolCoordinator.process(SchemaManagementToolCoordinator.java:141) ~[hibernate-core-6.6.33.Final.jar:6.6.33.Final]
	at org.hibernate.boot.internal.SessionFactoryObserverForSchemaExport.sessionFactoryCreated(SessionFactoryObserverForSchemaExport.java:37) ~[hibernate-core-6.6.33.Final.jar:6.6.33.Final]
	at org.hibernate.internal.SessionFactoryObserverChain.sessionFactoryCreated(SessionFactoryObserverChain.java:35) ~[hibernate-core-6.6.33.Final.jar:6.6.33.Final]
	at org.hibernate.internal.SessionFactoryImpl.<init>(SessionFactoryImpl.java:324) ~[hibernate-core-6.6.33.Final.jar:6.6.33.Final]
	at org.hibernate.boot.internal.SessionFactoryBuilderImpl.build(SessionFactoryBuilderImpl.java:463) ~[hibernate-core-6.6.33.Final.jar:6.6.33.Final]
	at org.hibernate.jpa.boot.internal.EntityManagerFactoryBuilderImpl.build(EntityManagerFactoryBuilderImpl.java:1517) ~[hibernate-core-6.6.33.Final.jar:6.6.33.Final]
	at org.springframework.orm.jpa.vendor.SpringHibernateJpaPersistenceProvider.createContainerEntityManagerFactory(SpringHibernateJpaPersistenceProvider.java:66) ~[spring-orm-6.2.11.jar:6.2.11]
	at org.springframework.orm.jpa.LocalContainerEntityManagerFactoryBean.createNativeEntityManagerFactory(LocalContainerEntityManagerFactoryBean.java:390) ~[spring-orm-6.2.11.jar:6.2.11]
	at org.springframework.orm.jpa.AbstractEntityManagerFactoryBean.buildNativeEntityManagerFactory(AbstractEntityManagerFactoryBean.java:419) ~[spring-orm-6.2.11.jar:6.2.11]
	at org.springframework.orm.jpa.AbstractEntityManagerFactoryBean.afterPropertiesSet(AbstractEntityManagerFactoryBean.java:400) ~[spring-orm-6.2.11.jar:6.2.11]
	at org.springframework.orm.jpa.LocalContainerEntityManagerFactoryBean.afterPropertiesSet(LocalContainerEntityManagerFactoryBean.java:366) ~[spring-orm-6.2.11.jar:6.2.11]
	at org.springframework.beans.factory.support.AbstractAutowireCapableBeanFactory.invokeInitMethods(AbstractAutowireCapableBeanFactory.java:1873) ~[spring-beans-6.2.11.jar:6.2.11]
	at org.springframework.beans.factory.support.AbstractAutowireCapableBeanFactory.initializeBean(AbstractAutowireCapableBeanFactory.java:1822) ~[spring-beans-6.2.11.jar:6.2.11]
	at org.springframework.beans.factory.support.AbstractAutowireCapableBeanFactory.doCreateBean(AbstractAutowireCapableBeanFactory.java:607) ~[spring-beans-6.2.11.jar:6.2.11]
	at org.springframework.beans.factory.support.AbstractAutowireCapableBeanFactory.createBean(AbstractAutowireCapableBeanFactory.java:529) ~[spring-beans-6.2.11.jar:6.2.11]
	at org.springframework.beans.factory.support.AbstractBeanFactory.lambda$doGetBean$0(AbstractBeanFactory.java:339) ~[spring-beans-6.2.11.jar:6.2.11]
	at org.springframework.beans.factory.support.DefaultSingletonBeanRegistry.getSingleton(DefaultSingletonBeanRegistry.java:373) ~[spring-beans-6.2.11.jar:6.2.11]
	at org.springframework.beans.factory.support.AbstractBeanFactory.doGetBean(AbstractBeanFactory.java:337) ~[spring-beans-6.2.11.jar:6.2.11]
	at org.springframework.beans.factory.support.AbstractBeanFactory.getBean(AbstractBeanFactory.java:227) ~[spring-beans-6.2.11.jar:6.2.11]
	at org.springframework.beans.factory.support.DefaultListableBeanFactory.resolveNamedBean(DefaultListableBeanFactory.java:1613) ~[spring-beans-6.2.11.jar:6.2.11]
	at org.springframework.beans.factory.support.DefaultListableBeanFactory.resolveNamedBean(DefaultListableBeanFactory.java:1571) ~[spring-beans-6.2.11.jar:6.2.11]
	at org.springframework.beans.factory.support.DefaultListableBeanFactory.resolveNamedBean(DefaultListableBeanFactory.java:1539) ~[spring-beans-6.2.11.jar:6.2.11]
	at org.springframework.orm.jpa.support.PersistenceAnnotationBeanPostProcessor.findDefaultEntityManagerFactory(PersistenceAnnotationBeanPostProcessor.java:594) ~[spring-orm-6.2.11.jar:6.2.11]
	at org.springframework.orm.jpa.support.PersistenceAnnotationBeanPostProcessor.findEntityManagerFactory(PersistenceAnnotationBeanPostProcessor.java:558) ~[spring-orm-6.2.11.jar:6.2.11]
	at org.springframework.orm.jpa.support.PersistenceAnnotationBeanPostProcessor$PersistenceElement.resolveEntityManager(PersistenceAnnotationBeanPostProcessor.java:725) ~[spring-orm-6.2.11.jar:6.2.11]
	at org.springframework.orm.jpa.support.PersistenceAnnotationBeanPostProcessor$PersistenceElement.getResourceToInject(PersistenceAnnotationBeanPostProcessor.java:698) ~[spring-orm-6.2.11.jar:6.2.11]
	at org.springframework.beans.factory.annotation.InjectionMetadata$InjectedElement.inject(InjectionMetadata.java:272) ~[spring-beans-6.2.11.jar:6.2.11]
	at org.springframework.beans.factory.annotation.InjectionMetadata.inject(InjectionMetadata.java:146) ~[spring-beans-6.2.11.jar:6.2.11]
	at org.springframework.orm.jpa.support.PersistenceAnnotationBeanPostProcessor.postProcessProperties(PersistenceAnnotationBeanPostProcessor.java:386) ~[spring-orm-6.2.11.jar:6.2.11]
	at org.springframework.beans.factory.support.AbstractAutowireCapableBeanFactory.populateBean(AbstractAutowireCapableBeanFactory.java:1459) ~[spring-beans-6.2.11.jar:6.2.11]
	at org.springframework.beans.factory.support.AbstractAutowireCapableBeanFactory.doCreateBean(AbstractAutowireCapableBeanFactory.java:606) ~[spring-beans-6.2.11.jar:6.2.11]
	at org.springframework.beans.factory.support.AbstractAutowireCapableBeanFactory.createBean(AbstractAutowireCapableBeanFactory.java:529) ~[spring-beans-6.2.11.jar:6.2.11]
	at org.springframework.beans.factory.support.AbstractBeanFactory.lambda$doGetBean$0(AbstractBeanFactory.java:339) ~[spring-beans-6.2.11.jar:6.2.11]
	at org.springframework.beans.factory.support.DefaultSingletonBeanRegistry.getSingleton(DefaultSingletonBeanRegistry.java:373) ~[spring-beans-6.2.11.jar:6.2.11]
	at org.springframework.beans.factory.support.AbstractBeanFactory.doGetBean(AbstractBeanFactory.java:337) ~[spring-beans-6.2.11.jar:6.2.11]
	at org.springframework.beans.factory.support.AbstractBeanFactory.getBean(AbstractBeanFactory.java:202) ~[spring-beans-6.2.11.jar:6.2.11]
	at org.springframework.beans.factory.support.DefaultListableBeanFactory.doResolveDependency(DefaultListableBeanFactory.java:1698) ~[spring-beans-6.2.11.jar:6.2.11]
	at org.springframework.beans.factory.support.DefaultListableBeanFactory.resolveDependency(DefaultListableBeanFactory.java:1643) ~[spring-beans-6.2.11.jar:6.2.11]
	at org.springframework.beans.factory.annotation.AutowiredAnnotationBeanPostProcessor$AutowiredFieldElement.resolveFieldValue(AutowiredAnnotationBeanPostProcessor.java:785) ~[spring-beans-6.2.11.jar:6.2.11]
	at org.springframework.beans.factory.annotation.AutowiredAnnotationBeanPostProcessor$AutowiredFieldElement.inject(AutowiredAnnotationBeanPostProcessor.java:768) ~[spring-beans-6.2.11.jar:6.2.11]
	at org.springframework.beans.factory.annotation.InjectionMetadata.inject(InjectionMetadata.java:146) ~[spring-beans-6.2.11.jar:6.2.11]
	at org.springframework.beans.factory.annotation.AutowiredAnnotationBeanPostProcessor.postProcessProperties(AutowiredAnnotationBeanPostProcessor.java:509) ~[spring-beans-6.2.11.jar:6.2.11]
	at org.springframework.beans.factory.support.AbstractAutowireCapableBeanFactory.populateBean(AbstractAutowireCapableBeanFactory.java:1459) ~[spring-beans-6.2.11.jar:6.2.11]
	at org.springframework.beans.factory.support.AbstractAutowireCapableBeanFactory.doCreateBean(AbstractAutowireCapableBeanFactory.java:606) ~[spring-beans-6.2.11.jar:6.2.11]
	at org.springframework.beans.factory.support.AbstractAutowireCapableBeanFactory.createBean(AbstractAutowireCapableBeanFactory.java:529) ~[spring-beans-6.2.11.jar:6.2.11]
	at org.springframework.beans.factory.support.AbstractBeanFactory.lambda$doGetBean$0(AbstractBeanFactory.java:339) ~[spring-beans-6.2.11.jar:6.2.11]
	at org.springframework.beans.factory.support.DefaultSingletonBeanRegistry.getSingleton(DefaultSingletonBeanRegistry.java:373) ~[spring-beans-6.2.11.jar:6.2.11]
	at org.springframework.beans.factory.support.AbstractBeanFactory.doGetBean(AbstractBeanFactory.java:337) ~[spring-beans-6.2.11.jar:6.2.11]
	at org.springframework.beans.factory.support.AbstractBeanFactory.getBean(AbstractBeanFactory.java:202) ~[spring-beans-6.2.11.jar:6.2.11]
	at org.springframework.beans.factory.config.DependencyDescriptor.resolveCandidate(DependencyDescriptor.java:254) ~[spring-beans-6.2.11.jar:6.2.11]
	at org.springframework.beans.factory.support.DefaultListableBeanFactory.doResolveDependency(DefaultListableBeanFactory.java:1760) ~[spring-beans-6.2.11.jar:6.2.11]
	at org.springframework.beans.factory.support.DefaultListableBeanFactory.resolveDependency(DefaultListableBeanFactory.java:1643) ~[spring-beans-6.2.11.jar:6.2.11]
	at org.springframework.beans.factory.annotation.AutowiredAnnotationBeanPostProcessor$AutowiredFieldElement.resolveFieldValue(AutowiredAnnotationBeanPostProcessor.java:785) ~[spring-beans-6.2.11.jar:6.2.11]
	at org.springframework.beans.factory.annotation.AutowiredAnnotationBeanPostProcessor$AutowiredFieldElement.inject(AutowiredAnnotationBeanPostProcessor.java:768) ~[spring-beans-6.2.11.jar:6.2.11]
	at org.springframework.beans.factory.annotation.InjectionMetadata.inject(InjectionMetadata.java:146) ~[spring-beans-6.2.11.jar:6.2.11]
	at org.springframework.beans.factory.annotation.AutowiredAnnotationBeanPostProcessor.postProcessProperties(AutowiredAnnotationBeanPostProcessor.java:509) ~[spring-beans-6.2.11.jar:6.2.11]
	at org.springframework.beans.factory.support.AbstractAutowireCapableBeanFactory.populateBean(AbstractAutowireCapableBeanFactory.java:1459) ~[spring-beans-6.2.11.jar:6.2.11]
	at org.springframework.beans.factory.support.AbstractAutowireCapableBeanFactory.doCreateBean(AbstractAutowireCapableBeanFactory.java:606) ~[spring-beans-6.2.11.jar:6.2.11]
	at org.springframework.beans.factory.support.AbstractAutowireCapableBeanFactory.createBean(AbstractAutowireCapableBeanFactory.java:529) ~[spring-beans-6.2.11.jar:6.2.11]
	at org.springframework.beans.factory.support.AbstractBeanFactory.lambda$doGetBean$0(AbstractBeanFactory.java:339) ~[spring-beans-6.2.11.jar:6.2.11]
	at org.springframework.beans.factory.support.DefaultSingletonBeanRegistry.getSingleton(DefaultSingletonBeanRegistry.java:373) ~[spring-beans-6.2.11.jar:6.2.11]
	at org.springframework.beans.factory.support.AbstractBeanFactory.doGetBean(AbstractBeanFactory.java:337) ~[spring-beans-6.2.11.jar:6.2.11]
	at org.springframework.beans.factory.support.AbstractBeanFactory.getBean(AbstractBeanFactory.java:202) ~[spring-beans-6.2.11.jar:6.2.11]
	at org.springframework.beans.factory.support.DefaultListableBeanFactory.doResolveDependency(DefaultListableBeanFactory.java:1698) ~[spring-beans-6.2.11.jar:6.2.11]
	at org.springframework.beans.factory.support.DefaultListableBeanFactory.resolveDependency(DefaultListableBeanFactory.java:1643) ~[spring-beans-6.2.11.jar:6.2.11]
	at org.springframework.beans.factory.support.ConstructorResolver.resolveAutowiredArgument(ConstructorResolver.java:913) ~[spring-beans-6.2.11.jar:6.2.11]
	at org.springframework.beans.factory.support.ConstructorResolver.createArgumentArray(ConstructorResolver.java:791) ~[spring-beans-6.2.11.jar:6.2.11]
	at org.springframework.beans.factory.support.ConstructorResolver.autowireConstructor(ConstructorResolver.java:240) ~[spring-beans-6.2.11.jar:6.2.11]
	at org.springframework.beans.factory.support.AbstractAutowireCapableBeanFactory.autowireConstructor(AbstractAutowireCapableBeanFactory.java:1395) ~[spring-beans-6.2.11.jar:6.2.11]
	at org.springframework.beans.factory.support.AbstractAutowireCapableBeanFactory.createBeanInstance(AbstractAutowireCapableBeanFactory.java:1232) ~[spring-beans-6.2.11.jar:6.2.11]
	at org.springframework.beans.factory.support.AbstractAutowireCapableBeanFactory.doCreateBean(AbstractAutowireCapableBeanFactory.java:569) ~[spring-beans-6.2.11.jar:6.2.11]
	at org.springframework.beans.factory.support.AbstractAutowireCapableBeanFactory.createBean(AbstractAutowireCapableBeanFactory.java:529) ~[spring-beans-6.2.11.jar:6.2.11]
	at org.springframework.beans.factory.support.AbstractBeanFactory.lambda$doGetBean$0(AbstractBeanFactory.java:339) ~[spring-beans-6.2.11.jar:6.2.11]
	at org.springframework.beans.factory.support.DefaultSingletonBeanRegistry.getSingleton(DefaultSingletonBeanRegistry.java:373) ~[spring-beans-6.2.11.jar:6.2.11]
	at org.springframework.beans.factory.support.AbstractBeanFactory.doGetBean(AbstractBeanFactory.java:337) ~[spring-beans-6.2.11.jar:6.2.11]
	at org.springframework.beans.factory.support.AbstractBeanFactory.getBean(AbstractBeanFactory.java:207) ~[spring-beans-6.2.11.jar:6.2.11]
	at org.springframework.boot.web.servlet.ServletContextInitializerBeans.getOrderedBeansOfType(ServletContextInitializerBeans.java:230) ~[spring-boot-3.5.7.jar:3.5.7]
	at org.springframework.boot.web.servlet.ServletContextInitializerBeans.addAsRegistrationBean(ServletContextInitializerBeans.java:184) ~[spring-boot-3.5.7.jar:3.5.7]
	at org.springframework.boot.web.servlet.ServletContextInitializerBeans.addAsRegistrationBean(ServletContextInitializerBeans.java:179) ~[spring-boot-3.5.7.jar:3.5.7]
	at org.springframework.boot.web.servlet.ServletContextInitializerBeans.addAdaptableBeans(ServletContextInitializerBeans.java:164) ~[spring-boot-3.5.7.jar:3.5.7]
	at org.springframework.boot.web.servlet.ServletContextInitializerBeans.<init>(ServletContextInitializerBeans.java:96) ~[spring-boot-3.5.7.jar:3.5.7]
	at org.springframework.boot.web.servlet.context.ServletWebServerApplicationContext.getServletContextInitializerBeans(ServletWebServerApplicationContext.java:271) ~[spring-boot-3.5.7.jar:3.5.7]
	at org.springframework.boot.web.servlet.context.ServletWebServerApplicationContext.selfInitialize(ServletWebServerApplicationContext.java:245) ~[spring-boot-3.5.7.jar:3.5.7]
	at org.springframework.boot.web.embedded.tomcat.TomcatStarter.onStartup(TomcatStarter.java:52) ~[spring-boot-3.5.7.jar:3.5.7]
	at org.apache.catalina.core.StandardContext.startInternal(StandardContext.java:4452) ~[tomcat-embed-core-10.1.50.jar:10.1.50]
	at org.apache.catalina.util.LifecycleBase.start(LifecycleBase.java:164) ~[tomcat-embed-core-10.1.50.jar:10.1.50]
	at org.apache.catalina.core.ContainerBase$StartChild.call(ContainerBase.java:1201) ~[tomcat-embed-core-10.1.50.jar:10.1.50]
	at org.apache.catalina.core.ContainerBase$StartChild.call(ContainerBase.java:1191) ~[tomcat-embed-core-10.1.50.jar:10.1.50]
	at java.base/java.util.concurrent.FutureTask.run(FutureTask.java:317) ~[na:na]
	at org.apache.tomcat.util.threads.InlineExecutorService.execute(InlineExecutorService.java:81) ~[tomcat-embed-core-10.1.50.jar:10.1.50]
	at java.base/java.util.concurrent.AbstractExecutorService.submit(AbstractExecutorService.java:145) ~[na:na]
	at org.apache.catalina.core.ContainerBase.startInternal(ContainerBase.java:747) ~[tomcat-embed-core-10.1.50.jar:10.1.50]
	at org.apache.catalina.core.StandardHost.startInternal(StandardHost.java:783) ~[tomcat-embed-core-10.1.50.jar:10.1.50]
	at org.apache.catalina.util.LifecycleBase.start(LifecycleBase.java:164) ~[tomcat-embed-core-10.1.50.jar:10.1.50]
	at org.apache.catalina.core.ContainerBase$StartChild.call(ContainerBase.java:1201) ~[tomcat-embed-core-10.1.50.jar:10.1.50]
	at org.apache.catalina.core.ContainerBase$StartChild.call(ContainerBase.java:1191) ~[tomcat-embed-core-10.1.50.jar:10.1.50]
	at java.base/java.util.concurrent.FutureTask.run(FutureTask.java:317) ~[na:na]
	at org.apache.tomcat.util.threads.InlineExecutorService.execute(InlineExecutorService.java:81) ~[tomcat-embed-core-10.1.50.jar:10.1.50]
	at java.base/java.util.concurrent.AbstractExecutorService.submit(AbstractExecutorService.java:145) ~[na:na]
	at org.apache.catalina.core.ContainerBase.startInternal(ContainerBase.java:747) ~[tomcat-embed-core-10.1.50.jar:10.1.50]
	at org.apache.catalina.core.StandardEngine.startInternal(StandardEngine.java:201) ~[tomcat-embed-core-10.1.50.jar:10.1.50]
	at org.apache.catalina.util.LifecycleBase.start(LifecycleBase.java:164) ~[tomcat-embed-core-10.1.50.jar:10.1.50]
	at org.apache.catalina.core.StandardService.startInternal(StandardService.java:410) ~[tomcat-embed-core-10.1.50.jar:10.1.50]
	at org.apache.catalina.util.LifecycleBase.start(LifecycleBase.java:164) ~[tomcat-embed-core-10.1.50.jar:10.1.50]
	at org.apache.catalina.core.StandardServer.startInternal(StandardServer.java:868) ~[tomcat-embed-core-10.1.50.jar:10.1.50]
	at org.apache.catalina.util.LifecycleBase.start(LifecycleBase.java:164) ~[tomcat-embed-core-10.1.50.jar:10.1.50]
	at org.apache.catalina.startup.Tomcat.start(Tomcat.java:436) ~[tomcat-embed-core-10.1.50.jar:10.1.50]
	at org.springframework.boot.web.embedded.tomcat.TomcatWebServer.initialize(TomcatWebServer.java:128) ~[spring-boot-3.5.7.jar:3.5.7]
	at org.springframework.boot.web.embedded.tomcat.TomcatWebServer.<init>(TomcatWebServer.java:107) ~[spring-boot-3.5.7.jar:3.5.7]
	at org.springframework.boot.web.embedded.tomcat.TomcatServletWebServerFactory.getTomcatWebServer(TomcatServletWebServerFactory.java:517) ~[spring-boot-3.5.7.jar:3.5.7]
	at org.springframework.boot.web.embedded.tomcat.TomcatServletWebServerFactory.getWebServer(TomcatServletWebServerFactory.java:219) ~[spring-boot-3.5.7.jar:3.5.7]
	at org.springframework.boot.web.servlet.context.ServletWebServerApplicationContext.createWebServer(ServletWebServerApplicationContext.java:193) ~[spring-boot-3.5.7.jar:3.5.7]
	at org.springframework.boot.web.servlet.context.ServletWebServerApplicationContext.onRefresh(ServletWebServerApplicationContext.java:167) ~[spring-boot-3.5.7.jar:3.5.7]
	at org.springframework.context.support.AbstractApplicationContext.refresh(AbstractApplicationContext.java:621) ~[spring-context-6.2.11.jar:6.2.11]
	at org.springframework.boot.web.servlet.context.ServletWebServerApplicationContext.refresh(ServletWebServerApplicationContext.java:146) ~[spring-boot-3.5.7.jar:3.5.7]
	at org.springframework.boot.SpringApplication.refresh(SpringApplication.java:752) ~[spring-boot-3.5.7.jar:3.5.7]
	at org.springframework.boot.SpringApplication.refreshContext(SpringApplication.java:439) ~[spring-boot-3.5.7.jar:3.5.7]
	at org.springframework.boot.SpringApplication.run(SpringApplication.java:318) ~[spring-boot-3.5.7.jar:3.5.7]
	at org.springframework.boot.SpringApplication.run(SpringApplication.java:1361) ~[spring-boot-3.5.7.jar:3.5.7]
	at org.springframework.boot.SpringApplication.run(SpringApplication.java:1350) ~[spring-boot-3.5.7.jar:3.5.7]
	at onified.ai.identity.UserManagementApplication.main(UserManagementApplication.java:61) ~[main/:na]
Caused by: org.postgresql.util.PSQLException: ERROR: relation "iam.sso_connection" does not exist
	at org.postgresql.core.v3.QueryExecutorImpl.receiveErrorResponse(QueryExecutorImpl.java:2736) ~[postgresql-42.7.8.jar:42.7.8]
	at org.postgresql.core.v3.QueryExecutorImpl.processResults(QueryExecutorImpl.java:2421) ~[postgresql-42.7.8.jar:42.7.8]
	at org.postgresql.core.v3.QueryExecutorImpl.execute(QueryExecutorImpl.java:372) ~[postgresql-42.7.8.jar:42.7.8]
	at org.postgresql.jdbc.PgStatement.executeInternal(PgStatement.java:525) ~[postgresql-42.7.8.jar:42.7.8]
	at org.postgresql.jdbc.PgStatement.execute(PgStatement.java:435) ~[postgresql-42.7.8.jar:42.7.8]
	at org.postgresql.jdbc.PgStatement.executeWithFlags(PgStatement.java:357) ~[postgresql-42.7.8.jar:42.7.8]
	at org.postgresql.jdbc.PgStatement.executeCachedSql(PgStatement.java:342) ~[postgresql-42.7.8.jar:42.7.8]
	at org.postgresql.jdbc.PgStatement.executeWithFlags(PgStatement.java:318) ~[postgresql-42.7.8.jar:42.7.8]
	at org.postgresql.jdbc.PgStatement.execute(PgStatement.java:313) ~[postgresql-42.7.8.jar:42.7.8]
	at com.zaxxer.hikari.pool.ProxyStatement.execute(ProxyStatement.java:95) ~[HikariCP-6.3.3.jar:na]
	at com.zaxxer.hikari.pool.HikariProxyStatement.execute(HikariProxyStatement.java) ~[HikariCP-6.3.3.jar:na]
	at org.hibernate.tool.schema.internal.exec.GenerationTargetToDatabase.accept(GenerationTargetToDatabase.java:80) ~[hibernate-core-6.6.33.Final.jar:6.6.33.Final]
	... 129 common frames omitted

2026-08-14T14:50:42.291+05:30  WARN 28548 --- [           main] o.h.engine.jdbc.spi.SqlExceptionHelper   : SQL Warning Code: 0, SQLState: 00000
2026-08-14T14:50:42.291+05:30  WARN 28548 --- [           main] o.h.engine.jdbc.spi.SqlExceptionHelper   : relation "sso_session" does not exist, skipping
2026-08-14T14:50:42.293+05:30  WARN 28548 --- [           main] o.h.engine.jdbc.spi.SqlExceptionHelper   : SQL Warning Code: 0, SQLState: 00000
2026-08-14T14:50:42.293+05:30  WARN 28548 --- [           main] o.h.engine.jdbc.spi.SqlExceptionHelper   : relation "sso_user_link" does not exist, skipping
2026-08-14T14:50:42.508+05:30  INFO 28548 --- [           main] j.LocalContainerEntityManagerFactoryBean : Initialized JPA EntityManagerFactory for persistence unit 'default'
2026-08-14T14:50:42.629+05:30  WARN 28548 --- [           main] o.s.aop.framework.CglibAopProxy          : Unable to proxy interface-implementing method [public final void org.springframework.web.filter.GenericFilterBean.init(jakarta.servlet.FilterConfig) throws jakarta.servlet.ServletException] because it is marked as final, consider using interface-based JDK proxies instead.
2026-08-14T14:50:42.635+05:30  WARN 28548 --- [           main] o.s.aop.framework.CglibAopProxy          : Unable to proxy interface-implementing method [public final void org.springframework.web.filter.GenericFilterBean.init(jakarta.servlet.FilterConfig) throws jakarta.servlet.ServletException] because it is marked as final, consider using interface-based JDK proxies instead.
2026-08-14T14:50:42.635+05:30  WARN 28548 --- [           main] o.s.aop.framework.CglibAopProxy          : Unable to proxy interface-implementing method [public final void org.springframework.web.filter.GenericFilterBean.init(jakarta.servlet.FilterConfig) throws jakarta.servlet.ServletException] because it is marked as final, consider using interface-based JDK proxies instead.
2026-08-14T14:50:42.933+05:30  INFO 28548 --- [           main] c.o.l.interceptor.LoggingInterceptor     : LoggingInterceptor initialized — TenantContext + MDC injection active
2026-08-14T14:50:42.933+05:30  INFO 28548 --- [           main] c.o.l.i.TenantContextSetupFilter         : TenantContextSetupFilter initialized — early context setup active (order -100)
2026-08-14T14:50:42.933+05:30  INFO 28548 --- [           main] c.o.l.i.AutoSecurityEventFilter          : AutoSecurityEventFilter initialized — auto-emit AccessLog + SecurityLog active
2026-08-14T14:50:42.933+05:30  INFO 28548 --- [           main] c.o.l.interceptor.LoggingInterceptor     : LoggingInterceptor initialized — TenantContext + MDC injection active
2026-08-14T14:50:42.936+05:30  INFO 28548 --- [           main] c.o.l.i.AutoAuthenticationFilter         : AutoAuthenticationFilter initialized — auto-emit AuthenticationLog active
2026-08-14T14:50:43.002+05:30  WARN 28548 --- [ng-sdk-producer] org.apache.kafka.clients.NetworkClient   : [Producer clientId=logging-sdk-producer] Error connecting to node kafka:29092 (id: 1 rack: null)

java.net.UnknownHostException: kafka
	at java.base/java.net.InetAddress$CachedLookup.get(InetAddress.java:988) ~[na:na]
	at java.base/java.net.InetAddress.getAllByName0(InetAddress.java:1818) ~[na:na]
	at java.base/java.net.InetAddress.getAllByName(InetAddress.java:1688) ~[na:na]
	at org.apache.kafka.clients.DefaultHostResolver.resolve(DefaultHostResolver.java:27) ~[kafka-clients-3.9.1.jar:na]
	at org.apache.kafka.clients.ClientUtils.resolve(ClientUtils.java:125) ~[kafka-clients-3.9.1.jar:na]
	at org.apache.kafka.clients.ClusterConnectionStates$NodeConnectionState.resolveAddresses(ClusterConnectionStates.java:536) ~[kafka-clients-3.9.1.jar:na]
	at org.apache.kafka.clients.ClusterConnectionStates$NodeConnectionState.currentAddress(ClusterConnectionStates.java:511) ~[kafka-clients-3.9.1.jar:na]
	at org.apache.kafka.clients.ClusterConnectionStates$NodeConnectionState.access$200(ClusterConnectionStates.java:466) ~[kafka-clients-3.9.1.jar:na]
	at org.apache.kafka.clients.ClusterConnectionStates.currentAddress(ClusterConnectionStates.java:173) ~[kafka-clients-3.9.1.jar:na]
	at org.apache.kafka.clients.NetworkClient.initiateConnect(NetworkClient.java:1075) ~[kafka-clients-3.9.1.jar:na]
	at org.apache.kafka.clients.NetworkClient.access$800(NetworkClient.java:77) ~[kafka-clients-3.9.1.jar:na]
	at org.apache.kafka.clients.NetworkClient$DefaultMetadataUpdater.maybeUpdate(NetworkClient.java:1264) ~[kafka-clients-3.9.1.jar:na]
	at org.apache.kafka.clients.NetworkClient$DefaultMetadataUpdater.maybeUpdate(NetworkClient.java:1164) ~[kafka-clients-3.9.1.jar:na]
	at org.apache.kafka.clients.NetworkClient.poll(NetworkClient.java:593) ~[kafka-clients-3.9.1.jar:na]
	at org.apache.kafka.clients.NetworkClientUtils.isReady(NetworkClientUtils.java:43) ~[kafka-clients-3.9.1.jar:na]
	at org.apache.kafka.clients.NetworkClientUtils.awaitReady(NetworkClientUtils.java:65) ~[kafka-clients-3.9.1.jar:na]
	at org.apache.kafka.clients.producer.internals.Sender.awaitNodeReady(Sender.java:569) ~[kafka-clients-3.9.1.jar:na]
	at org.apache.kafka.clients.producer.internals.Sender.maybeSendAndPollTransactionalRequest(Sender.java:490) ~[kafka-clients-3.9.1.jar:na]
	at org.apache.kafka.clients.producer.internals.Sender.runOnce(Sender.java:337) ~[kafka-clients-3.9.1.jar:na]
	at org.apache.kafka.clients.producer.internals.Sender.run(Sender.java:251) ~[kafka-clients-3.9.1.jar:na]
	at java.base/java.lang.Thread.run(Thread.java:1583) ~[na:na]

2026-08-14T14:50:43.333+05:30  INFO 28548 --- [           main] a.o.s.g.t.channel.GrpcChannelFactory     : Building gRPC channel for target 'localhost' -> dns:///localhost:8502
2026-08-14T14:50:44.012+05:30  WARN 28548 --- [ng-sdk-producer] org.apache.kafka.clients.NetworkClient   : [Producer clientId=logging-sdk-producer] Error connecting to node kafka:29092 (id: 1 rack: null)

java.net.UnknownHostException: kafka
	at java.base/java.net.InetAddress$CachedLookup.get(InetAddress.java:988) ~[na:na]
	at java.base/java.net.InetAddress.getAllByName0(InetAddress.java:1818) ~[na:na]
	at java.base/java.net.InetAddress.getAllByName(InetAddress.java:1688) ~[na:na]
	at org.apache.kafka.clients.DefaultHostResolver.resolve(DefaultHostResolver.java:27) ~[kafka-clients-3.9.1.jar:na]
	at org.apache.kafka.clients.ClientUtils.resolve(ClientUtils.java:125) ~[kafka-clients-3.9.1.jar:na]
	at org.apache.kafka.clients.ClusterConnectionStates$NodeConnectionState.resolveAddresses(ClusterConnectionStates.java:536) ~[kafka-clients-3.9.1.jar:na]
	at org.apache.kafka.clients.ClusterConnectionStates$NodeConnectionState.currentAddress(ClusterConnectionStates.java:511) ~[kafka-clients-3.9.1.jar:na]
	at org.apache.kafka.clients.ClusterConnectionStates$NodeConnectionState.access$200(ClusterConnectionStates.java:466) ~[kafka-clients-3.9.1.jar:na]
	at org.apache.kafka.clients.ClusterConnectionStates.currentAddress(ClusterConnectionStates.java:173) ~[kafka-clients-3.9.1.jar:na]
	at org.apache.kafka.clients.NetworkClient.initiateConnect(NetworkClient.java:1075) ~[kafka-clients-3.9.1.jar:na]
	at org.apache.kafka.clients.NetworkClient.access$800(NetworkClient.java:77) ~[kafka-clients-3.9.1.jar:na]
	at org.apache.kafka.clients.NetworkClient$DefaultMetadataUpdater.maybeUpdate(NetworkClient.java:1264) ~[kafka-clients-3.9.1.jar:na]
	at org.apache.kafka.clients.NetworkClient$DefaultMetadataUpdater.maybeUpdate(NetworkClient.java:1164) ~[kafka-clients-3.9.1.jar:na]
	at org.apache.kafka.clients.NetworkClient.poll(NetworkClient.java:593) ~[kafka-clients-3.9.1.jar:na]
	at org.apache.kafka.clients.NetworkClientUtils.isReady(NetworkClientUtils.java:43) ~[kafka-clients-3.9.1.jar:na]
	at org.apache.kafka.clients.NetworkClientUtils.awaitReady(NetworkClientUtils.java:65) ~[kafka-clients-3.9.1.jar:na]
	at org.apache.kafka.clients.producer.internals.Sender.awaitNodeReady(Sender.java:569) ~[kafka-clients-3.9.1.jar:na]
	at org.apache.kafka.clients.producer.internals.Sender.maybeSendAndPollTransactionalRequest(Sender.java:490) ~[kafka-clients-3.9.1.jar:na]
	at org.apache.kafka.clients.producer.internals.Sender.runOnce(Sender.java:337) ~[kafka-clients-3.9.1.jar:na]
	at org.apache.kafka.clients.producer.internals.Sender.run(Sender.java:251) ~[kafka-clients-3.9.1.jar:na]
	at java.base/java.lang.Thread.run(Thread.java:1583) ~[na:na]

2026-08-14T14:50:44.273+05:30  INFO 28548 --- [           main] o.s.d.j.r.query.QueryEnhancerFactory     : Hibernate is in classpath; If applicable, HQL parser will be used.
2026-08-14T14:50:44.949+05:30  WARN 28548 --- [ng-sdk-producer] org.apache.kafka.clients.NetworkClient   : [Producer clientId=logging-sdk-producer] Error connecting to node kafka:29092 (id: 1 rack: null)

java.net.UnknownHostException: kafka
	at java.base/java.net.InetAddress$CachedLookup.get(InetAddress.java:988) ~[na:na]
	at java.base/java.net.InetAddress.getAllByName0(InetAddress.java:1818) ~[na:na]
	at java.base/java.net.InetAddress.getAllByName(InetAddress.java:1688) ~[na:na]
	at org.apache.kafka.clients.DefaultHostResolver.resolve(DefaultHostResolver.java:27) ~[kafka-clients-3.9.1.jar:na]
	at org.apache.kafka.clients.ClientUtils.resolve(ClientUtils.java:125) ~[kafka-clients-3.9.1.jar:na]
	at org.apache.kafka.clients.ClusterConnectionStates$NodeConnectionState.resolveAddresses(ClusterConnectionStates.java:536) ~[kafka-clients-3.9.1.jar:na]
	at org.apache.kafka.clients.ClusterConnectionStates$NodeConnectionState.currentAddress(ClusterConnectionStates.java:511) ~[kafka-clients-3.9.1.jar:na]
	at org.apache.kafka.clients.ClusterConnectionStates$NodeConnectionState.access$200(ClusterConnectionStates.java:466) ~[kafka-clients-3.9.1.jar:na]
	at org.apache.kafka.clients.ClusterConnectionStates.currentAddress(ClusterConnectionStates.java:173) ~[kafka-clients-3.9.1.jar:na]
	at org.apache.kafka.clients.NetworkClient.initiateConnect(NetworkClient.java:1075) ~[kafka-clients-3.9.1.jar:na]
	at org.apache.kafka.clients.NetworkClient.access$800(NetworkClient.java:77) ~[kafka-clients-3.9.1.jar:na]
	at org.apache.kafka.clients.NetworkClient$DefaultMetadataUpdater.maybeUpdate(NetworkClient.java:1264) ~[kafka-clients-3.9.1.jar:na]
	at org.apache.kafka.clients.NetworkClient$DefaultMetadataUpdater.maybeUpdate(NetworkClient.java:1164) ~[kafka-clients-3.9.1.jar:na]
	at org.apache.kafka.clients.NetworkClient.poll(NetworkClient.java:593) ~[kafka-clients-3.9.1.jar:na]
	at org.apache.kafka.clients.NetworkClientUtils.isReady(NetworkClientUtils.java:43) ~[kafka-clients-3.9.1.jar:na]
	at org.apache.kafka.clients.NetworkClientUtils.awaitReady(NetworkClientUtils.java:65) ~[kafka-clients-3.9.1.jar:na]
	at org.apache.kafka.clients.producer.internals.Sender.awaitNodeReady(Sender.java:569) ~[kafka-clients-3.9.1.jar:na]
	at org.apache.kafka.clients.producer.internals.Sender.maybeSendAndPollTransactionalRequest(Sender.java:490) ~[kafka-clients-3.9.1.jar:na]
	at org.apache.kafka.clients.producer.internals.Sender.runOnce(Sender.java:337) ~[kafka-clients-3.9.1.jar:na]
	at org.apache.kafka.clients.producer.internals.Sender.run(Sender.java:251) ~[kafka-clients-3.9.1.jar:na]
	at java.base/java.lang.Thread.run(Thread.java:1583) ~[na:na]

2026-08-14T14:50:45.334+05:30  INFO 28548 --- [           main] o.ai.identity.config.HostTenantResolver  : HostTenantResolver loaded 3 sentinel mappings: [localhost, gate.onified.ai, login.onified.ai]
2026-08-14T14:50:45.410+05:30  INFO 28548 --- [           main] a.o.e.a.OutboxAutoConfiguration          : OutboxPublisher initialized: sourceService=identity-service outboxTable=identity_outbox_event validator=StructuralOutboxValidator
2026-08-14T14:50:45.487+05:30  WARN 28548 --- [           main] o.ai.identity.config.JwtSecretValidator  : ================================================================
2026-08-14T14:50:45.487+05:30  WARN 28548 --- [           main] o.ai.identity.config.JwtSecretValidator  :  RUNNING UNDER `local` PROFILE — DEV-ONLY SECRETS IN USE.
2026-08-14T14:50:45.487+05:30  WARN 28548 --- [           main] o.ai.identity.config.JwtSecretValidator  :  Never deploy this profile to beta/prod.
2026-08-14T14:50:45.487+05:30  WARN 28548 --- [           main] o.ai.identity.config.JwtSecretValidator  :  Set SPRING_PROFILES_ACTIVE=beta|prod + real env vars before shipping.
2026-08-14T14:50:45.487+05:30  WARN 28548 --- [           main] o.ai.identity.config.JwtSecretValidator  : ================================================================
2026-08-14T14:50:45.487+05:30  INFO 28548 --- [           main] o.ai.identity.config.JwtSecretValidator  : JWT secrets validated successfully. audience=onified-backend, profile=local
2026-08-14T14:50:45.526+05:30  INFO 28548 --- [           main] a.o.r.r.JpaMetamodelResourceRegistry     : JpaMetamodelResourceRegistry: registered 86 resource(s) and 145 relation(s) from the JPA metamodel
2026-08-14T14:50:45.534+05:30  INFO 28548 --- [           main] o.a.i.service.rbac.EntityRegistryBridge  : EntityRegistryBridge: resolved 86/86 resource types from @OnifiedEntity uuids (skipped=0)
2026-08-14T14:50:45.555+05:30  INFO 28548 --- [           main] o.a.i.service.manifest.FieldKeyCache     : FieldKeyCache: built local OnifiedField index — 1371 columnUid→fieldName mappings from this service's own classpath
2026-08-14T14:50:45.685+05:30  WARN 28548 --- [         task-1] a.o.rbac.client.ServiceTokenProvider     : KSA token unreadable at /var/run/secrets/onified.ai/sa-token, falling back to legacy key: java.nio.file.NoSuchFileException: \var\run\secrets\onified.ai\sa-token
2026-08-14T14:50:45.685+05:30  INFO 28548 --- [         task-1] a.o.rbac.client.ServiceTokenProvider     : Refreshing service token from http://localhost:8082/internal/v1/service-auth/token
2026-08-14T14:50:45.730+05:30  WARN 28548 --- [         task-1] a.o.s.g.i.c.GrpcAuthClientInterceptor    : GrpcAuthClientInterceptor could not attach service token: null
2026-08-14T14:50:45.730+05:30  WARN 28548 --- [         task-1] a.o.rbac.client.ServiceTokenProvider     : KSA token unreadable at /var/run/secrets/onified.ai/sa-token, falling back to legacy key: java.nio.file.NoSuchFileException: \var\run\secrets\onified.ai\sa-token
2026-08-14T14:50:45.730+05:30  INFO 28548 --- [         task-1] a.o.rbac.client.ServiceTokenProvider     : Refreshing service token from http://localhost:8082/internal/v1/service-auth/token
2026-08-14T14:50:45.730+05:30  WARN 28548 --- [         task-1] a.o.s.g.i.c.GrpcAuthClientInterceptor    : GrpcAuthClientInterceptor could not attach service token: null
2026-08-14T14:50:45.911+05:30  WARN 28548 --- [ng-sdk-producer] org.apache.kafka.clients.NetworkClient   : [Producer clientId=logging-sdk-producer] Error connecting to node kafka:29092 (id: 1 rack: null)

java.net.UnknownHostException: kafka
	at java.base/java.net.InetAddress$CachedLookup.get(InetAddress.java:988) ~[na:na]
	at java.base/java.net.InetAddress.getAllByName0(InetAddress.java:1818) ~[na:na]
	at java.base/java.net.InetAddress.getAllByName(InetAddress.java:1688) ~[na:na]
	at org.apache.kafka.clients.DefaultHostResolver.resolve(DefaultHostResolver.java:27) ~[kafka-clients-3.9.1.jar:na]
	at org.apache.kafka.clients.ClientUtils.resolve(ClientUtils.java:125) ~[kafka-clients-3.9.1.jar:na]
	at org.apache.kafka.clients.ClusterConnectionStates$NodeConnectionState.resolveAddresses(ClusterConnectionStates.java:536) ~[kafka-clients-3.9.1.jar:na]
	at org.apache.kafka.clients.ClusterConnectionStates$NodeConnectionState.currentAddress(ClusterConnectionStates.java:511) ~[kafka-clients-3.9.1.jar:na]
	at org.apache.kafka.clients.ClusterConnectionStates$NodeConnectionState.access$200(ClusterConnectionStates.java:466) ~[kafka-clients-3.9.1.jar:na]
	at org.apache.kafka.clients.ClusterConnectionStates.currentAddress(ClusterConnectionStates.java:173) ~[kafka-clients-3.9.1.jar:na]
	at org.apache.kafka.clients.NetworkClient.initiateConnect(NetworkClient.java:1075) ~[kafka-clients-3.9.1.jar:na]
	at org.apache.kafka.clients.NetworkClient.access$800(NetworkClient.java:77) ~[kafka-clients-3.9.1.jar:na]
	at org.apache.kafka.clients.NetworkClient$DefaultMetadataUpdater.maybeUpdate(NetworkClient.java:1264) ~[kafka-clients-3.9.1.jar:na]
	at org.apache.kafka.clients.NetworkClient$DefaultMetadataUpdater.maybeUpdate(NetworkClient.java:1164) ~[kafka-clients-3.9.1.jar:na]
	at org.apache.kafka.clients.NetworkClient.poll(NetworkClient.java:593) ~[kafka-clients-3.9.1.jar:na]
	at org.apache.kafka.clients.NetworkClientUtils.isReady(NetworkClientUtils.java:43) ~[kafka-clients-3.9.1.jar:na]
	at org.apache.kafka.clients.NetworkClientUtils.awaitReady(NetworkClientUtils.java:65) ~[kafka-clients-3.9.1.jar:na]
	at org.apache.kafka.clients.producer.internals.Sender.awaitNodeReady(Sender.java:569) ~[kafka-clients-3.9.1.jar:na]
	at org.apache.kafka.clients.producer.internals.Sender.maybeSendAndPollTransactionalRequest(Sender.java:490) ~[kafka-clients-3.9.1.jar:na]
	at org.apache.kafka.clients.producer.internals.Sender.runOnce(Sender.java:337) ~[kafka-clients-3.9.1.jar:na]
	at org.apache.kafka.clients.producer.internals.Sender.run(Sender.java:251) ~[kafka-clients-3.9.1.jar:na]
	at java.base/java.lang.Thread.run(Thread.java:1583) ~[na:na]

2026-08-14T14:50:46.504+05:30  WARN 28548 --- [         task-1] i.m.p.PrometheusMeterRegistry            : The meter (MeterId{name='grpc.client.processing.duration', tags=[tag(method=onified.platformdata.v1.MetadataCatalogService/GetMetadataCatalog),tag(service_name=identity-service),tag(status=UNAVAILABLE),tag(tenant_key=beta)]}) registration has failed: Prometheus requires that all meters with the same name have the same set of tag keys. There is already an existing meter named 'grpc_client_processing_duration_seconds' containing tag keys [method, methodType, service, service_name, statusCode, tenant_key]. The meter you are attempting to register has keys [method, service_name, status, tenant_key]. Note that subsequent logs will be logged at debug level.
2026-08-14T14:50:46.513+05:30  WARN 28548 --- [         task-1] o.a.i.service.manifest.FieldKeyCache     : FieldKeyCache: attempt 1/3 failed (io exception), retrying in 500ms
2026-08-14T14:50:46.547+05:30  INFO 28548 --- [           main] a.o.r.s.ConstraintCheckerRegistry        : Registered constraint checker: TIME
2026-08-14T14:50:46.547+05:30  INFO 28548 --- [           main] a.o.r.s.ConstraintCheckerRegistry        : Registered constraint checker: NETWORK
2026-08-14T14:50:46.547+05:30  INFO 28548 --- [           main] a.o.r.s.ConstraintCheckerRegistry        : Registered constraint checker: VPN
2026-08-14T14:50:46.547+05:30  INFO 28548 --- [           main] a.o.r.s.ConstraintCheckerRegistry        : Registered constraint checker: DEVICE
2026-08-14T14:50:46.547+05:30  INFO 28548 --- [           main] a.o.r.s.ConstraintCheckerRegistry        : Registered constraint checker: LOCATION
2026-08-14T14:50:46.547+05:30  INFO 28548 --- [           main] a.o.r.s.ConstraintCheckerRegistry        : Registered constraint checker: COMPOUND
2026-08-14T14:50:46.547+05:30  INFO 28548 --- [           main] a.o.r.s.ConstraintCheckerRegistry        : ConstraintCheckerRegistry initialized with 6 checker(s)
2026-08-14T14:50:46.666+05:30  INFO 28548 --- [           main] a.o.rbac.authority.AuthorityPolicyCache  : AuthorityPolicyCache: warming up...
2026-08-14T14:50:46.843+05:30  INFO 28548 --- [           main] o.a.i.config.LocalAuthorityPolicyLoader  : LocalAuthorityPolicyLoader: loaded 0 authority policy(ies)
2026-08-14T14:50:46.851+05:30  INFO 28548 --- [           main] a.o.rbac.authority.AuthorityPolicyCache  : AuthorityPolicyCache: loaded 0 authority policy(ies)
2026-08-14T14:50:46.868+05:30  INFO 28548 --- [           main] ai.onified.rbac.view.ViewCache           : ViewCache: warming up...
2026-08-14T14:50:46.935+05:30  INFO 28548 --- [           main] o.ai.identity.config.LocalViewLoader     : LocalViewLoader: loaded 0 view definition(s) for service 'identity-service'
2026-08-14T14:50:46.935+05:30  INFO 28548 --- [           main] ai.onified.rbac.view.ViewCache           : ViewCache: loaded 0 view definition(s)
2026-08-14T14:50:46.964+05:30  WARN 28548 --- [ng-sdk-producer] org.apache.kafka.clients.NetworkClient   : [Producer clientId=logging-sdk-producer] Error connecting to node kafka:29092 (id: 1 rack: null)

java.net.UnknownHostException: kafka
	at java.base/java.net.InetAddress$CachedLookup.get(InetAddress.java:988) ~[na:na]
	at java.base/java.net.InetAddress.getAllByName0(InetAddress.java:1818) ~[na:na]
	at java.base/java.net.InetAddress.getAllByName(InetAddress.java:1688) ~[na:na]
	at org.apache.kafka.clients.DefaultHostResolver.resolve(DefaultHostResolver.java:27) ~[kafka-clients-3.9.1.jar:na]
	at org.apache.kafka.clients.ClientUtils.resolve(ClientUtils.java:125) ~[kafka-clients-3.9.1.jar:na]
	at org.apache.kafka.clients.ClusterConnectionStates$NodeConnectionState.resolveAddresses(ClusterConnectionStates.java:536) ~[kafka-clients-3.9.1.jar:na]
	at org.apache.kafka.clients.ClusterConnectionStates$NodeConnectionState.currentAddress(ClusterConnectionStates.java:511) ~[kafka-clients-3.9.1.jar:na]
	at org.apache.kafka.clients.ClusterConnectionStates$NodeConnectionState.access$200(ClusterConnectionStates.java:466) ~[kafka-clients-3.9.1.jar:na]
	at org.apache.kafka.clients.ClusterConnectionStates.currentAddress(ClusterConnectionStates.java:173) ~[kafka-clients-3.9.1.jar:na]
	at org.apache.kafka.clients.NetworkClient.initiateConnect(NetworkClient.java:1075) ~[kafka-clients-3.9.1.jar:na]
	at org.apache.kafka.clients.NetworkClient.access$800(NetworkClient.java:77) ~[kafka-clients-3.9.1.jar:na]
	at org.apache.kafka.clients.NetworkClient$DefaultMetadataUpdater.maybeUpdate(NetworkClient.java:1264) ~[kafka-clients-3.9.1.jar:na]
	at org.apache.kafka.clients.NetworkClient$DefaultMetadataUpdater.maybeUpdate(NetworkClient.java:1164) ~[kafka-clients-3.9.1.jar:na]
	at org.apache.kafka.clients.NetworkClient.poll(NetworkClient.java:593) ~[kafka-clients-3.9.1.jar:na]
	at org.apache.kafka.clients.NetworkClientUtils.isReady(NetworkClientUtils.java:43) ~[kafka-clients-3.9.1.jar:na]
	at org.apache.kafka.clients.NetworkClientUtils.awaitReady(NetworkClientUtils.java:65) ~[kafka-clients-3.9.1.jar:na]
	at org.apache.kafka.clients.producer.internals.Sender.awaitNodeReady(Sender.java:569) ~[kafka-clients-3.9.1.jar:na]
	at org.apache.kafka.clients.producer.internals.Sender.maybeSendAndPollTransactionalRequest(Sender.java:490) ~[kafka-clients-3.9.1.jar:na]
	at org.apache.kafka.clients.producer.internals.Sender.runOnce(Sender.java:337) ~[kafka-clients-3.9.1.jar:na]
	at org.apache.kafka.clients.producer.internals.Sender.run(Sender.java:251) ~[kafka-clients-3.9.1.jar:na]
	at java.base/java.lang.Thread.run(Thread.java:1583) ~[na:na]

2026-08-14T14:50:46.966+05:30  INFO 28548 --- [           main] a.o.rbac.util.GenericSearchService       : Phase-2 search wired: resourceRegistry=yes, phase2ViewCache=yes, expandService=yes, authorityPolicyResolver=yes
2026-08-14T14:50:46.966+05:30  INFO 28548 --- [           main] a.o.rbac.util.GenericSearchService       : Post-query enrichers wired: count=0, classes=[]
2026-08-14T14:50:47.037+05:30  WARN 28548 --- [         task-1] a.o.rbac.client.ServiceTokenProvider     : KSA token unreadable at /var/run/secrets/onified.ai/sa-token, falling back to legacy key: java.nio.file.NoSuchFileException: \var\run\secrets\onified.ai\sa-token
2026-08-14T14:50:47.037+05:30  INFO 28548 --- [         task-1] a.o.rbac.client.ServiceTokenProvider     : Refreshing service token from http://localhost:8082/internal/v1/service-auth/token
2026-08-14T14:50:47.037+05:30  WARN 28548 --- [         task-1] a.o.s.g.i.c.GrpcAuthClientInterceptor    : GrpcAuthClientInterceptor could not attach service token: null
2026-08-14T14:50:47.037+05:30  WARN 28548 --- [         task-1] a.o.rbac.client.ServiceTokenProvider     : KSA token unreadable at /var/run/secrets/onified.ai/sa-token, falling back to legacy key: java.nio.file.NoSuchFileException: \var\run\secrets\onified.ai\sa-token
2026-08-14T14:50:47.037+05:30  INFO 28548 --- [         task-1] a.o.rbac.client.ServiceTokenProvider     : Refreshing service token from http://localhost:8082/internal/v1/service-auth/token
2026-08-14T14:50:47.037+05:30  WARN 28548 --- [         task-1] a.o.s.g.i.c.GrpcAuthClientInterceptor    : GrpcAuthClientInterceptor could not attach service token: null
2026-08-14T14:50:47.355+05:30  INFO 28548 --- [           main] eAuthenticationProviderManagerConfigurer : Global AuthenticationManager configured with AuthenticationProvider bean with name authenticationProvider
2026-08-14T14:50:47.355+05:30  WARN 28548 --- [           main] r$InitializeUserDetailsManagerConfigurer : Global AuthenticationManager configured with an AuthenticationProvider bean. UserDetailsService beans will not be used by Spring Security for automatically configuring username/password login. Consider removing the AuthenticationProvider bean. Alternatively, consider using the UserDetailsService in a manually instantiated DaoAuthenticationProvider. If the current configuration is intentional, to turn off this warning, increase the logging level of 'org.springframework.security.config.annotation.authentication.configuration.InitializeUserDetailsBeanManagerConfigurer' to ERROR
2026-08-14T14:50:47.419+05:30  INFO 28548 --- [           main] o.a.i.s.r.o.ObligationBindingService     : Obligation resolvers registered: [STEP_UP, CONSENT, JUSTIFICATION]
2026-08-14T14:50:47.447+05:30  WARN 28548 --- [         task-1] o.a.i.service.manifest.FieldKeyCache     : FieldKeyCache: attempt 2/3 failed (io exception), retrying in 1000ms
2026-08-14T14:50:48.450+05:30  WARN 28548 --- [         task-1] a.o.rbac.client.ServiceTokenProvider     : KSA token unreadable at /var/run/secrets/onified.ai/sa-token, falling back to legacy key: java.nio.file.NoSuchFileException: \var\run\secrets\onified.ai\sa-token
2026-08-14T14:50:48.450+05:30  INFO 28548 --- [         task-1] a.o.rbac.client.ServiceTokenProvider     : Refreshing service token from http://localhost:8082/internal/v1/service-auth/token
2026-08-14T14:50:48.450+05:30  WARN 28548 --- [         task-1] a.o.s.g.i.c.GrpcAuthClientInterceptor    : GrpcAuthClientInterceptor could not attach service token: null
2026-08-14T14:50:48.450+05:30  WARN 28548 --- [         task-1] a.o.rbac.client.ServiceTokenProvider     : KSA token unreadable at /var/run/secrets/onified.ai/sa-token, falling back to legacy key: java.nio.file.NoSuchFileException: \var\run\secrets\onified.ai\sa-token
2026-08-14T14:50:48.450+05:30  INFO 28548 --- [         task-1] a.o.rbac.client.ServiceTokenProvider     : Refreshing service token from http://localhost:8082/internal/v1/service-auth/token
2026-08-14T14:50:48.450+05:30  WARN 28548 --- [         task-1] a.o.s.g.i.c.GrpcAuthClientInterceptor    : GrpcAuthClientInterceptor could not attach service token: null
2026-08-14T14:50:48.566+05:30 ERROR 28548 --- [         task-1] o.a.i.service.manifest.FieldKeyCache     : FieldKeyCache: all 3 attempts exhausted — field UUIDs will fall back to raw values until the next refresh

ai.onified.common.exception.kafka.DependencyUnavailableException: io exception
	at ai.onified.s2s.grpc.transport.error.GrpcStatusExceptionMapper.map(GrpcStatusExceptionMapper.java:59) ~[onified-s2s-grpc-starter-0.1.2.jar:na]
	at onified.ai.identity.grpc.s2s.metadatacatalog.MetadataCatalogGrpcGateway.getMetadataCatalog(MetadataCatalogGrpcGateway.java:92) ~[main/:na]
	at onified.ai.identity.service.manifest.FieldKeyCache.loadFromPlatformData(FieldKeyCache.java:468) ~[main/:na]
	at onified.ai.identity.service.manifest.FieldKeyCache.loadWithRetry(FieldKeyCache.java:433) ~[main/:na]
	at java.base/java.util.concurrent.ThreadPoolExecutor.runWorker(ThreadPoolExecutor.java:1144) ~[na:na]
	at java.base/java.util.concurrent.ThreadPoolExecutor$Worker.run(ThreadPoolExecutor.java:642) ~[na:na]
	at java.base/java.lang.Thread.run(Thread.java:1583) ~[na:na]
Caused by: io.grpc.StatusRuntimeException: UNAVAILABLE: io exception
	at io.grpc.stub.ClientCalls.toStatusRuntimeException(ClientCalls.java:268) ~[grpc-stub-1.64.0.jar:1.64.0]
	at io.grpc.stub.ClientCalls.getUnchecked(ClientCalls.java:249) ~[grpc-stub-1.64.0.jar:1.64.0]
	at io.grpc.stub.ClientCalls.blockingUnaryCall(ClientCalls.java:167) ~[grpc-stub-1.64.0.jar:1.64.0]
	at onified.ai.platformdata.grpc.v1.MetadataCatalogServiceGrpc$MetadataCatalogServiceBlockingStub.getMetadataCatalog(MetadataCatalogServiceGrpc.java:186) ~[main/:na]
	at onified.ai.identity.grpc.s2s.metadatacatalog.MetadataCatalogGrpcGateway.getMetadataCatalog(MetadataCatalogGrpcGateway.java:80) ~[main/:na]
	... 5 common frames omitted
Caused by: io.grpc.netty.shaded.io.netty.channel.AbstractChannel$AnnotatedConnectException: Connection refused: getsockopt: localhost/127.0.0.1:8502
Caused by: java.net.ConnectException: Connection refused: getsockopt
	at java.base/sun.nio.ch.Net.pollConnect(Native Method) ~[na:na]
	at java.base/sun.nio.ch.Net.pollConnectNow(Net.java:694) ~[na:na]
	at java.base/sun.nio.ch.SocketChannelImpl.finishConnect(SocketChannelImpl.java:973) ~[na:na]
	at io.grpc.netty.shaded.io.netty.channel.socket.nio.NioSocketChannel.doFinishConnect(NioSocketChannel.java:337) ~[grpc-netty-shaded-1.64.0.jar:1.64.0]
	at io.grpc.netty.shaded.io.netty.channel.nio.AbstractNioChannel$AbstractNioUnsafe.finishConnect(AbstractNioChannel.java:334) ~[grpc-netty-shaded-1.64.0.jar:1.64.0]
	at io.grpc.netty.shaded.io.netty.channel.nio.NioEventLoop.processSelectedKey(NioEventLoop.java:776) ~[grpc-netty-shaded-1.64.0.jar:1.64.0]
	at io.grpc.netty.shaded.io.netty.channel.nio.NioEventLoop.processSelectedKeysOptimized(NioEventLoop.java:724) ~[grpc-netty-shaded-1.64.0.jar:1.64.0]
	at io.grpc.netty.shaded.io.netty.channel.nio.NioEventLoop.processSelectedKeys(NioEventLoop.java:650) ~[grpc-netty-shaded-1.64.0.jar:1.64.0]
	at io.grpc.netty.shaded.io.netty.channel.nio.NioEventLoop.run(NioEventLoop.java:562) ~[grpc-netty-shaded-1.64.0.jar:1.64.0]
	at io.grpc.netty.shaded.io.netty.util.concurrent.SingleThreadEventExecutor$4.run(SingleThreadEventExecutor.java:997) ~[grpc-netty-shaded-1.64.0.jar:1.64.0]
	at io.grpc.netty.shaded.io.netty.util.internal.ThreadExecutorMap$2.run(ThreadExecutorMap.java:74) ~[grpc-netty-shaded-1.64.0.jar:1.64.0]
	at io.grpc.netty.shaded.io.netty.util.concurrent.FastThreadLocalRunnable.run(FastThreadLocalRunnable.java:30) ~[grpc-netty-shaded-1.64.0.jar:1.64.0]
	at java.base/java.lang.Thread.run(Thread.java:1583) ~[na:na]

2026-08-14T14:50:48.768+05:30  INFO 28548 --- [           main] o.a.i.s.crypto.CryptoMasterKeyProvider   : Loaded MFA crypto master key version 1
2026-08-14T14:50:49.100+05:30  INFO 28548 --- [           main] ai.onified.rbac.intent.IntentCache       : IntentCache: warming up...
2026-08-14T14:50:49.150+05:30  INFO 28548 --- [           main] ai.onified.rbac.intent.IntentCache       : IntentCache: loaded 0 intent(s)
2026-08-14T14:50:50.532+05:30  WARN 28548 --- [ng-sdk-producer] org.apache.kafka.clients.NetworkClient   : [Producer clientId=logging-sdk-producer] Error connecting to node kafka:29092 (id: 1 rack: null)

java.net.UnknownHostException: No such host is known (kafka)
	at java.base/java.net.Inet6AddressImpl.lookupAllHostAddr(Native Method) ~[na:na]
	at java.base/java.net.Inet6AddressImpl.lookupAllHostAddr(Inet6AddressImpl.java:52) ~[na:na]
	at java.base/java.net.InetAddress$PlatformResolver.lookupByName(InetAddress.java:1211) ~[na:na]
	at java.base/java.net.InetAddress.getAddressesFromNameService(InetAddress.java:1828) ~[na:na]
	at java.base/java.net.InetAddress$NameServiceAddresses.get(InetAddress.java:1139) ~[na:na]
	at java.base/java.net.InetAddress.getAllByName0(InetAddress.java:1818) ~[na:na]
	at java.base/java.net.InetAddress.getAllByName(InetAddress.java:1688) ~[na:na]
	at org.apache.kafka.clients.DefaultHostResolver.resolve(DefaultHostResolver.java:27) ~[kafka-clients-3.9.1.jar:na]
	at org.apache.kafka.clients.ClientUtils.resolve(ClientUtils.java:125) ~[kafka-clients-3.9.1.jar:na]
	at org.apache.kafka.clients.ClusterConnectionStates$NodeConnectionState.resolveAddresses(ClusterConnectionStates.java:536) ~[kafka-clients-3.9.1.jar:na]
	at org.apache.kafka.clients.ClusterConnectionStates$NodeConnectionState.currentAddress(ClusterConnectionStates.java:511) ~[kafka-clients-3.9.1.jar:na]
	at org.apache.kafka.clients.ClusterConnectionStates$NodeConnectionState.access$200(ClusterConnectionStates.java:466) ~[kafka-clients-3.9.1.jar:na]
	at org.apache.kafka.clients.ClusterConnectionStates.currentAddress(ClusterConnectionStates.java:173) ~[kafka-clients-3.9.1.jar:na]
	at org.apache.kafka.clients.NetworkClient.initiateConnect(NetworkClient.java:1075) ~[kafka-clients-3.9.1.jar:na]
	at org.apache.kafka.clients.NetworkClient.ready(NetworkClient.java:321) ~[kafka-clients-3.9.1.jar:na]
	at org.apache.kafka.clients.NetworkClientUtils.awaitReady(NetworkClientUtils.java:65) ~[kafka-clients-3.9.1.jar:na]
	at org.apache.kafka.clients.producer.internals.Sender.awaitNodeReady(Sender.java:569) ~[kafka-clients-3.9.1.jar:na]
	at org.apache.kafka.clients.producer.internals.Sender.maybeSendAndPollTransactionalRequest(Sender.java:490) ~[kafka-clients-3.9.1.jar:na]
	at org.apache.kafka.clients.producer.internals.Sender.runOnce(Sender.java:337) ~[kafka-clients-3.9.1.jar:na]
	at org.apache.kafka.clients.producer.internals.Sender.run(Sender.java:251) ~[kafka-clients-3.9.1.jar:na]
	at java.base/java.lang.Thread.run(Thread.java:1583) ~[na:na]

2026-08-14T14:50:50.645+05:30  WARN 28548 --- [ng-sdk-producer] org.apache.kafka.clients.NetworkClient   : [Producer clientId=logging-sdk-producer] Error connecting to node kafka:29092 (id: 1 rack: null)

java.net.UnknownHostException: kafka
	at java.base/java.net.InetAddress$CachedLookup.get(InetAddress.java:988) ~[na:na]
	at java.base/java.net.InetAddress.getAllByName0(InetAddress.java:1818) ~[na:na]
	at java.base/java.net.InetAddress.getAllByName(InetAddress.java:1688) ~[na:na]
	at org.apache.kafka.clients.DefaultHostResolver.resolve(DefaultHostResolver.java:27) ~[kafka-clients-3.9.1.jar:na]
	at org.apache.kafka.clients.ClientUtils.resolve(ClientUtils.java:125) ~[kafka-clients-3.9.1.jar:na]
	at org.apache.kafka.clients.ClusterConnectionStates$NodeConnectionState.resolveAddresses(ClusterConnectionStates.java:536) ~[kafka-clients-3.9.1.jar:na]
	at org.apache.kafka.clients.ClusterConnectionStates$NodeConnectionState.currentAddress(ClusterConnectionStates.java:511) ~[kafka-clients-3.9.1.jar:na]
	at org.apache.kafka.clients.ClusterConnectionStates$NodeConnectionState.access$200(ClusterConnectionStates.java:466) ~[kafka-clients-3.9.1.jar:na]
	at org.apache.kafka.clients.ClusterConnectionStates.currentAddress(ClusterConnectionStates.java:173) ~[kafka-clients-3.9.1.jar:na]
	at org.apache.kafka.clients.NetworkClient.initiateConnect(NetworkClient.java:1075) ~[kafka-clients-3.9.1.jar:na]
	at org.apache.kafka.clients.NetworkClient.access$800(NetworkClient.java:77) ~[kafka-clients-3.9.1.jar:na]
	at org.apache.kafka.clients.NetworkClient$DefaultMetadataUpdater.maybeUpdate(NetworkClient.java:1264) ~[kafka-clients-3.9.1.jar:na]
	at org.apache.kafka.clients.NetworkClient$DefaultMetadataUpdater.maybeUpdate(NetworkClient.java:1164) ~[kafka-clients-3.9.1.jar:na]
	at org.apache.kafka.clients.NetworkClient.poll(NetworkClient.java:593) ~[kafka-clients-3.9.1.jar:na]
	at org.apache.kafka.clients.NetworkClientUtils.isReady(NetworkClientUtils.java:43) ~[kafka-clients-3.9.1.jar:na]
	at org.apache.kafka.clients.NetworkClientUtils.awaitReady(NetworkClientUtils.java:65) ~[kafka-clients-3.9.1.jar:na]
	at org.apache.kafka.clients.producer.internals.Sender.awaitNodeReady(Sender.java:569) ~[kafka-clients-3.9.1.jar:na]
	at org.apache.kafka.clients.producer.internals.Sender.maybeSendAndPollTransactionalRequest(Sender.java:490) ~[kafka-clients-3.9.1.jar:na]
	at org.apache.kafka.clients.producer.internals.Sender.runOnce(Sender.java:337) ~[kafka-clients-3.9.1.jar:na]
	at org.apache.kafka.clients.producer.internals.Sender.run(Sender.java:251) ~[kafka-clients-3.9.1.jar:na]
	at java.base/java.lang.Thread.run(Thread.java:1583) ~[na:na]

2026-08-14T14:50:51.447+05:30 ERROR 28548 --- [           main] o.a.i.s.b.BreakGlassExpirySweepJob       : BreakGlassExpirySweepJob is enabled but onified.break-glass-expiry-sweep.system-principal-id is NOT configured — this security backstop cannot run until a real, pre-provisioned iam_principal.id is set. This will be logged at ERROR on every tick until fixed.
2026-08-14T14:50:51.613+05:30  WARN 28548 --- [ng-sdk-producer] org.apache.kafka.clients.NetworkClient   : [Producer clientId=logging-sdk-producer] Error connecting to node kafka:29092 (id: 1 rack: null)

java.net.UnknownHostException: kafka
	at java.base/java.net.InetAddress$CachedLookup.get(InetAddress.java:988) ~[na:na]
	at java.base/java.net.InetAddress.getAllByName0(InetAddress.java:1818) ~[na:na]
	at java.base/java.net.InetAddress.getAllByName(InetAddress.java:1688) ~[na:na]
	at org.apache.kafka.clients.DefaultHostResolver.resolve(DefaultHostResolver.java:27) ~[kafka-clients-3.9.1.jar:na]
	at org.apache.kafka.clients.ClientUtils.resolve(ClientUtils.java:125) ~[kafka-clients-3.9.1.jar:na]
	at org.apache.kafka.clients.ClusterConnectionStates$NodeConnectionState.resolveAddresses(ClusterConnectionStates.java:536) ~[kafka-clients-3.9.1.jar:na]
	at org.apache.kafka.clients.ClusterConnectionStates$NodeConnectionState.currentAddress(ClusterConnectionStates.java:511) ~[kafka-clients-3.9.1.jar:na]
	at org.apache.kafka.clients.ClusterConnectionStates$NodeConnectionState.access$200(ClusterConnectionStates.java:466) ~[kafka-clients-3.9.1.jar:na]
	at org.apache.kafka.clients.ClusterConnectionStates.currentAddress(ClusterConnectionStates.java:173) ~[kafka-clients-3.9.1.jar:na]
	at org.apache.kafka.clients.NetworkClient.initiateConnect(NetworkClient.java:1075) ~[kafka-clients-3.9.1.jar:na]
	at org.apache.kafka.clients.NetworkClient.access$800(NetworkClient.java:77) ~[kafka-clients-3.9.1.jar:na]
	at org.apache.kafka.clients.NetworkClient$DefaultMetadataUpdater.maybeUpdate(NetworkClient.java:1264) ~[kafka-clients-3.9.1.jar:na]
	at org.apache.kafka.clients.NetworkClient$DefaultMetadataUpdater.maybeUpdate(NetworkClient.java:1164) ~[kafka-clients-3.9.1.jar:na]
	at org.apache.kafka.clients.NetworkClient.poll(NetworkClient.java:593) ~[kafka-clients-3.9.1.jar:na]
	at org.apache.kafka.clients.NetworkClientUtils.isReady(NetworkClientUtils.java:43) ~[kafka-clients-3.9.1.jar:na]
	at org.apache.kafka.clients.NetworkClientUtils.awaitReady(NetworkClientUtils.java:65) ~[kafka-clients-3.9.1.jar:na]
	at org.apache.kafka.clients.producer.internals.Sender.awaitNodeReady(Sender.java:569) ~[kafka-clients-3.9.1.jar:na]
	at org.apache.kafka.clients.producer.internals.Sender.maybeSendAndPollTransactionalRequest(Sender.java:490) ~[kafka-clients-3.9.1.jar:na]
	at org.apache.kafka.clients.producer.internals.Sender.runOnce(Sender.java:337) ~[kafka-clients-3.9.1.jar:na]
	at org.apache.kafka.clients.producer.internals.Sender.run(Sender.java:251) ~[kafka-clients-3.9.1.jar:na]
	at java.base/java.lang.Thread.run(Thread.java:1583) ~[na:na]

2026-08-14T14:50:51.965+05:30  INFO 28548 --- [           main] a.o.sso.service.EncryptionKeyProvider    : Loaded encryption key version 1
2026-08-14T14:50:52.644+05:30  WARN 28548 --- [ng-sdk-producer] org.apache.kafka.clients.NetworkClient   : [Producer clientId=logging-sdk-producer] Error connecting to node kafka:29092 (id: 1 rack: null)

java.net.UnknownHostException: kafka
	at java.base/java.net.InetAddress$CachedLookup.get(InetAddress.java:988) ~[na:na]
	at java.base/java.net.InetAddress.getAllByName0(InetAddress.java:1818) ~[na:na]
	at java.base/java.net.InetAddress.getAllByName(InetAddress.java:1688) ~[na:na]
	at org.apache.kafka.clients.DefaultHostResolver.resolve(DefaultHostResolver.java:27) ~[kafka-clients-3.9.1.jar:na]
	at org.apache.kafka.clients.ClientUtils.resolve(ClientUtils.java:125) ~[kafka-clients-3.9.1.jar:na]
	at org.apache.kafka.clients.ClusterConnectionStates$NodeConnectionState.resolveAddresses(ClusterConnectionStates.java:536) ~[kafka-clients-3.9.1.jar:na]
	at org.apache.kafka.clients.ClusterConnectionStates$NodeConnectionState.currentAddress(ClusterConnectionStates.java:511) ~[kafka-clients-3.9.1.jar:na]
	at org.apache.kafka.clients.ClusterConnectionStates$NodeConnectionState.access$200(ClusterConnectionStates.java:466) ~[kafka-clients-3.9.1.jar:na]
	at org.apache.kafka.clients.ClusterConnectionStates.currentAddress(ClusterConnectionStates.java:173) ~[kafka-clients-3.9.1.jar:na]
	at org.apache.kafka.clients.NetworkClient.initiateConnect(NetworkClient.java:1075) ~[kafka-clients-3.9.1.jar:na]
	at org.apache.kafka.clients.NetworkClient.access$800(NetworkClient.java:77) ~[kafka-clients-3.9.1.jar:na]
	at org.apache.kafka.clients.NetworkClient$DefaultMetadataUpdater.maybeUpdate(NetworkClient.java:1264) ~[kafka-clients-3.9.1.jar:na]
	at org.apache.kafka.clients.NetworkClient$DefaultMetadataUpdater.maybeUpdate(NetworkClient.java:1164) ~[kafka-clients-3.9.1.jar:na]
	at org.apache.kafka.clients.NetworkClient.poll(NetworkClient.java:593) ~[kafka-clients-3.9.1.jar:na]
	at org.apache.kafka.clients.NetworkClientUtils.isReady(NetworkClientUtils.java:43) ~[kafka-clients-3.9.1.jar:na]
	at org.apache.kafka.clients.NetworkClientUtils.awaitReady(NetworkClientUtils.java:65) ~[kafka-clients-3.9.1.jar:na]
	at org.apache.kafka.clients.producer.internals.Sender.awaitNodeReady(Sender.java:569) ~[kafka-clients-3.9.1.jar:na]
	at org.apache.kafka.clients.producer.internals.Sender.maybeSendAndPollTransactionalRequest(Sender.java:490) ~[kafka-clients-3.9.1.jar:na]
	at org.apache.kafka.clients.producer.internals.Sender.runOnce(Sender.java:337) ~[kafka-clients-3.9.1.jar:na]
	at org.apache.kafka.clients.producer.internals.Sender.run(Sender.java:251) ~[kafka-clients-3.9.1.jar:na]
	at java.base/java.lang.Thread.run(Thread.java:1583) ~[na:na]

2026-08-14T14:50:53.396+05:30  INFO 28548 --- [           main] n.d.b.g.c.a.GrpcClientAutoConfiguration  : Detected grpc-netty-shaded: Creating ShadedNettyChannelFactory + InProcessChannelFactory
2026-08-14T14:50:53.647+05:30  WARN 28548 --- [ng-sdk-producer] org.apache.kafka.clients.NetworkClient   : [Producer clientId=logging-sdk-producer] Error connecting to node kafka:29092 (id: 1 rack: null)

java.net.UnknownHostException: kafka
	at java.base/java.net.InetAddress$CachedLookup.get(InetAddress.java:988) ~[na:na]
	at java.base/java.net.InetAddress.getAllByName0(InetAddress.java:1818) ~[na:na]
	at java.base/java.net.InetAddress.getAllByName(InetAddress.java:1688) ~[na:na]
	at org.apache.kafka.clients.DefaultHostResolver.resolve(DefaultHostResolver.java:27) ~[kafka-clients-3.9.1.jar:na]
	at org.apache.kafka.clients.ClientUtils.resolve(ClientUtils.java:125) ~[kafka-clients-3.9.1.jar:na]
	at org.apache.kafka.clients.ClusterConnectionStates$NodeConnectionState.resolveAddresses(ClusterConnectionStates.java:536) ~[kafka-clients-3.9.1.jar:na]
	at org.apache.kafka.clients.ClusterConnectionStates$NodeConnectionState.currentAddress(ClusterConnectionStates.java:511) ~[kafka-clients-3.9.1.jar:na]
	at org.apache.kafka.clients.ClusterConnectionStates$NodeConnectionState.access$200(ClusterConnectionStates.java:466) ~[kafka-clients-3.9.1.jar:na]
	at org.apache.kafka.clients.ClusterConnectionStates.currentAddress(ClusterConnectionStates.java:173) ~[kafka-clients-3.9.1.jar:na]
	at org.apache.kafka.clients.NetworkClient.initiateConnect(NetworkClient.java:1075) ~[kafka-clients-3.9.1.jar:na]
	at org.apache.kafka.clients.NetworkClient.access$800(NetworkClient.java:77) ~[kafka-clients-3.9.1.jar:na]
	at org.apache.kafka.clients.NetworkClient$DefaultMetadataUpdater.maybeUpdate(NetworkClient.java:1264) ~[kafka-clients-3.9.1.jar:na]
	at org.apache.kafka.clients.NetworkClient$DefaultMetadataUpdater.maybeUpdate(NetworkClient.java:1164) ~[kafka-clients-3.9.1.jar:na]
	at org.apache.kafka.clients.NetworkClient.poll(NetworkClient.java:593) ~[kafka-clients-3.9.1.jar:na]
	at org.apache.kafka.clients.NetworkClientUtils.isReady(NetworkClientUtils.java:43) ~[kafka-clients-3.9.1.jar:na]
	at org.apache.kafka.clients.NetworkClientUtils.awaitReady(NetworkClientUtils.java:65) ~[kafka-clients-3.9.1.jar:na]
	at org.apache.kafka.clients.producer.internals.Sender.awaitNodeReady(Sender.java:569) ~[kafka-clients-3.9.1.jar:na]
	at org.apache.kafka.clients.producer.internals.Sender.maybeSendAndPollTransactionalRequest(Sender.java:490) ~[kafka-clients-3.9.1.jar:na]
	at org.apache.kafka.clients.producer.internals.Sender.runOnce(Sender.java:337) ~[kafka-clients-3.9.1.jar:na]
	at org.apache.kafka.clients.producer.internals.Sender.run(Sender.java:251) ~[kafka-clients-3.9.1.jar:na]
	at java.base/java.lang.Thread.run(Thread.java:1583) ~[na:na]

2026-08-14T14:50:53.808+05:30  INFO 28548 --- [           main] o.s.b.a.e.web.EndpointLinksResolver      : Exposing 4 endpoints beneath base path '/actuator'
2026-08-14T14:50:54.312+05:30  INFO 28548 --- [           main] a.o.a.a.ApiContractAutoConfiguration     : Onified API contract: MARS envelope auto-wrapping ENABLED (excluded packages=[springdoc, org.springframework.boot.actuate])
2026-08-14T14:50:54.312+05:30  INFO 28548 --- [           main] a.o.a.a.ApiContractAutoConfiguration     : Onified API contract: search §2.7 normalization ENABLED (classes=[SearchResponseDTO], renameId=false)
2026-08-14T14:50:54.484+05:30  INFO 28548 --- [           main] a.o.e.a.OutboxAutoConfiguration          : InboxAcknowledger initialized: inboxTable=inbox_event transactional=true
2026-08-14T14:50:54.499+05:30  INFO 28548 --- [           main] a.o.m.policy.PolicyRefreshScheduler      : Loading monitoring policies at startup
2026-08-14T14:50:54.555+05:30  WARN 28548 --- [           main] o.a.i.c.m.GovernancePolicyFetcher        : Failed to fetch monitoring policies from governance-service: I/O error on GET request for "http://localhost:8088/internal/v1/monitoring-policies": Connection refused: getsockopt
2026-08-14T14:50:54.555+05:30  INFO 28548 --- [           main] a.o.monitoring.policy.LocalPolicyCache   : Policy cache refreshed: 0 policies loaded
2026-08-14T14:50:54.580+05:30  WARN 28548 --- [           main] o.a.i.c.m.GovernancePolicyFetcher        : Failed to fetch monitoring policies from governance-service: I/O error on GET request for "http://localhost:8088/internal/v1/monitoring-policies": Connection refused: getsockopt
2026-08-14T14:50:54.662+05:30  WARN 28548 --- [ng-sdk-producer] org.apache.kafka.clients.NetworkClient   : [Producer clientId=logging-sdk-producer] Error connecting to node kafka:29092 (id: 1 rack: null)

java.net.UnknownHostException: kafka
	at java.base/java.net.InetAddress$CachedLookup.get(InetAddress.java:988) ~[na:na]
	at java.base/java.net.InetAddress.getAllByName0(InetAddress.java:1818) ~[na:na]
	at java.base/java.net.InetAddress.getAllByName(InetAddress.java:1688) ~[na:na]
	at org.apache.kafka.clients.DefaultHostResolver.resolve(DefaultHostResolver.java:27) ~[kafka-clients-3.9.1.jar:na]
	at org.apache.kafka.clients.ClientUtils.resolve(ClientUtils.java:125) ~[kafka-clients-3.9.1.jar:na]
	at org.apache.kafka.clients.ClusterConnectionStates$NodeConnectionState.resolveAddresses(ClusterConnectionStates.java:536) ~[kafka-clients-3.9.1.jar:na]
	at org.apache.kafka.clients.ClusterConnectionStates$NodeConnectionState.currentAddress(ClusterConnectionStates.java:511) ~[kafka-clients-3.9.1.jar:na]
	at org.apache.kafka.clients.ClusterConnectionStates$NodeConnectionState.access$200(ClusterConnectionStates.java:466) ~[kafka-clients-3.9.1.jar:na]
	at org.apache.kafka.clients.ClusterConnectionStates.currentAddress(ClusterConnectionStates.java:173) ~[kafka-clients-3.9.1.jar:na]
	at org.apache.kafka.clients.NetworkClient.initiateConnect(NetworkClient.java:1075) ~[kafka-clients-3.9.1.jar:na]
	at org.apache.kafka.clients.NetworkClient.access$800(NetworkClient.java:77) ~[kafka-clients-3.9.1.jar:na]
	at org.apache.kafka.clients.NetworkClient$DefaultMetadataUpdater.maybeUpdate(NetworkClient.java:1264) ~[kafka-clients-3.9.1.jar:na]
	at org.apache.kafka.clients.NetworkClient$DefaultMetadataUpdater.maybeUpdate(NetworkClient.java:1164) ~[kafka-clients-3.9.1.jar:na]
	at org.apache.kafka.clients.NetworkClient.poll(NetworkClient.java:593) ~[kafka-clients-3.9.1.jar:na]
	at org.apache.kafka.clients.NetworkClientUtils.isReady(NetworkClientUtils.java:43) ~[kafka-clients-3.9.1.jar:na]
	at org.apache.kafka.clients.NetworkClientUtils.awaitReady(NetworkClientUtils.java:65) ~[kafka-clients-3.9.1.jar:na]
	at org.apache.kafka.clients.producer.internals.Sender.awaitNodeReady(Sender.java:569) ~[kafka-clients-3.9.1.jar:na]
	at org.apache.kafka.clients.producer.internals.Sender.maybeSendAndPollTransactionalRequest(Sender.java:490) ~[kafka-clients-3.9.1.jar:na]
	at org.apache.kafka.clients.producer.internals.Sender.runOnce(Sender.java:337) ~[kafka-clients-3.9.1.jar:na]
	at org.apache.kafka.clients.producer.internals.Sender.run(Sender.java:251) ~[kafka-clients-3.9.1.jar:na]
	at java.base/java.lang.Thread.run(Thread.java:1583) ~[na:na]

2026-08-14T14:50:54.682+05:30  INFO 28548 --- [           main] a.o.s.g.i.s.GrpcMethodSecurityRegistry   : GrpcMethodSecurityRegistry initialised: 0 permission-guarded method(s), 9 authenticated-only method(s), 17 public method(s)
2026-08-14T14:50:55.249+05:30  INFO 28548 --- [           main] g.s.a.GrpcServerFactoryAutoConfiguration : Detected grpc-netty-shaded: Creating ShadedNettyGrpcServerFactory
2026-08-14T14:50:55.665+05:30  WARN 28548 --- [ng-sdk-producer] org.apache.kafka.clients.NetworkClient   : [Producer clientId=logging-sdk-producer] Error connecting to node kafka:29092 (id: 1 rack: null)

java.net.UnknownHostException: kafka
	at java.base/java.net.InetAddress$CachedLookup.get(InetAddress.java:988) ~[na:na]
	at java.base/java.net.InetAddress.getAllByName0(InetAddress.java:1818) ~[na:na]
	at java.base/java.net.InetAddress.getAllByName(InetAddress.java:1688) ~[na:na]
	at org.apache.kafka.clients.DefaultHostResolver.resolve(DefaultHostResolver.java:27) ~[kafka-clients-3.9.1.jar:na]
	at org.apache.kafka.clients.ClientUtils.resolve(ClientUtils.java:125) ~[kafka-clients-3.9.1.jar:na]
	at org.apache.kafka.clients.ClusterConnectionStates$NodeConnectionState.resolveAddresses(ClusterConnectionStates.java:536) ~[kafka-clients-3.9.1.jar:na]
	at org.apache.kafka.clients.ClusterConnectionStates$NodeConnectionState.currentAddress(ClusterConnectionStates.java:511) ~[kafka-clients-3.9.1.jar:na]
	at org.apache.kafka.clients.ClusterConnectionStates$NodeConnectionState.access$200(ClusterConnectionStates.java:466) ~[kafka-clients-3.9.1.jar:na]
	at org.apache.kafka.clients.ClusterConnectionStates.currentAddress(ClusterConnectionStates.java:173) ~[kafka-clients-3.9.1.jar:na]
	at org.apache.kafka.clients.NetworkClient.initiateConnect(NetworkClient.java:1075) ~[kafka-clients-3.9.1.jar:na]
	at org.apache.kafka.clients.NetworkClient.access$800(NetworkClient.java:77) ~[kafka-clients-3.9.1.jar:na]
	at org.apache.kafka.clients.NetworkClient$DefaultMetadataUpdater.maybeUpdate(NetworkClient.java:1264) ~[kafka-clients-3.9.1.jar:na]
	at org.apache.kafka.clients.NetworkClient$DefaultMetadataUpdater.maybeUpdate(NetworkClient.java:1164) ~[kafka-clients-3.9.1.jar:na]
	at org.apache.kafka.clients.NetworkClient.poll(NetworkClient.java:593) ~[kafka-clients-3.9.1.jar:na]
	at org.apache.kafka.clients.NetworkClientUtils.isReady(NetworkClientUtils.java:43) ~[kafka-clients-3.9.1.jar:na]
	at org.apache.kafka.clients.NetworkClientUtils.awaitReady(NetworkClientUtils.java:65) ~[kafka-clients-3.9.1.jar:na]
	at org.apache.kafka.clients.producer.internals.Sender.awaitNodeReady(Sender.java:569) ~[kafka-clients-3.9.1.jar:na]
	at org.apache.kafka.clients.producer.internals.Sender.maybeSendAndPollTransactionalRequest(Sender.java:490) ~[kafka-clients-3.9.1.jar:na]
	at org.apache.kafka.clients.producer.internals.Sender.runOnce(Sender.java:337) ~[kafka-clients-3.9.1.jar:na]
	at org.apache.kafka.clients.producer.internals.Sender.run(Sender.java:251) ~[kafka-clients-3.9.1.jar:na]
	at java.base/java.lang.Thread.run(Thread.java:1583) ~[na:na]

2026-08-14T14:50:56.675+05:30  WARN 28548 --- [ng-sdk-producer] org.apache.kafka.clients.NetworkClient   : [Producer clientId=logging-sdk-producer] Error connecting to node kafka:29092 (id: 1 rack: null)

java.net.UnknownHostException: kafka
	at java.base/java.net.InetAddress$CachedLookup.get(InetAddress.java:988) ~[na:na]
	at java.base/java.net.InetAddress.getAllByName0(InetAddress.java:1818) ~[na:na]
	at java.base/java.net.InetAddress.getAllByName(InetAddress.java:1688) ~[na:na]
	at org.apache.kafka.clients.DefaultHostResolver.resolve(DefaultHostResolver.java:27) ~[kafka-clients-3.9.1.jar:na]
	at org.apache.kafka.clients.ClientUtils.resolve(ClientUtils.java:125) ~[kafka-clients-3.9.1.jar:na]
	at org.apache.kafka.clients.ClusterConnectionStates$NodeConnectionState.resolveAddresses(ClusterConnectionStates.java:536) ~[kafka-clients-3.9.1.jar:na]
	at org.apache.kafka.clients.ClusterConnectionStates$NodeConnectionState.currentAddress(ClusterConnectionStates.java:511) ~[kafka-clients-3.9.1.jar:na]
	at org.apache.kafka.clients.ClusterConnectionStates$NodeConnectionState.access$200(ClusterConnectionStates.java:466) ~[kafka-clients-3.9.1.jar:na]
	at org.apache.kafka.clients.ClusterConnectionStates.currentAddress(ClusterConnectionStates.java:173) ~[kafka-clients-3.9.1.jar:na]
	at org.apache.kafka.clients.NetworkClient.initiateConnect(NetworkClient.java:1075) ~[kafka-clients-3.9.1.jar:na]
	at org.apache.kafka.clients.NetworkClient.access$800(NetworkClient.java:77) ~[kafka-clients-3.9.1.jar:na]
	at org.apache.kafka.clients.NetworkClient$DefaultMetadataUpdater.maybeUpdate(NetworkClient.java:1264) ~[kafka-clients-3.9.1.jar:na]
	at org.apache.kafka.clients.NetworkClient$DefaultMetadataUpdater.maybeUpdate(NetworkClient.java:1164) ~[kafka-clients-3.9.1.jar:na]
	at org.apache.kafka.clients.NetworkClient.poll(NetworkClient.java:593) ~[kafka-clients-3.9.1.jar:na]
	at org.apache.kafka.clients.NetworkClientUtils.isReady(NetworkClientUtils.java:43) ~[kafka-clients-3.9.1.jar:na]
	at org.apache.kafka.clients.NetworkClientUtils.awaitReady(NetworkClientUtils.java:65) ~[kafka-clients-3.9.1.jar:na]
	at org.apache.kafka.clients.producer.internals.Sender.awaitNodeReady(Sender.java:569) ~[kafka-clients-3.9.1.jar:na]
	at org.apache.kafka.clients.producer.internals.Sender.maybeSendAndPollTransactionalRequest(Sender.java:490) ~[kafka-clients-3.9.1.jar:na]
	at org.apache.kafka.clients.producer.internals.Sender.runOnce(Sender.java:337) ~[kafka-clients-3.9.1.jar:na]
	at org.apache.kafka.clients.producer.internals.Sender.run(Sender.java:251) ~[kafka-clients-3.9.1.jar:na]
	at java.base/java.lang.Thread.run(Thread.java:1583) ~[na:na]

2026-08-14T14:50:56.736+05:30  INFO 28548 --- [           main] .o.l.a.LoggingSdkAppLogAutoConfiguration : AppServiceLog appender attached to root logger: minLevel=WARN service=identity-service
2026-08-14T14:50:56.749+05:30  INFO 28548 --- [           main] o.a.k.clients.admin.AdminClientConfig    : AdminClientConfig values: 
	auto.include.jmx.reporter = true
	bootstrap.controllers = []
	bootstrap.servers = [localhost:29092]
	client.dns.lookup = use_all_dns_ips
	client.id = 
	connections.max.idle.ms = 300000
	default.api.timeout.ms = 60000
	enable.metrics.push = true
	metadata.max.age.ms = 300000
	metadata.recovery.strategy = none
	metric.reporters = []
	metrics.num.samples = 2
	metrics.recording.level = INFO
	metrics.sample.window.ms = 30000
	receive.buffer.bytes = 65536
	reconnect.backoff.max.ms = 1000
	reconnect.backoff.ms = 50
	request.timeout.ms = 30000
	retries = 2147483647
	retry.backoff.max.ms = 1000
	retry.backoff.ms = 100
	sasl.client.callback.handler.class = null
	sasl.jaas.config = null
	sasl.kerberos.kinit.cmd = /usr/bin/kinit
	sasl.kerberos.min.time.before.relogin = 60000
	sasl.kerberos.service.name = null
	sasl.kerberos.ticket.renew.jitter = 0.05
	sasl.kerberos.ticket.renew.window.factor = 0.8
	sasl.login.callback.handler.class = null
	sasl.login.class = null
	sasl.login.connect.timeout.ms = null
	sasl.login.read.timeout.ms = null
	sasl.login.refresh.buffer.seconds = 300
	sasl.login.refresh.min.period.seconds = 60
	sasl.login.refresh.window.factor = 0.8
	sasl.login.refresh.window.jitter = 0.05
	sasl.login.retry.backoff.max.ms = 10000
	sasl.login.retry.backoff.ms = 100
	sasl.mechanism = GSSAPI
	sasl.oauthbearer.clock.skew.seconds = 30
	sasl.oauthbearer.expected.audience = null
	sasl.oauthbearer.expected.issuer = null
	sasl.oauthbearer.header.urlencode = false
	sasl.oauthbearer.jwks.endpoint.refresh.ms = 3600000
	sasl.oauthbearer.jwks.endpoint.retry.backoff.max.ms = 10000
	sasl.oauthbearer.jwks.endpoint.retry.backoff.ms = 100
	sasl.oauthbearer.jwks.endpoint.url = null
	sasl.oauthbearer.scope.claim.name = scope
	sasl.oauthbearer.sub.claim.name = sub
	sasl.oauthbearer.token.endpoint.url = null
	security.protocol = PLAINTEXT
	security.providers = null
	send.buffer.bytes = 131072
	socket.connection.setup.timeout.max.ms = 30000
	socket.connection.setup.timeout.ms = 10000
	ssl.cipher.suites = null
	ssl.enabled.protocols = [TLSv1.2, TLSv1.3]
	ssl.endpoint.identification.algorithm = https
	ssl.engine.factory.class = null
	ssl.key.password = null
	ssl.keymanager.algorithm = SunX509
	ssl.keystore.certificate.chain = null
	ssl.keystore.key = null
	ssl.keystore.location = null
	ssl.keystore.password = null
	ssl.keystore.type = JKS
	ssl.protocol = TLSv1.3
	ssl.provider = null
	ssl.secure.random.implementation = null
	ssl.trustmanager.algorithm = PKIX
	ssl.truststore.certificates = null
	ssl.truststore.location = null
	ssl.truststore.password = null
	ssl.truststore.type = JKS

2026-08-14T14:50:56.807+05:30  INFO 28548 --- [           main] o.a.kafka.common.utils.AppInfoParser     : Kafka version: 3.9.1
2026-08-14T14:50:56.808+05:30  INFO 28548 --- [           main] o.a.kafka.common.utils.AppInfoParser     : Kafka commitId: f745dfdcee2b9851
2026-08-14T14:50:56.808+05:30  INFO 28548 --- [           main] o.a.kafka.common.utils.AppInfoParser     : Kafka startTimeMs: 1786699256807
2026-08-14T14:50:56.829+05:30  WARN 28548 --- [| adminclient-1] org.apache.kafka.clients.NetworkClient   : [AdminClient clientId=adminclient-1] Error connecting to node kafka:29092 (id: 1 rack: null)

java.net.UnknownHostException: kafka
	at java.base/java.net.InetAddress$CachedLookup.get(InetAddress.java:988) ~[na:na]
	at java.base/java.net.InetAddress.getAllByName0(InetAddress.java:1818) ~[na:na]
	at java.base/java.net.InetAddress.getAllByName(InetAddress.java:1688) ~[na:na]
	at org.apache.kafka.clients.DefaultHostResolver.resolve(DefaultHostResolver.java:27) ~[kafka-clients-3.9.1.jar:na]
	at org.apache.kafka.clients.ClientUtils.resolve(ClientUtils.java:125) ~[kafka-clients-3.9.1.jar:na]
	at org.apache.kafka.clients.ClusterConnectionStates$NodeConnectionState.resolveAddresses(ClusterConnectionStates.java:536) ~[kafka-clients-3.9.1.jar:na]
	at org.apache.kafka.clients.ClusterConnectionStates$NodeConnectionState.currentAddress(ClusterConnectionStates.java:511) ~[kafka-clients-3.9.1.jar:na]
	at org.apache.kafka.clients.ClusterConnectionStates$NodeConnectionState.access$200(ClusterConnectionStates.java:466) ~[kafka-clients-3.9.1.jar:na]
	at org.apache.kafka.clients.ClusterConnectionStates.currentAddress(ClusterConnectionStates.java:173) ~[kafka-clients-3.9.1.jar:na]
	at org.apache.kafka.clients.NetworkClient.initiateConnect(NetworkClient.java:1075) ~[kafka-clients-3.9.1.jar:na]
	at org.apache.kafka.clients.NetworkClient.ready(NetworkClient.java:321) ~[kafka-clients-3.9.1.jar:na]
	at org.apache.kafka.clients.admin.KafkaAdminClient$AdminClientRunnable.sendEligibleCalls(KafkaAdminClient.java:1270) ~[kafka-clients-3.9.1.jar:na]
	at org.apache.kafka.clients.admin.KafkaAdminClient$AdminClientRunnable.processRequests(KafkaAdminClient.java:1530) ~[kafka-clients-3.9.1.jar:na]
	at org.apache.kafka.clients.admin.KafkaAdminClient$AdminClientRunnable.run(KafkaAdminClient.java:1473) ~[kafka-clients-3.9.1.jar:na]
	at java.base/java.lang.Thread.run(Thread.java:1583) ~[na:na]

2026-08-14T14:50:56.833+05:30  WARN 28548 --- [| adminclient-1] c.onified.logging.processor.LogEnricher  : No correlation_id found on any boundary — minting a new one (265254cc-5915-4792-955b-a7a06a3fff0b). This should only happen at a genuine flow origin; a downstream service hitting this path indicates a propagation bug.
2026-08-14T14:50:57.699+05:30  WARN 28548 --- [ng-sdk-producer] org.apache.kafka.clients.NetworkClient   : [Producer clientId=logging-sdk-producer] Error connecting to node kafka:29092 (id: 1 rack: null)

java.net.UnknownHostException: kafka
	at java.base/java.net.InetAddress$CachedLookup.get(InetAddress.java:988) ~[na:na]
	at java.base/java.net.InetAddress.getAllByName0(InetAddress.java:1818) ~[na:na]
	at java.base/java.net.InetAddress.getAllByName(InetAddress.java:1688) ~[na:na]
	at org.apache.kafka.clients.DefaultHostResolver.resolve(DefaultHostResolver.java:27) ~[kafka-clients-3.9.1.jar:na]
	at org.apache.kafka.clients.ClientUtils.resolve(ClientUtils.java:125) ~[kafka-clients-3.9.1.jar:na]
	at org.apache.kafka.clients.ClusterConnectionStates$NodeConnectionState.resolveAddresses(ClusterConnectionStates.java:536) ~[kafka-clients-3.9.1.jar:na]
	at org.apache.kafka.clients.ClusterConnectionStates$NodeConnectionState.currentAddress(ClusterConnectionStates.java:511) ~[kafka-clients-3.9.1.jar:na]
	at org.apache.kafka.clients.ClusterConnectionStates$NodeConnectionState.access$200(ClusterConnectionStates.java:466) ~[kafka-clients-3.9.1.jar:na]
	at org.apache.kafka.clients.ClusterConnectionStates.currentAddress(ClusterConnectionStates.java:173) ~[kafka-clients-3.9.1.jar:na]
	at org.apache.kafka.clients.NetworkClient.initiateConnect(NetworkClient.java:1075) ~[kafka-clients-3.9.1.jar:na]
	at org.apache.kafka.clients.NetworkClient.access$800(NetworkClient.java:77) ~[kafka-clients-3.9.1.jar:na]
	at org.apache.kafka.clients.NetworkClient$DefaultMetadataUpdater.maybeUpdate(NetworkClient.java:1264) ~[kafka-clients-3.9.1.jar:na]
	at org.apache.kafka.clients.NetworkClient$DefaultMetadataUpdater.maybeUpdate(NetworkClient.java:1164) ~[kafka-clients-3.9.1.jar:na]
	at org.apache.kafka.clients.NetworkClient.poll(NetworkClient.java:593) ~[kafka-clients-3.9.1.jar:na]
	at org.apache.kafka.clients.NetworkClientUtils.isReady(NetworkClientUtils.java:43) ~[kafka-clients-3.9.1.jar:na]
	at org.apache.kafka.clients.NetworkClientUtils.awaitReady(NetworkClientUtils.java:65) ~[kafka-clients-3.9.1.jar:na]
	at org.apache.kafka.clients.producer.internals.Sender.awaitNodeReady(Sender.java:569) ~[kafka-clients-3.9.1.jar:na]
	at org.apache.kafka.clients.producer.internals.Sender.maybeSendAndPollTransactionalRequest(Sender.java:490) ~[kafka-clients-3.9.1.jar:na]
	at org.apache.kafka.clients.producer.internals.Sender.runOnce(Sender.java:337) ~[kafka-clients-3.9.1.jar:na]
	at org.apache.kafka.clients.producer.internals.Sender.run(Sender.java:251) ~[kafka-clients-3.9.1.jar:na]
	at java.base/java.lang.Thread.run(Thread.java:1583) ~[na:na]

2026-08-14T14:51:26.823+05:30 ERROR 28548 --- [           main] o.springframework.kafka.core.KafkaAdmin  : Could not configure topics

java.util.concurrent.TimeoutException
	at java.base/java.util.concurrent.CompletableFuture.timedGet(CompletableFuture.java:1960) ~[na:na]
	at java.base/java.util.concurrent.CompletableFuture.get(CompletableFuture.java:2095) ~[na:na]
	at org.apache.kafka.common.internals.KafkaFutureImpl.get(KafkaFutureImpl.java:183) ~[kafka-clients-3.9.1.jar:na]
	at org.springframework.kafka.core.KafkaAdmin.updateClusterId(KafkaAdmin.java:305) ~[spring-kafka-3.3.10.jar:3.3.10]
	at org.springframework.kafka.core.KafkaAdmin.initialize(KafkaAdmin.java:276) ~[spring-kafka-3.3.10.jar:3.3.10]
	at org.springframework.kafka.core.KafkaAdmin.afterSingletonsInstantiated(KafkaAdmin.java:246) ~[spring-kafka-3.3.10.jar:3.3.10]
	at org.springframework.beans.factory.support.DefaultListableBeanFactory.preInstantiateSingletons(DefaultListableBeanFactory.java:1149) ~[spring-beans-6.2.11.jar:6.2.11]
	at org.springframework.context.support.AbstractApplicationContext.finishBeanFactoryInitialization(AbstractApplicationContext.java:987) ~[spring-context-6.2.11.jar:6.2.11]
	at org.springframework.context.support.AbstractApplicationContext.refresh(AbstractApplicationContext.java:627) ~[spring-context-6.2.11.jar:6.2.11]
	at org.springframework.boot.web.servlet.context.ServletWebServerApplicationContext.refresh(ServletWebServerApplicationContext.java:146) ~[spring-boot-3.5.7.jar:3.5.7]
	at org.springframework.boot.SpringApplication.refresh(SpringApplication.java:752) ~[spring-boot-3.5.7.jar:3.5.7]
	at org.springframework.boot.SpringApplication.refreshContext(SpringApplication.java:439) ~[spring-boot-3.5.7.jar:3.5.7]
	at org.springframework.boot.SpringApplication.run(SpringApplication.java:318) ~[spring-boot-3.5.7.jar:3.5.7]
	at org.springframework.boot.SpringApplication.run(SpringApplication.java:1361) ~[spring-boot-3.5.7.jar:3.5.7]
	at org.springframework.boot.SpringApplication.run(SpringApplication.java:1350) ~[spring-boot-3.5.7.jar:3.5.7]
	at onified.ai.identity.UserManagementApplication.main(UserManagementApplication.java:61) ~[main/:na]

2026-08-14T14:51:56.932+05:30 ERROR 28548 --- [| adminclient-1] c.o.logging.producer.KafkaLogProducer    : Kafka send failed: topic=platform_app_service_logs logType=app_service

org.apache.kafka.common.errors.TimeoutException: Topic platform_app_service_logs not present in metadata after 60000 ms.

2026-08-14T14:51:56.935+05:30  WARN 28548 --- [           main] c.onified.logging.processor.LogEnricher  : No correlation_id found on any boundary — minting a new one (88e036f2-b3b3-4689-a7a7-dd610a3968f3). This should only happen at a genuine flow origin; a downstream service hitting this path indicates a propagation bug.
2026-08-14T14:51:59.713+05:30  WARN 28548 --- [| adminclient-1] org.apache.kafka.clients.NetworkClient   : [AdminClient clientId=adminclient-1] Error connecting to node kafka:29092 (id: 1 rack: null)

java.net.UnknownHostException: No such host is known (kafka)
	at java.base/java.net.Inet6AddressImpl.lookupAllHostAddr(Native Method) ~[na:na]
	at java.base/java.net.Inet6AddressImpl.lookupAllHostAddr(Inet6AddressImpl.java:52) ~[na:na]
	at java.base/java.net.InetAddress$PlatformResolver.lookupByName(InetAddress.java:1211) ~[na:na]
	at java.base/java.net.InetAddress.getAddressesFromNameService(InetAddress.java:1828) ~[na:na]
	at java.base/java.net.InetAddress$NameServiceAddresses.get(InetAddress.java:1139) ~[na:na]
	at java.base/java.net.InetAddress.getAllByName0(InetAddress.java:1818) ~[na:na]
	at java.base/java.net.InetAddress.getAllByName(InetAddress.java:1688) ~[na:na]
	at org.apache.kafka.clients.DefaultHostResolver.resolve(DefaultHostResolver.java:27) ~[kafka-clients-3.9.1.jar:na]
	at org.apache.kafka.clients.ClientUtils.resolve(ClientUtils.java:125) ~[kafka-clients-3.9.1.jar:na]
	at org.apache.kafka.clients.ClusterConnectionStates$NodeConnectionState.resolveAddresses(ClusterConnectionStates.java:536) ~[kafka-clients-3.9.1.jar:na]
	at org.apache.kafka.clients.ClusterConnectionStates$NodeConnectionState.currentAddress(ClusterConnectionStates.java:511) ~[kafka-clients-3.9.1.jar:na]
	at org.apache.kafka.clients.ClusterConnectionStates$NodeConnectionState.access$200(ClusterConnectionStates.java:466) ~[kafka-clients-3.9.1.jar:na]
	at org.apache.kafka.clients.ClusterConnectionStates.currentAddress(ClusterConnectionStates.java:173) ~[kafka-clients-3.9.1.jar:na]
	at org.apache.kafka.clients.NetworkClient.initiateConnect(NetworkClient.java:1075) ~[kafka-clients-3.9.1.jar:na]
	at org.apache.kafka.clients.NetworkClient.ready(NetworkClient.java:321) ~[kafka-clients-3.9.1.jar:na]
	at org.apache.kafka.clients.admin.KafkaAdminClient$AdminClientRunnable.sendEligibleCalls(KafkaAdminClient.java:1270) ~[kafka-clients-3.9.1.jar:na]
	at org.apache.kafka.clients.admin.KafkaAdminClient$AdminClientRunnable.processRequests(KafkaAdminClient.java:1530) ~[kafka-clients-3.9.1.jar:na]
	at org.apache.kafka.clients.admin.KafkaAdminClient$AdminClientRunnable.run(KafkaAdminClient.java:1473) ~[kafka-clients-3.9.1.jar:na]
	at java.base/java.lang.Thread.run(Thread.java:1583) ~[na:na]

2026-08-14T14:52:56.962+05:30 ERROR 28548 --- [           main] c.o.logging.producer.KafkaLogProducer    : Kafka send failed: topic=platform_app_service_logs logType=app_service

org.apache.kafka.common.errors.TimeoutException: Topic platform_app_service_logs not present in metadata after 60000 ms.

2026-08-14T14:52:56.962+05:30  WARN 28548 --- [ng-sdk-producer] c.onified.logging.processor.LogEnricher  : No correlation_id found on any boundary — minting a new one (9409e9c7-3624-4187-9427-d20ce97da252). This should only happen at a genuine flow origin; a downstream service hitting this path indicates a propagation bug.
2026-08-14T14:52:59.108+05:30  WARN 28548 --- [g-sdk-dlq-drain] c.o.logging.producer.KafkaLogProducer    : DLQ drain failed — re-queuing: Topic platform_app_service_logs not present in metadata after 60000 ms.
2026-08-14T14:53:07.005+05:30  INFO 28548 --- [           main] o.s.b.w.embedded.tomcat.TomcatWebServer  : Tomcat started on port 8082 (http) with context path '/'
2026-08-14T14:53:56.969+05:30 ERROR 28548 --- [ng-sdk-producer] c.o.logging.producer.KafkaLogProducer    : Kafka send failed: topic=platform_app_service_logs logType=app_service

org.apache.kafka.common.errors.TimeoutException: Topic platform_app_service_logs not present in metadata after 60000 ms.

2026-08-14T14:53:56.969+05:30  WARN 28548 --- [g-sdk-dlq-drain] c.onified.logging.processor.LogEnricher  : No correlation_id found on any boundary — minting a new one (79047104-e43e-4b19-81fe-400624b273de). This should only happen at a genuine flow origin; a downstream service hitting this path indicates a propagation bug.
2026-08-14T14:53:57.027+05:30  INFO 28548 --- [           main] o.a.k.clients.consumer.ConsumerConfig    : ConsumerConfig values: 
	allow.auto.create.topics = true
	auto.commit.interval.ms = 5000
	auto.include.jmx.reporter = true
	auto.offset.reset = earliest
	bootstrap.servers = [localhost:29092]
	check.crcs = true
	client.dns.lookup = use_all_dns_ips
	client.id = consumer-identity-partner-auto-share-consumer-1
	client.rack = 
	connections.max.idle.ms = 540000
	default.api.timeout.ms = 60000
	enable.auto.commit = false
	enable.metrics.push = true
	exclude.internal.topics = true
	fetch.max.bytes = 52428800
	fetch.max.wait.ms = 500
	fetch.min.bytes = 1
	group.id = identity-partner-auto-share-consumer
	group.instance.id = null
	group.protocol = classic
	group.remote.assignor = null
	heartbeat.interval.ms = 3000
	interceptor.classes = [com.onified.logging.kafka.KafkaConsumerContextInterceptor]
	internal.leave.group.on.close = true
	internal.throw.on.fetch.stable.offset.unsupported = false
	isolation.level = read_uncommitted
	key.deserializer = class org.apache.kafka.common.serialization.StringDeserializer
	max.partition.fetch.bytes = 1048576
	max.poll.interval.ms = 300000
	max.poll.records = 50
	metadata.max.age.ms = 300000
	metadata.recovery.strategy = none
	metric.reporters = []
	metrics.num.samples = 2
	metrics.recording.level = INFO
	metrics.sample.window.ms = 30000
	partition.assignment.strategy = [class org.apache.kafka.clients.consumer.RangeAssignor, class org.apache.kafka.clients.consumer.CooperativeStickyAssignor]
	receive.buffer.bytes = 65536
	reconnect.backoff.max.ms = 1000
	reconnect.backoff.ms = 50
	request.timeout.ms = 30000
	retry.backoff.max.ms = 1000
	retry.backoff.ms = 100
	sasl.client.callback.handler.class = null
	sasl.jaas.config = null
	sasl.kerberos.kinit.cmd = /usr/bin/kinit
	sasl.kerberos.min.time.before.relogin = 60000
	sasl.kerberos.service.name = null
	sasl.kerberos.ticket.renew.jitter = 0.05
	sasl.kerberos.ticket.renew.window.factor = 0.8
	sasl.login.callback.handler.class = null
	sasl.login.class = null
	sasl.login.connect.timeout.ms = null
	sasl.login.read.timeout.ms = null
	sasl.login.refresh.buffer.seconds = 300
	sasl.login.refresh.min.period.seconds = 60
	sasl.login.refresh.window.factor = 0.8
	sasl.login.refresh.window.jitter = 0.05
	sasl.login.retry.backoff.max.ms = 10000
	sasl.login.retry.backoff.ms = 100
	sasl.mechanism = GSSAPI
	sasl.oauthbearer.clock.skew.seconds = 30
	sasl.oauthbearer.expected.audience = null
	sasl.oauthbearer.expected.issuer = null
	sasl.oauthbearer.header.urlencode = false
	sasl.oauthbearer.jwks.endpoint.refresh.ms = 3600000
	sasl.oauthbearer.jwks.endpoint.retry.backoff.max.ms = 10000
	sasl.oauthbearer.jwks.endpoint.retry.backoff.ms = 100
	sasl.oauthbearer.jwks.endpoint.url = null
	sasl.oauthbearer.scope.claim.name = scope
	sasl.oauthbearer.sub.claim.name = sub
	sasl.oauthbearer.token.endpoint.url = null
	security.protocol = PLAINTEXT
	security.providers = null
	send.buffer.bytes = 131072
	session.timeout.ms = 45000
	socket.connection.setup.timeout.max.ms = 30000
	socket.connection.setup.timeout.ms = 10000
	ssl.cipher.suites = null
	ssl.enabled.protocols = [TLSv1.2, TLSv1.3]
	ssl.endpoint.identification.algorithm = https
	ssl.engine.factory.class = null
	ssl.key.password = null
	ssl.keymanager.algorithm = SunX509
	ssl.keystore.certificate.chain = null
	ssl.keystore.key = null
	ssl.keystore.location = null
	ssl.keystore.password = null
	ssl.keystore.type = JKS
	ssl.protocol = TLSv1.3
	ssl.provider = null
	ssl.secure.random.implementation = null
	ssl.trustmanager.algorithm = PKIX
	ssl.truststore.certificates = null
	ssl.truststore.location = null
	ssl.truststore.password = null
	ssl.truststore.type = JKS
	value.deserializer = class org.apache.kafka.common.serialization.StringDeserializer

2026-08-14T14:53:59.787+05:30  WARN 28548 --- [ng-sdk-producer] org.apache.kafka.clients.NetworkClient   : [Producer clientId=logging-sdk-producer] Error connecting to node kafka:29092 (id: 1 rack: null)

java.net.UnknownHostException: No such host is known (kafka)
	at java.base/java.net.Inet6AddressImpl.lookupAllHostAddr(Native Method) ~[na:na]
	at java.base/java.net.Inet6AddressImpl.lookupAllHostAddr(Inet6AddressImpl.java:52) ~[na:na]
	at java.base/java.net.InetAddress$PlatformResolver.lookupByName(InetAddress.java:1211) ~[na:na]
	at java.base/java.net.InetAddress.getAddressesFromNameService(InetAddress.java:1828) ~[na:na]
	at java.base/java.net.InetAddress$NameServiceAddresses.get(InetAddress.java:1139) ~[na:na]
	at java.base/java.net.InetAddress.getAllByName0(InetAddress.java:1818) ~[na:na]
	at java.base/java.net.InetAddress.getAllByName(InetAddress.java:1688) ~[na:na]
	at org.apache.kafka.clients.DefaultHostResolver.resolve(DefaultHostResolver.java:27) ~[kafka-clients-3.9.1.jar:na]
	at org.apache.kafka.clients.ClientUtils.resolve(ClientUtils.java:125) ~[kafka-clients-3.9.1.jar:na]
	at org.apache.kafka.clients.ClusterConnectionStates$NodeConnectionState.resolveAddresses(ClusterConnectionStates.java:536) ~[kafka-clients-3.9.1.jar:na]
	at org.apache.kafka.clients.ClusterConnectionStates$NodeConnectionState.currentAddress(ClusterConnectionStates.java:511) ~[kafka-clients-3.9.1.jar:na]
	at org.apache.kafka.clients.ClusterConnectionStates$NodeConnectionState.access$200(ClusterConnectionStates.java:466) ~[kafka-clients-3.9.1.jar:na]
	at org.apache.kafka.clients.ClusterConnectionStates.currentAddress(ClusterConnectionStates.java:173) ~[kafka-clients-3.9.1.jar:na]
	at org.apache.kafka.clients.NetworkClient.initiateConnect(NetworkClient.java:1075) ~[kafka-clients-3.9.1.jar:na]
	at org.apache.kafka.clients.NetworkClient.access$800(NetworkClient.java:77) ~[kafka-clients-3.9.1.jar:na]
	at org.apache.kafka.clients.NetworkClient$DefaultMetadataUpdater.maybeUpdate(NetworkClient.java:1264) ~[kafka-clients-3.9.1.jar:na]
	at org.apache.kafka.clients.NetworkClient$DefaultMetadataUpdater.maybeUpdate(NetworkClient.java:1164) ~[kafka-clients-3.9.1.jar:na]
	at org.apache.kafka.clients.NetworkClient.poll(NetworkClient.java:593) ~[kafka-clients-3.9.1.jar:na]
	at org.apache.kafka.clients.NetworkClientUtils.isReady(NetworkClientUtils.java:43) ~[kafka-clients-3.9.1.jar:na]
	at org.apache.kafka.clients.NetworkClientUtils.awaitReady(NetworkClientUtils.java:65) ~[kafka-clients-3.9.1.jar:na]
	at org.apache.kafka.clients.producer.internals.Sender.awaitNodeReady(Sender.java:569) ~[kafka-clients-3.9.1.jar:na]
	at org.apache.kafka.clients.producer.internals.Sender.maybeSendAndPollTransactionalRequest(Sender.java:490) ~[kafka-clients-3.9.1.jar:na]
	at org.apache.kafka.clients.producer.internals.Sender.runOnce(Sender.java:337) ~[kafka-clients-3.9.1.jar:na]
	at org.apache.kafka.clients.producer.internals.Sender.run(Sender.java:251) ~[kafka-clients-3.9.1.jar:na]
	at java.base/java.lang.Thread.run(Thread.java:1583) ~[na:na]

2026-08-14T14:54:56.974+05:30 ERROR 28548 --- [g-sdk-dlq-drain] c.o.logging.producer.KafkaLogProducer    : Kafka send failed: topic=platform_app_service_logs logType=app_service

org.apache.kafka.common.errors.TimeoutException: Topic platform_app_service_logs not present in metadata after 60000 ms.

2026-08-14T14:55:56.980+05:30  WARN 28548 --- [g-sdk-dlq-drain] c.o.logging.producer.KafkaLogProducer    : DLQ drain failed — re-queuing: Topic platform_app_service_logs not present in metadata after 60000 ms.
2026-08-14T14:55:56.980+05:30 ERROR 28548 --- [| adminclient-1] c.o.logging.producer.KafkaLogProducer    : Kafka send failed: topic=platform_app_service_logs logType=app_service

org.apache.kafka.common.errors.TimeoutException: Topic platform_app_service_logs not present in metadata after 60000 ms.

2026-08-14T14:55:56.987+05:30  INFO 28548 --- [| adminclient-1] o.a.kafka.common.utils.AppInfoParser     : App info kafka.admin.client for adminclient-1 unregistered
2026-08-14T14:56:56.989+05:30 ERROR 28548 --- [g-sdk-dlq-drain] c.o.logging.producer.KafkaLogProducer    : Kafka send failed: topic=platform_app_service_logs logType=app_service

org.apache.kafka.common.errors.TimeoutException: Topic platform_app_service_logs not present in metadata after 60000 ms.

2026-08-14T14:57:42.696+05:30  INFO 28548 --- [xecutorLoop-1-2] i.l.core.protocol.ConnectionWatchdog     : Reconnecting, last destination was localhost/127.0.0.1:6379
2026-08-14T14:57:42.699+05:30  INFO 28548 --- [xecutorLoop-1-1] i.l.core.protocol.ConnectionWatchdog     : Reconnecting, last destination was localhost/127.0.0.1:6379
2026-08-14T14:57:57.001+05:30  WARN 28548 --- [g-sdk-dlq-drain] c.o.logging.producer.KafkaLogProducer    : DLQ drain failed — re-queuing: Topic platform_app_service_logs not present in metadata after 60000 ms.
2026-08-14T14:57:57.001+05:30 ERROR 28548 --- [ng-sdk-producer] c.o.logging.producer.KafkaLogProducer    : Kafka send failed: topic=platform_app_service_logs logType=app_service

org.apache.kafka.common.errors.TimeoutException: Topic platform_app_service_logs not present in metadata after 60000 ms.

2026-08-14T14:57:57.002+05:30  INFO 28548 --- [ng-sdk-producer] org.apache.kafka.clients.NetworkClient   : [Producer clientId=logging-sdk-producer] Node -1 disconnected.
2026-08-14T14:57:57.055+05:30  INFO 28548 --- [           main] o.a.k.c.t.i.KafkaMetricsCollector        : initializing Kafka metrics collector
2026-08-14T14:58:57.010+05:30 ERROR 28548 --- [g-sdk-dlq-drain] c.o.logging.producer.KafkaLogProducer    : Kafka send failed: topic=platform_app_service_logs logType=app_service

org.apache.kafka.common.errors.TimeoutException: Topic platform_app_service_logs not present in metadata after 60000 ms.

2026-08-14T14:58:57.010+05:30  INFO 28548 --- [| adminclient-1] o.a.k.c.a.i.AdminMetadataManager         : [AdminClient clientId=adminclient-1] Metadata update failed

org.apache.kafka.common.errors.TimeoutException: The AdminClient thread has exited. Call: fetchMetadata

2026-08-14T14:58:57.010+05:30  INFO 28548 --- [| adminclient-1] o.a.k.clients.admin.KafkaAdminClient     : [AdminClient clientId=adminclient-1] Timed out 1 remaining operation(s) during close.
2026-08-14T14:58:57.013+05:30  INFO 28548 --- [| adminclient-1] o.apache.kafka.common.metrics.Metrics    : Metrics scheduler closed
2026-08-14T14:58:57.013+05:30  INFO 28548 --- [| adminclient-1] o.apache.kafka.common.metrics.Metrics    : Closing reporter org.apache.kafka.common.metrics.JmxReporter
2026-08-14T14:58:57.014+05:30  INFO 28548 --- [| adminclient-1] o.apache.kafka.common.metrics.Metrics    : Metrics reporters closed
2026-08-14T14:58:57.029+05:30  INFO 28548 --- [ioEventLoop-4-4] i.l.core.protocol.ReconnectionHandler    : Reconnected to localhost/<unresolved>:6379
2026-08-14T14:58:57.030+05:30  INFO 28548 --- [ioEventLoop-4-3] i.l.core.protocol.ReconnectionHandler    : Reconnected to localhost/<unresolved>:6379
2026-08-14T14:58:57.111+05:30  INFO 28548 --- [           main] o.a.kafka.common.utils.AppInfoParser     : Kafka version: 3.9.1
2026-08-14T14:58:57.111+05:30  INFO 28548 --- [           main] o.a.kafka.common.utils.AppInfoParser     : Kafka commitId: f745dfdcee2b9851
2026-08-14T14:58:57.111+05:30  INFO 28548 --- [           main] o.a.kafka.common.utils.AppInfoParser     : Kafka startTimeMs: 1786699737111
2026-08-14T14:58:57.112+05:30  INFO 28548 --- [           main] o.a.k.c.c.i.ClassicKafkaConsumer         : [Consumer clientId=consumer-identity-partner-auto-share-consumer-1, groupId=identity-partner-auto-share-consumer] Subscribed to topic(s): platform.partner.lifecycle
2026-08-14T14:58:57.120+05:30  INFO 28548 --- [           main] o.a.k.clients.consumer.ConsumerConfig    : ConsumerConfig values: 
	allow.auto.create.topics = true
	auto.commit.interval.ms = 5000
	auto.include.jmx.reporter = true
	auto.offset.reset = earliest
	bootstrap.servers = [localhost:29092]
	check.crcs = true
	client.dns.lookup = use_all_dns_ips
	client.id = consumer-identity-partner-auto-share-consumer-2
	client.rack = 
	connections.max.idle.ms = 540000
	default.api.timeout.ms = 60000
	enable.auto.commit = false
	enable.metrics.push = true
	exclude.internal.topics = true
	fetch.max.bytes = 52428800
	fetch.max.wait.ms = 500
	fetch.min.bytes = 1
	group.id = identity-partner-auto-share-consumer
	group.instance.id = null
	group.protocol = classic
	group.remote.assignor = null
	heartbeat.interval.ms = 3000
	interceptor.classes = [com.onified.logging.kafka.KafkaConsumerContextInterceptor]
	internal.leave.group.on.close = true
	internal.throw.on.fetch.stable.offset.unsupported = false
	isolation.level = read_uncommitted
	key.deserializer = class org.apache.kafka.common.serialization.StringDeserializer
	max.partition.fetch.bytes = 1048576
	max.poll.interval.ms = 300000
	max.poll.records = 50
	metadata.max.age.ms = 300000
	metadata.recovery.strategy = none
	metric.reporters = []
	metrics.num.samples = 2
	metrics.recording.level = INFO
	metrics.sample.window.ms = 30000
	partition.assignment.strategy = [class org.apache.kafka.clients.consumer.RangeAssignor, class org.apache.kafka.clients.consumer.CooperativeStickyAssignor]
	receive.buffer.bytes = 65536
	reconnect.backoff.max.ms = 1000
	reconnect.backoff.ms = 50
	request.timeout.ms = 30000
	retry.backoff.max.ms = 1000
	retry.backoff.ms = 100
	sasl.client.callback.handler.class = null
	sasl.jaas.config = null
	sasl.kerberos.kinit.cmd = /usr/bin/kinit
	sasl.kerberos.min.time.before.relogin = 60000
	sasl.kerberos.service.name = null
	sasl.kerberos.ticket.renew.jitter = 0.05
	sasl.kerberos.ticket.renew.window.factor = 0.8
	sasl.login.callback.handler.class = null
	sasl.login.class = null
	sasl.login.connect.timeout.ms = null
	sasl.login.read.timeout.ms = null
	sasl.login.refresh.buffer.seconds = 300
	sasl.login.refresh.min.period.seconds = 60
	sasl.login.refresh.window.factor = 0.8
	sasl.login.refresh.window.jitter = 0.05
	sasl.login.retry.backoff.max.ms = 10000
	sasl.login.retry.backoff.ms = 100
	sasl.mechanism = GSSAPI
	sasl.oauthbearer.clock.skew.seconds = 30
	sasl.oauthbearer.expected.audience = null
	sasl.oauthbearer.expected.issuer = null
	sasl.oauthbearer.header.urlencode = false
	sasl.oauthbearer.jwks.endpoint.refresh.ms = 3600000
	sasl.oauthbearer.jwks.endpoint.retry.backoff.max.ms = 10000
	sasl.oauthbearer.jwks.endpoint.retry.backoff.ms = 100
	sasl.oauthbearer.jwks.endpoint.url = null
	sasl.oauthbearer.scope.claim.name = scope
	sasl.oauthbearer.sub.claim.name = sub
	sasl.oauthbearer.token.endpoint.url = null
	security.protocol = PLAINTEXT
	security.providers = null
	send.buffer.bytes = 131072
	session.timeout.ms = 45000
	socket.connection.setup.timeout.max.ms = 30000
	socket.connection.setup.timeout.ms = 10000
	ssl.cipher.suites = null
	ssl.enabled.protocols = [TLSv1.2, TLSv1.3]
	ssl.endpoint.identification.algorithm = https
	ssl.engine.factory.class = null
	ssl.key.password = null
	ssl.keymanager.algorithm = SunX509
	ssl.keystore.certificate.chain = null
	ssl.keystore.key = null
	ssl.keystore.location = null
	ssl.keystore.password = null
	ssl.keystore.type = JKS
	ssl.protocol = TLSv1.3
	ssl.provider = null
	ssl.secure.random.implementation = null
	ssl.trustmanager.algorithm = PKIX
	ssl.truststore.certificates = null
	ssl.truststore.location = null
	ssl.truststore.password = null
	ssl.truststore.type = JKS
	value.deserializer = class org.apache.kafka.common.serialization.StringDeserializer

2026-08-14T14:58:57.120+05:30  INFO 28548 --- [           main] o.a.k.c.t.i.KafkaMetricsCollector        : initializing Kafka metrics collector
2026-08-14T14:58:57.124+05:30  INFO 28548 --- [           main] o.a.kafka.common.utils.AppInfoParser     : Kafka version: 3.9.1
2026-08-14T14:58:57.124+05:30  INFO 28548 --- [           main] o.a.kafka.common.utils.AppInfoParser     : Kafka commitId: f745dfdcee2b9851
2026-08-14T14:58:57.124+05:30  INFO 28548 --- [           main] o.a.kafka.common.utils.AppInfoParser     : Kafka startTimeMs: 1786699737124
2026-08-14T14:58:57.124+05:30  INFO 28548 --- [           main] o.a.k.c.c.i.ClassicKafkaConsumer         : [Consumer clientId=consumer-identity-partner-auto-share-consumer-2, groupId=identity-partner-auto-share-consumer] Subscribed to topic(s): platform.partner.lifecycle
2026-08-14T14:58:57.128+05:30  INFO 28548 --- [           main] o.a.k.clients.consumer.ConsumerConfig    : ConsumerConfig values: 
	allow.auto.create.topics = true
	auto.commit.interval.ms = 5000
	auto.include.jmx.reporter = true
	auto.offset.reset = earliest
	bootstrap.servers = [localhost:29092]
	check.crcs = true
	client.dns.lookup = use_all_dns_ips
	client.id = consumer-identity-partner-auto-share-consumer-3
	client.rack = 
	connections.max.idle.ms = 540000
	default.api.timeout.ms = 60000
	enable.auto.commit = false
	enable.metrics.push = true
	exclude.internal.topics = true
	fetch.max.bytes = 52428800
	fetch.max.wait.ms = 500
	fetch.min.bytes = 1
	group.id = identity-partner-auto-share-consumer
	group.instance.id = null
	group.protocol = classic
	group.remote.assignor = null
	heartbeat.interval.ms = 3000
	interceptor.classes = [com.onified.logging.kafka.KafkaConsumerContextInterceptor]
	internal.leave.group.on.close = true
	internal.throw.on.fetch.stable.offset.unsupported = false
	isolation.level = read_uncommitted
	key.deserializer = class org.apache.kafka.common.serialization.StringDeserializer
	max.partition.fetch.bytes = 1048576
	max.poll.interval.ms = 300000
	max.poll.records = 50
	metadata.max.age.ms = 300000
	metadata.recovery.strategy = none
	metric.reporters = []
	metrics.num.samples = 2
	metrics.recording.level = INFO
	metrics.sample.window.ms = 30000
	partition.assignment.strategy = [class org.apache.kafka.clients.consumer.RangeAssignor, class org.apache.kafka.clients.consumer.CooperativeStickyAssignor]
	receive.buffer.bytes = 65536
	reconnect.backoff.max.ms = 1000
	reconnect.backoff.ms = 50
	request.timeout.ms = 30000
	retry.backoff.max.ms = 1000
	retry.backoff.ms = 100
	sasl.client.callback.handler.class = null
	sasl.jaas.config = null
	sasl.kerberos.kinit.cmd = /usr/bin/kinit
	sasl.kerberos.min.time.before.relogin = 60000
	sasl.kerberos.service.name = null
	sasl.kerberos.ticket.renew.jitter = 0.05
	sasl.kerberos.ticket.renew.window.factor = 0.8
	sasl.login.callback.handler.class = null
	sasl.login.class = null
	sasl.login.connect.timeout.ms = null
	sasl.login.read.timeout.ms = null
	sasl.login.refresh.buffer.seconds = 300
	sasl.login.refresh.min.period.seconds = 60
	sasl.login.refresh.window.factor = 0.8
	sasl.login.refresh.window.jitter = 0.05
	sasl.login.retry.backoff.max.ms = 10000
	sasl.login.retry.backoff.ms = 100
	sasl.mechanism = GSSAPI
	sasl.oauthbearer.clock.skew.seconds = 30
	sasl.oauthbearer.expected.audience = null
	sasl.oauthbearer.expected.issuer = null
	sasl.oauthbearer.header.urlencode = false
	sasl.oauthbearer.jwks.endpoint.refresh.ms = 3600000
	sasl.oauthbearer.jwks.endpoint.retry.backoff.max.ms = 10000
	sasl.oauthbearer.jwks.endpoint.retry.backoff.ms = 100
	sasl.oauthbearer.jwks.endpoint.url = null
	sasl.oauthbearer.scope.claim.name = scope
	sasl.oauthbearer.sub.claim.name = sub
	sasl.oauthbearer.token.endpoint.url = null
	security.protocol = PLAINTEXT
	security.providers = null
	send.buffer.bytes = 131072
	session.timeout.ms = 45000
	socket.connection.setup.timeout.max.ms = 30000
	socket.connection.setup.timeout.ms = 10000
	ssl.cipher.suites = null
	ssl.enabled.protocols = [TLSv1.2, TLSv1.3]
	ssl.endpoint.identification.algorithm = https
	ssl.engine.factory.class = null
	ssl.key.password = null
	ssl.keymanager.algorithm = SunX509
	ssl.keystore.certificate.chain = null
	ssl.keystore.key = null
	ssl.keystore.location = null
	ssl.keystore.password = null
	ssl.keystore.type = JKS
	ssl.protocol = TLSv1.3
	ssl.provider = null
	ssl.secure.random.implementation = null
	ssl.trustmanager.algorithm = PKIX
	ssl.truststore.certificates = null
	ssl.truststore.location = null
	ssl.truststore.password = null
	ssl.truststore.type = JKS
	value.deserializer = class org.apache.kafka.common.serialization.StringDeserializer

2026-08-14T14:58:57.128+05:30  INFO 28548 --- [           main] o.a.k.c.t.i.KafkaMetricsCollector        : initializing Kafka metrics collector
2026-08-14T14:58:57.130+05:30  INFO 28548 --- [           main] o.a.kafka.common.utils.AppInfoParser     : Kafka version: 3.9.1
2026-08-14T14:58:57.130+05:30  INFO 28548 --- [           main] o.a.kafka.common.utils.AppInfoParser     : Kafka commitId: f745dfdcee2b9851
2026-08-14T14:58:57.130+05:30  INFO 28548 --- [           main] o.a.kafka.common.utils.AppInfoParser     : Kafka startTimeMs: 1786699737130
2026-08-14T14:58:57.130+05:30  INFO 28548 --- [           main] o.a.k.c.c.i.ClassicKafkaConsumer         : [Consumer clientId=consumer-identity-partner-auto-share-consumer-3, groupId=identity-partner-auto-share-consumer] Subscribed to topic(s): platform.partner.lifecycle
2026-08-14T14:58:57.134+05:30  INFO 28548 --- [           main] o.a.k.clients.consumer.ConsumerConfig    : ConsumerConfig values: 
	allow.auto.create.topics = true
	auto.commit.interval.ms = 5000
	auto.include.jmx.reporter = true
	auto.offset.reset = earliest
	bootstrap.servers = [localhost:29092]
	check.crcs = true
	client.dns.lookup = use_all_dns_ips
	client.id = consumer-identity.workflow-consumer.v1-4
	client.rack = 
	connections.max.idle.ms = 540000
	default.api.timeout.ms = 60000
	enable.auto.commit = false
	enable.metrics.push = true
	exclude.internal.topics = true
	fetch.max.bytes = 52428800
	fetch.max.wait.ms = 500
	fetch.min.bytes = 1
	group.id = identity.workflow-consumer.v1
	group.instance.id = null
	group.protocol = classic
	group.remote.assignor = null
	heartbeat.interval.ms = 3000
	interceptor.classes = [com.onified.logging.kafka.KafkaConsumerContextInterceptor]
	internal.leave.group.on.close = true
	internal.throw.on.fetch.stable.offset.unsupported = false
	isolation.level = read_uncommitted
	key.deserializer = class org.apache.kafka.common.serialization.StringDeserializer
	max.partition.fetch.bytes = 1048576
	max.poll.interval.ms = 300000
	max.poll.records = 50
	metadata.max.age.ms = 300000
	metadata.recovery.strategy = none
	metric.reporters = []
	metrics.num.samples = 2
	metrics.recording.level = INFO
	metrics.sample.window.ms = 30000
	partition.assignment.strategy = [class org.apache.kafka.clients.consumer.RangeAssignor, class org.apache.kafka.clients.consumer.CooperativeStickyAssignor]
	receive.buffer.bytes = 65536
	reconnect.backoff.max.ms = 1000
	reconnect.backoff.ms = 50
	request.timeout.ms = 30000
	retry.backoff.max.ms = 1000
	retry.backoff.ms = 100
	sasl.client.callback.handler.class = null
	sasl.jaas.config = null
	sasl.kerberos.kinit.cmd = /usr/bin/kinit
	sasl.kerberos.min.time.before.relogin = 60000
	sasl.kerberos.service.name = null
	sasl.kerberos.ticket.renew.jitter = 0.05
	sasl.kerberos.ticket.renew.window.factor = 0.8
	sasl.login.callback.handler.class = null
	sasl.login.class = null
	sasl.login.connect.timeout.ms = null
	sasl.login.read.timeout.ms = null
	sasl.login.refresh.buffer.seconds = 300
	sasl.login.refresh.min.period.seconds = 60
	sasl.login.refresh.window.factor = 0.8
	sasl.login.refresh.window.jitter = 0.05
	sasl.login.retry.backoff.max.ms = 10000
	sasl.login.retry.backoff.ms = 100
	sasl.mechanism = GSSAPI
	sasl.oauthbearer.clock.skew.seconds = 30
	sasl.oauthbearer.expected.audience = null
	sasl.oauthbearer.expected.issuer = null
	sasl.oauthbearer.header.urlencode = false
	sasl.oauthbearer.jwks.endpoint.refresh.ms = 3600000
	sasl.oauthbearer.jwks.endpoint.retry.backoff.max.ms = 10000
	sasl.oauthbearer.jwks.endpoint.retry.backoff.ms = 100
	sasl.oauthbearer.jwks.endpoint.url = null
	sasl.oauthbearer.scope.claim.name = scope
	sasl.oauthbearer.sub.claim.name = sub
	sasl.oauthbearer.token.endpoint.url = null
	security.protocol = PLAINTEXT
	security.providers = null
	send.buffer.bytes = 131072
	session.timeout.ms = 45000
	socket.connection.setup.timeout.max.ms = 30000
	socket.connection.setup.timeout.ms = 10000
	ssl.cipher.suites = null
	ssl.enabled.protocols = [TLSv1.2, TLSv1.3]
	ssl.endpoint.identification.algorithm = https
	ssl.engine.factory.class = null
	ssl.key.password = null
	ssl.keymanager.algorithm = SunX509
	ssl.keystore.certificate.chain = null
	ssl.keystore.key = null
	ssl.keystore.location = null
	ssl.keystore.password = null
	ssl.keystore.type = JKS
	ssl.protocol = TLSv1.3
	ssl.provider = null
	ssl.secure.random.implementation = null
	ssl.trustmanager.algorithm = PKIX
	ssl.truststore.certificates = null
	ssl.truststore.location = null
	ssl.truststore.password = null
	ssl.truststore.type = JKS
	value.deserializer = class org.apache.kafka.common.serialization.StringDeserializer

2026-08-14T14:58:57.135+05:30  INFO 28548 --- [           main] o.a.k.c.t.i.KafkaMetricsCollector        : initializing Kafka metrics collector
2026-08-14T14:58:57.137+05:30  INFO 28548 --- [           main] o.a.kafka.common.utils.AppInfoParser     : Kafka version: 3.9.1
2026-08-14T14:58:57.137+05:30  INFO 28548 --- [           main] o.a.kafka.common.utils.AppInfoParser     : Kafka commitId: f745dfdcee2b9851
2026-08-14T14:58:57.137+05:30  INFO 28548 --- [           main] o.a.kafka.common.utils.AppInfoParser     : Kafka startTimeMs: 1786699737137
2026-08-14T14:58:57.137+05:30  INFO 28548 --- [           main] o.a.k.c.c.i.ClassicKafkaConsumer         : [Consumer clientId=consumer-identity.workflow-consumer.v1-4, groupId=identity.workflow-consumer.v1] Subscribed to topic(s): workflow-completion-events
2026-08-14T14:58:57.138+05:30  INFO 28548 --- [           main] o.a.k.clients.consumer.ConsumerConfig    : ConsumerConfig values: 
	allow.auto.create.topics = true
	auto.commit.interval.ms = 5000
	auto.include.jmx.reporter = true
	auto.offset.reset = earliest
	bootstrap.servers = [localhost:29092]
	check.crcs = true
	client.dns.lookup = use_all_dns_ips
	client.id = consumer-identity.workflow-consumer.v1-5
	client.rack = 
	connections.max.idle.ms = 540000
	default.api.timeout.ms = 60000
	enable.auto.commit = false
	enable.metrics.push = true
	exclude.internal.topics = true
	fetch.max.bytes = 52428800
	fetch.max.wait.ms = 500
	fetch.min.bytes = 1
	group.id = identity.workflow-consumer.v1
	group.instance.id = null
	group.protocol = classic
	group.remote.assignor = null
	heartbeat.interval.ms = 3000
	interceptor.classes = [com.onified.logging.kafka.KafkaConsumerContextInterceptor]
	internal.leave.group.on.close = true
	internal.throw.on.fetch.stable.offset.unsupported = false
	isolation.level = read_uncommitted
	key.deserializer = class org.apache.kafka.common.serialization.StringDeserializer
	max.partition.fetch.bytes = 1048576
	max.poll.interval.ms = 300000
	max.poll.records = 50
	metadata.max.age.ms = 300000
	metadata.recovery.strategy = none
	metric.reporters = []
	metrics.num.samples = 2
	metrics.recording.level = INFO
	metrics.sample.window.ms = 30000
	partition.assignment.strategy = [class org.apache.kafka.clients.consumer.RangeAssignor, class org.apache.kafka.clients.consumer.CooperativeStickyAssignor]
	receive.buffer.bytes = 65536
	reconnect.backoff.max.ms = 1000
	reconnect.backoff.ms = 50
	request.timeout.ms = 30000
	retry.backoff.max.ms = 1000
	retry.backoff.ms = 100
	sasl.client.callback.handler.class = null
	sasl.jaas.config = null
	sasl.kerberos.kinit.cmd = /usr/bin/kinit
	sasl.kerberos.min.time.before.relogin = 60000
	sasl.kerberos.service.name = null
	sasl.kerberos.ticket.renew.jitter = 0.05
	sasl.kerberos.ticket.renew.window.factor = 0.8
	sasl.login.callback.handler.class = null
	sasl.login.class = null
	sasl.login.connect.timeout.ms = null
	sasl.login.read.timeout.ms = null
	sasl.login.refresh.buffer.seconds = 300
	sasl.login.refresh.min.period.seconds = 60
	sasl.login.refresh.window.factor = 0.8
	sasl.login.refresh.window.jitter = 0.05
	sasl.login.retry.backoff.max.ms = 10000
	sasl.login.retry.backoff.ms = 100
	sasl.mechanism = GSSAPI
	sasl.oauthbearer.clock.skew.seconds = 30
	sasl.oauthbearer.expected.audience = null
	sasl.oauthbearer.expected.issuer = null
	sasl.oauthbearer.header.urlencode = false
	sasl.oauthbearer.jwks.endpoint.refresh.ms = 3600000
	sasl.oauthbearer.jwks.endpoint.retry.backoff.max.ms = 10000
	sasl.oauthbearer.jwks.endpoint.retry.backoff.ms = 100
	sasl.oauthbearer.jwks.endpoint.url = null
	sasl.oauthbearer.scope.claim.name = scope
	sasl.oauthbearer.sub.claim.name = sub
	sasl.oauthbearer.token.endpoint.url = null
	security.protocol = PLAINTEXT
	security.providers = null
	send.buffer.bytes = 131072
	session.timeout.ms = 45000
	socket.connection.setup.timeout.max.ms = 30000
	socket.connection.setup.timeout.ms = 10000
	ssl.cipher.suites = null
	ssl.enabled.protocols = [TLSv1.2, TLSv1.3]
	ssl.endpoint.identification.algorithm = https
	ssl.engine.factory.class = null
	ssl.key.password = null
	ssl.keymanager.algorithm = SunX509
	ssl.keystore.certificate.chain = null
	ssl.keystore.key = null
	ssl.keystore.location = null
	ssl.keystore.password = null
	ssl.keystore.type = JKS
	ssl.protocol = TLSv1.3
	ssl.provider = null
	ssl.secure.random.implementation = null
	ssl.trustmanager.algorithm = PKIX
	ssl.truststore.certificates = null
	ssl.truststore.location = null
	ssl.truststore.password = null
	ssl.truststore.type = JKS
	value.deserializer = class org.apache.kafka.common.serialization.StringDeserializer

2026-08-14T14:58:57.138+05:30  INFO 28548 --- [           main] o.a.k.c.t.i.KafkaMetricsCollector        : initializing Kafka metrics collector
2026-08-14T14:58:57.141+05:30  INFO 28548 --- [           main] o.a.kafka.common.utils.AppInfoParser     : Kafka version: 3.9.1
2026-08-14T14:58:57.141+05:30  INFO 28548 --- [           main] o.a.kafka.common.utils.AppInfoParser     : Kafka commitId: f745dfdcee2b9851
2026-08-14T14:58:57.141+05:30  INFO 28548 --- [           main] o.a.kafka.common.utils.AppInfoParser     : Kafka startTimeMs: 1786699737141
2026-08-14T14:58:57.141+05:30  INFO 28548 --- [           main] o.a.k.c.c.i.ClassicKafkaConsumer         : [Consumer clientId=consumer-identity.workflow-consumer.v1-5, groupId=identity.workflow-consumer.v1] Subscribed to topic(s): workflow-completion-events
2026-08-14T14:58:57.141+05:30  INFO 28548 --- [           main] o.a.k.clients.consumer.ConsumerConfig    : ConsumerConfig values: 
	allow.auto.create.topics = true
	auto.commit.interval.ms = 5000
	auto.include.jmx.reporter = true
	auto.offset.reset = earliest
	bootstrap.servers = [localhost:29092]
	check.crcs = true
	client.dns.lookup = use_all_dns_ips
	client.id = consumer-identity.workflow-consumer.v1-6
	client.rack = 
	connections.max.idle.ms = 540000
	default.api.timeout.ms = 60000
	enable.auto.commit = false
	enable.metrics.push = true
	exclude.internal.topics = true
	fetch.max.bytes = 52428800
	fetch.max.wait.ms = 500
	fetch.min.bytes = 1
	group.id = identity.workflow-consumer.v1
	group.instance.id = null
	group.protocol = classic
	group.remote.assignor = null
	heartbeat.interval.ms = 3000
	interceptor.classes = [com.onified.logging.kafka.KafkaConsumerContextInterceptor]
	internal.leave.group.on.close = true
	internal.throw.on.fetch.stable.offset.unsupported = false
	isolation.level = read_uncommitted
	key.deserializer = class org.apache.kafka.common.serialization.StringDeserializer
	max.partition.fetch.bytes = 1048576
	max.poll.interval.ms = 300000
	max.poll.records = 50
	metadata.max.age.ms = 300000
	metadata.recovery.strategy = none
	metric.reporters = []
	metrics.num.samples = 2
	metrics.recording.level = INFO
	metrics.sample.window.ms = 30000
	partition.assignment.strategy = [class org.apache.kafka.clients.consumer.RangeAssignor, class org.apache.kafka.clients.consumer.CooperativeStickyAssignor]
	receive.buffer.bytes = 65536
	reconnect.backoff.max.ms = 1000
	reconnect.backoff.ms = 50
	request.timeout.ms = 30000
	retry.backoff.max.ms = 1000
	retry.backoff.ms = 100
	sasl.client.callback.handler.class = null
	sasl.jaas.config = null
	sasl.kerberos.kinit.cmd = /usr/bin/kinit
	sasl.kerberos.min.time.before.relogin = 60000
	sasl.kerberos.service.name = null
	sasl.kerberos.ticket.renew.jitter = 0.05
	sasl.kerberos.ticket.renew.window.factor = 0.8
	sasl.login.callback.handler.class = null
	sasl.login.class = null
	sasl.login.connect.timeout.ms = null
	sasl.login.read.timeout.ms = null
	sasl.login.refresh.buffer.seconds = 300
	sasl.login.refresh.min.period.seconds = 60
	sasl.login.refresh.window.factor = 0.8
	sasl.login.refresh.window.jitter = 0.05
	sasl.login.retry.backoff.max.ms = 10000
	sasl.login.retry.backoff.ms = 100
	sasl.mechanism = GSSAPI
	sasl.oauthbearer.clock.skew.seconds = 30
	sasl.oauthbearer.expected.audience = null
	sasl.oauthbearer.expected.issuer = null
	sasl.oauthbearer.header.urlencode = false
	sasl.oauthbearer.jwks.endpoint.refresh.ms = 3600000
	sasl.oauthbearer.jwks.endpoint.retry.backoff.max.ms = 10000
	sasl.oauthbearer.jwks.endpoint.retry.backoff.ms = 100
	sasl.oauthbearer.jwks.endpoint.url = null
	sasl.oauthbearer.scope.claim.name = scope
	sasl.oauthbearer.sub.claim.name = sub
	sasl.oauthbearer.token.endpoint.url = null
	security.protocol = PLAINTEXT
	security.providers = null
	send.buffer.bytes = 131072
	session.timeout.ms = 45000
	socket.connection.setup.timeout.max.ms = 30000
	socket.connection.setup.timeout.ms = 10000
	ssl.cipher.suites = null
	ssl.enabled.protocols = [TLSv1.2, TLSv1.3]
	ssl.endpoint.identification.algorithm = https
	ssl.engine.factory.class = null
	ssl.key.password = null
	ssl.keymanager.algorithm = SunX509
	ssl.keystore.certificate.chain = null
	ssl.keystore.key = null
	ssl.keystore.location = null
	ssl.keystore.password = null
	ssl.keystore.type = JKS
	ssl.protocol = TLSv1.3
	ssl.provider = null
	ssl.secure.random.implementation = null
	ssl.trustmanager.algorithm = PKIX
	ssl.truststore.certificates = null
	ssl.truststore.location = null
	ssl.truststore.password = null
	ssl.truststore.type = JKS
	value.deserializer = class org.apache.kafka.common.serialization.StringDeserializer

2026-08-14T14:58:57.141+05:30  INFO 28548 --- [           main] o.a.k.c.t.i.KafkaMetricsCollector        : initializing Kafka metrics collector
2026-08-14T14:58:57.146+05:30  INFO 28548 --- [           main] o.a.kafka.common.utils.AppInfoParser     : Kafka version: 3.9.1
2026-08-14T14:58:57.147+05:30  INFO 28548 --- [           main] o.a.kafka.common.utils.AppInfoParser     : Kafka commitId: f745dfdcee2b9851
2026-08-14T14:58:57.147+05:30  INFO 28548 --- [           main] o.a.kafka.common.utils.AppInfoParser     : Kafka startTimeMs: 1786699737146
2026-08-14T14:58:57.147+05:30  INFO 28548 --- [           main] o.a.k.c.c.i.ClassicKafkaConsumer         : [Consumer clientId=consumer-identity.workflow-consumer.v1-6, groupId=identity.workflow-consumer.v1] Subscribed to topic(s): workflow-completion-events
2026-08-14T14:58:57.148+05:30  INFO 28548 --- [           main] o.a.k.clients.consumer.ConsumerConfig    : ConsumerConfig values: 
	allow.auto.create.topics = true
	auto.commit.interval.ms = 5000
	auto.include.jmx.reporter = true
	auto.offset.reset = earliest
	bootstrap.servers = [localhost:29092]
	check.crcs = true
	client.dns.lookup = use_all_dns_ips
	client.id = consumer-identity.workflow-consumer.v1-retry-7
	client.rack = 
	connections.max.idle.ms = 540000
	default.api.timeout.ms = 60000
	enable.auto.commit = false
	enable.metrics.push = true
	exclude.internal.topics = true
	fetch.max.bytes = 52428800
	fetch.max.wait.ms = 500
	fetch.min.bytes = 1
	group.id = identity.workflow-consumer.v1-retry
	group.instance.id = null
	group.protocol = classic
	group.remote.assignor = null
	heartbeat.interval.ms = 3000
	interceptor.classes = [com.onified.logging.kafka.KafkaConsumerContextInterceptor]
	internal.leave.group.on.close = true
	internal.throw.on.fetch.stable.offset.unsupported = false
	isolation.level = read_uncommitted
	key.deserializer = class org.apache.kafka.common.serialization.StringDeserializer
	max.partition.fetch.bytes = 1048576
	max.poll.interval.ms = 300000
	max.poll.records = 50
	metadata.max.age.ms = 300000
	metadata.recovery.strategy = none
	metric.reporters = []
	metrics.num.samples = 2
	metrics.recording.level = INFO
	metrics.sample.window.ms = 30000
	partition.assignment.strategy = [class org.apache.kafka.clients.consumer.RangeAssignor, class org.apache.kafka.clients.consumer.CooperativeStickyAssignor]
	receive.buffer.bytes = 65536
	reconnect.backoff.max.ms = 1000
	reconnect.backoff.ms = 50
	request.timeout.ms = 30000
	retry.backoff.max.ms = 1000
	retry.backoff.ms = 100
	sasl.client.callback.handler.class = null
	sasl.jaas.config = null
	sasl.kerberos.kinit.cmd = /usr/bin/kinit
	sasl.kerberos.min.time.before.relogin = 60000
	sasl.kerberos.service.name = null
	sasl.kerberos.ticket.renew.jitter = 0.05
	sasl.kerberos.ticket.renew.window.factor = 0.8
	sasl.login.callback.handler.class = null
	sasl.login.class = null
	sasl.login.connect.timeout.ms = null
	sasl.login.read.timeout.ms = null
	sasl.login.refresh.buffer.seconds = 300
	sasl.login.refresh.min.period.seconds = 60
	sasl.login.refresh.window.factor = 0.8
	sasl.login.refresh.window.jitter = 0.05
	sasl.login.retry.backoff.max.ms = 10000
	sasl.login.retry.backoff.ms = 100
	sasl.mechanism = GSSAPI
	sasl.oauthbearer.clock.skew.seconds = 30
	sasl.oauthbearer.expected.audience = null
	sasl.oauthbearer.expected.issuer = null
	sasl.oauthbearer.header.urlencode = false
	sasl.oauthbearer.jwks.endpoint.refresh.ms = 3600000
	sasl.oauthbearer.jwks.endpoint.retry.backoff.max.ms = 10000
	sasl.oauthbearer.jwks.endpoint.retry.backoff.ms = 100
	sasl.oauthbearer.jwks.endpoint.url = null
	sasl.oauthbearer.scope.claim.name = scope
	sasl.oauthbearer.sub.claim.name = sub
	sasl.oauthbearer.token.endpoint.url = null
	security.protocol = PLAINTEXT
	security.providers = null
	send.buffer.bytes = 131072
	session.timeout.ms = 45000
	socket.connection.setup.timeout.max.ms = 30000
	socket.connection.setup.timeout.ms = 10000
	ssl.cipher.suites = null
	ssl.enabled.protocols = [TLSv1.2, TLSv1.3]
	ssl.endpoint.identification.algorithm = https
	ssl.engine.factory.class = null
	ssl.key.password = null
	ssl.keymanager.algorithm = SunX509
	ssl.keystore.certificate.chain = null
	ssl.keystore.key = null
	ssl.keystore.location = null
	ssl.keystore.password = null
	ssl.keystore.type = JKS
	ssl.protocol = TLSv1.3
	ssl.provider = null
	ssl.secure.random.implementation = null
	ssl.trustmanager.algorithm = PKIX
	ssl.truststore.certificates = null
	ssl.truststore.location = null
	ssl.truststore.password = null
	ssl.truststore.type = JKS
	value.deserializer = class org.apache.kafka.common.serialization.StringDeserializer

2026-08-14T14:58:57.149+05:30  INFO 28548 --- [           main] o.a.k.c.t.i.KafkaMetricsCollector        : initializing Kafka metrics collector
2026-08-14T14:58:57.155+05:30  INFO 28548 --- [           main] o.a.kafka.common.utils.AppInfoParser     : Kafka version: 3.9.1
2026-08-14T14:58:57.155+05:30  INFO 28548 --- [           main] o.a.kafka.common.utils.AppInfoParser     : Kafka commitId: f745dfdcee2b9851
2026-08-14T14:58:57.155+05:30  INFO 28548 --- [           main] o.a.kafka.common.utils.AppInfoParser     : Kafka startTimeMs: 1786699737155
2026-08-14T14:58:57.155+05:30  INFO 28548 --- [           main] o.a.k.c.c.i.ClassicKafkaConsumer         : [Consumer clientId=consumer-identity.workflow-consumer.v1-retry-7, groupId=identity.workflow-consumer.v1-retry] Subscribed to topic(s): workflow-completion-events-retry
2026-08-14T14:58:57.157+05:30  INFO 28548 --- [           main] o.a.k.clients.consumer.ConsumerConfig    : ConsumerConfig values: 
	allow.auto.create.topics = true
	auto.commit.interval.ms = 5000
	auto.include.jmx.reporter = true
	auto.offset.reset = earliest
	bootstrap.servers = [localhost:29092]
	check.crcs = true
	client.dns.lookup = use_all_dns_ips
	client.id = consumer-identity.workflow-consumer.v1-retry-8
	client.rack = 
	connections.max.idle.ms = 540000
	default.api.timeout.ms = 60000
	enable.auto.commit = false
	enable.metrics.push = true
	exclude.internal.topics = true
	fetch.max.bytes = 52428800
	fetch.max.wait.ms = 500
	fetch.min.bytes = 1
	group.id = identity.workflow-consumer.v1-retry
	group.instance.id = null
	group.protocol = classic
	group.remote.assignor = null
	heartbeat.interval.ms = 3000
	interceptor.classes = [com.onified.logging.kafka.KafkaConsumerContextInterceptor]
	internal.leave.group.on.close = true
	internal.throw.on.fetch.stable.offset.unsupported = false
	isolation.level = read_uncommitted
	key.deserializer = class org.apache.kafka.common.serialization.StringDeserializer
	max.partition.fetch.bytes = 1048576
	max.poll.interval.ms = 300000
	max.poll.records = 50
	metadata.max.age.ms = 300000
	metadata.recovery.strategy = none
	metric.reporters = []
	metrics.num.samples = 2
	metrics.recording.level = INFO
	metrics.sample.window.ms = 30000
	partition.assignment.strategy = [class org.apache.kafka.clients.consumer.RangeAssignor, class org.apache.kafka.clients.consumer.CooperativeStickyAssignor]
	receive.buffer.bytes = 65536
	reconnect.backoff.max.ms = 1000
	reconnect.backoff.ms = 50
	request.timeout.ms = 30000
	retry.backoff.max.ms = 1000
	retry.backoff.ms = 100
	sasl.client.callback.handler.class = null
	sasl.jaas.config = null
	sasl.kerberos.kinit.cmd = /usr/bin/kinit
	sasl.kerberos.min.time.before.relogin = 60000
	sasl.kerberos.service.name = null
	sasl.kerberos.ticket.renew.jitter = 0.05
	sasl.kerberos.ticket.renew.window.factor = 0.8
	sasl.login.callback.handler.class = null
	sasl.login.class = null
	sasl.login.connect.timeout.ms = null
	sasl.login.read.timeout.ms = null
	sasl.login.refresh.buffer.seconds = 300
	sasl.login.refresh.min.period.seconds = 60
	sasl.login.refresh.window.factor = 0.8
	sasl.login.refresh.window.jitter = 0.05
	sasl.login.retry.backoff.max.ms = 10000
	sasl.login.retry.backoff.ms = 100
	sasl.mechanism = GSSAPI
	sasl.oauthbearer.clock.skew.seconds = 30
	sasl.oauthbearer.expected.audience = null
	sasl.oauthbearer.expected.issuer = null
	sasl.oauthbearer.header.urlencode = false
	sasl.oauthbearer.jwks.endpoint.refresh.ms = 3600000
	sasl.oauthbearer.jwks.endpoint.retry.backoff.max.ms = 10000
	sasl.oauthbearer.jwks.endpoint.retry.backoff.ms = 100
	sasl.oauthbearer.jwks.endpoint.url = null
	sasl.oauthbearer.scope.claim.name = scope
	sasl.oauthbearer.sub.claim.name = sub
	sasl.oauthbearer.token.endpoint.url = null
	security.protocol = PLAINTEXT
	security.providers = null
	send.buffer.bytes = 131072
	session.timeout.ms = 45000
	socket.connection.setup.timeout.max.ms = 30000
	socket.connection.setup.timeout.ms = 10000
	ssl.cipher.suites = null
	ssl.enabled.protocols = [TLSv1.2, TLSv1.3]
	ssl.endpoint.identification.algorithm = https
	ssl.engine.factory.class = null
	ssl.key.password = null
	ssl.keymanager.algorithm = SunX509
	ssl.keystore.certificate.chain = null
	ssl.keystore.key = null
	ssl.keystore.location = null
	ssl.keystore.password = null
	ssl.keystore.type = JKS
	ssl.protocol = TLSv1.3
	ssl.provider = null
	ssl.secure.random.implementation = null
	ssl.trustmanager.algorithm = PKIX
	ssl.truststore.certificates = null
	ssl.truststore.location = null
	ssl.truststore.password = null
	ssl.truststore.type = JKS
	value.deserializer = class org.apache.kafka.common.serialization.StringDeserializer

2026-08-14T14:58:57.157+05:30  INFO 28548 --- [           main] o.a.k.c.t.i.KafkaMetricsCollector        : initializing Kafka metrics collector
2026-08-14T14:58:57.161+05:30  INFO 28548 --- [           main] o.a.kafka.common.utils.AppInfoParser     : Kafka version: 3.9.1
2026-08-14T14:58:57.161+05:30  INFO 28548 --- [           main] o.a.kafka.common.utils.AppInfoParser     : Kafka commitId: f745dfdcee2b9851
2026-08-14T14:58:57.161+05:30  INFO 28548 --- [           main] o.a.kafka.common.utils.AppInfoParser     : Kafka startTimeMs: 1786699737161
2026-08-14T14:58:57.161+05:30  INFO 28548 --- [           main] o.a.k.c.c.i.ClassicKafkaConsumer         : [Consumer clientId=consumer-identity.workflow-consumer.v1-retry-8, groupId=identity.workflow-consumer.v1-retry] Subscribed to topic(s): workflow-completion-events-retry
2026-08-14T14:58:57.167+05:30  INFO 28548 --- [           main] o.a.k.clients.consumer.ConsumerConfig    : ConsumerConfig values: 
	allow.auto.create.topics = true
	auto.commit.interval.ms = 5000
	auto.include.jmx.reporter = true
	auto.offset.reset = earliest
	bootstrap.servers = [localhost:29092]
	check.crcs = true
	client.dns.lookup = use_all_dns_ips
	client.id = consumer-identity.workflow-consumer.v1-retry-9
	client.rack = 
	connections.max.idle.ms = 540000
	default.api.timeout.ms = 60000
	enable.auto.commit = false
	enable.metrics.push = true
	exclude.internal.topics = true
	fetch.max.bytes = 52428800
	fetch.max.wait.ms = 500
	fetch.min.bytes = 1
	group.id = identity.workflow-consumer.v1-retry
	group.instance.id = null
	group.protocol = classic
	group.remote.assignor = null
	heartbeat.interval.ms = 3000
	interceptor.classes = [com.onified.logging.kafka.KafkaConsumerContextInterceptor]
	internal.leave.group.on.close = true
	internal.throw.on.fetch.stable.offset.unsupported = false
	isolation.level = read_uncommitted
	key.deserializer = class org.apache.kafka.common.serialization.StringDeserializer
	max.partition.fetch.bytes = 1048576
	max.poll.interval.ms = 300000
	max.poll.records = 50
	metadata.max.age.ms = 300000
	metadata.recovery.strategy = none
	metric.reporters = []
	metrics.num.samples = 2
	metrics.recording.level = INFO
	metrics.sample.window.ms = 30000
	partition.assignment.strategy = [class org.apache.kafka.clients.consumer.RangeAssignor, class org.apache.kafka.clients.consumer.CooperativeStickyAssignor]
	receive.buffer.bytes = 65536
	reconnect.backoff.max.ms = 1000
	reconnect.backoff.ms = 50
	request.timeout.ms = 30000
	retry.backoff.max.ms = 1000
	retry.backoff.ms = 100
	sasl.client.callback.handler.class = null
	sasl.jaas.config = null
	sasl.kerberos.kinit.cmd = /usr/bin/kinit
	sasl.kerberos.min.time.before.relogin = 60000
	sasl.kerberos.service.name = null
	sasl.kerberos.ticket.renew.jitter = 0.05
	sasl.kerberos.ticket.renew.window.factor = 0.8
	sasl.login.callback.handler.class = null
	sasl.login.class = null
	sasl.login.connect.timeout.ms = null
	sasl.login.read.timeout.ms = null
	sasl.login.refresh.buffer.seconds = 300
	sasl.login.refresh.min.period.seconds = 60
	sasl.login.refresh.window.factor = 0.8
	sasl.login.refresh.window.jitter = 0.05
	sasl.login.retry.backoff.max.ms = 10000
	sasl.login.retry.backoff.ms = 100
	sasl.mechanism = GSSAPI
	sasl.oauthbearer.clock.skew.seconds = 30
	sasl.oauthbearer.expected.audience = null
	sasl.oauthbearer.expected.issuer = null
	sasl.oauthbearer.header.urlencode = false
	sasl.oauthbearer.jwks.endpoint.refresh.ms = 3600000
	sasl.oauthbearer.jwks.endpoint.retry.backoff.max.ms = 10000
	sasl.oauthbearer.jwks.endpoint.retry.backoff.ms = 100
	sasl.oauthbearer.jwks.endpoint.url = null
	sasl.oauthbearer.scope.claim.name = scope
	sasl.oauthbearer.sub.claim.name = sub
	sasl.oauthbearer.token.endpoint.url = null
	security.protocol = PLAINTEXT
	security.providers = null
	send.buffer.bytes = 131072
	session.timeout.ms = 45000
	socket.connection.setup.timeout.max.ms = 30000
	socket.connection.setup.timeout.ms = 10000
	ssl.cipher.suites = null
	ssl.enabled.protocols = [TLSv1.2, TLSv1.3]
	ssl.endpoint.identification.algorithm = https
	ssl.engine.factory.class = null
	ssl.key.password = null
	ssl.keymanager.algorithm = SunX509
	ssl.keystore.certificate.chain = null
	ssl.keystore.key = null
	ssl.keystore.location = null
	ssl.keystore.password = null
	ssl.keystore.type = JKS
	ssl.protocol = TLSv1.3
	ssl.provider = null
	ssl.secure.random.implementation = null
	ssl.trustmanager.algorithm = PKIX
	ssl.truststore.certificates = null
	ssl.truststore.location = null
	ssl.truststore.password = null
	ssl.truststore.type = JKS
	value.deserializer = class org.apache.kafka.common.serialization.StringDeserializer

2026-08-14T14:58:57.168+05:30  INFO 28548 --- [           main] o.a.k.c.t.i.KafkaMetricsCollector        : initializing Kafka metrics collector
2026-08-14T14:58:57.173+05:30  INFO 28548 --- [           main] o.a.kafka.common.utils.AppInfoParser     : Kafka version: 3.9.1
2026-08-14T14:58:57.173+05:30  INFO 28548 --- [           main] o.a.kafka.common.utils.AppInfoParser     : Kafka commitId: f745dfdcee2b9851
2026-08-14T14:58:57.173+05:30  INFO 28548 --- [           main] o.a.kafka.common.utils.AppInfoParser     : Kafka startTimeMs: 1786699737173
2026-08-14T14:58:57.174+05:30  INFO 28548 --- [           main] o.a.k.c.c.i.ClassicKafkaConsumer         : [Consumer clientId=consumer-identity.workflow-consumer.v1-retry-9, groupId=identity.workflow-consumer.v1-retry] Subscribed to topic(s): workflow-completion-events-retry
2026-08-14T14:58:57.177+05:30  INFO 28548 --- [           main] o.a.k.clients.consumer.ConsumerConfig    : ConsumerConfig values: 
	allow.auto.create.topics = true
	auto.commit.interval.ms = 5000
	auto.include.jmx.reporter = true
	auto.offset.reset = earliest
	bootstrap.servers = [localhost:29092]
	check.crcs = true
	client.dns.lookup = use_all_dns_ips
	client.id = consumer-identity.master-data-consumer.v1.DLT-10
	client.rack = 
	connections.max.idle.ms = 540000
	default.api.timeout.ms = 60000
	enable.auto.commit = false
	enable.metrics.push = true
	exclude.internal.topics = true
	fetch.max.bytes = 52428800
	fetch.max.wait.ms = 500
	fetch.min.bytes = 1
	group.id = identity.master-data-consumer.v1.DLT
	group.instance.id = null
	group.protocol = classic
	group.remote.assignor = null
	heartbeat.interval.ms = 3000
	interceptor.classes = [com.onified.logging.kafka.KafkaConsumerContextInterceptor]
	internal.leave.group.on.close = true
	internal.throw.on.fetch.stable.offset.unsupported = false
	isolation.level = read_uncommitted
	key.deserializer = class org.apache.kafka.common.serialization.StringDeserializer
	max.partition.fetch.bytes = 1048576
	max.poll.interval.ms = 300000
	max.poll.records = 50
	metadata.max.age.ms = 300000
	metadata.recovery.strategy = none
	metric.reporters = []
	metrics.num.samples = 2
	metrics.recording.level = INFO
	metrics.sample.window.ms = 30000
	partition.assignment.strategy = [class org.apache.kafka.clients.consumer.RangeAssignor, class org.apache.kafka.clients.consumer.CooperativeStickyAssignor]
	receive.buffer.bytes = 65536
	reconnect.backoff.max.ms = 1000
	reconnect.backoff.ms = 50
	request.timeout.ms = 30000
	retry.backoff.max.ms = 1000
	retry.backoff.ms = 100
	sasl.client.callback.handler.class = null
	sasl.jaas.config = null
	sasl.kerberos.kinit.cmd = /usr/bin/kinit
	sasl.kerberos.min.time.before.relogin = 60000
	sasl.kerberos.service.name = null
	sasl.kerberos.ticket.renew.jitter = 0.05
	sasl.kerberos.ticket.renew.window.factor = 0.8
	sasl.login.callback.handler.class = null
	sasl.login.class = null
	sasl.login.connect.timeout.ms = null
	sasl.login.read.timeout.ms = null
	sasl.login.refresh.buffer.seconds = 300
	sasl.login.refresh.min.period.seconds = 60
	sasl.login.refresh.window.factor = 0.8
	sasl.login.refresh.window.jitter = 0.05
	sasl.login.retry.backoff.max.ms = 10000
	sasl.login.retry.backoff.ms = 100
	sasl.mechanism = GSSAPI
	sasl.oauthbearer.clock.skew.seconds = 30
	sasl.oauthbearer.expected.audience = null
	sasl.oauthbearer.expected.issuer = null
	sasl.oauthbearer.header.urlencode = false
	sasl.oauthbearer.jwks.endpoint.refresh.ms = 3600000
	sasl.oauthbearer.jwks.endpoint.retry.backoff.max.ms = 10000
	sasl.oauthbearer.jwks.endpoint.retry.backoff.ms = 100
	sasl.oauthbearer.jwks.endpoint.url = null
	sasl.oauthbearer.scope.claim.name = scope
	sasl.oauthbearer.sub.claim.name = sub
	sasl.oauthbearer.token.endpoint.url = null
	security.protocol = PLAINTEXT
	security.providers = null
	send.buffer.bytes = 131072
	session.timeout.ms = 45000
	socket.connection.setup.timeout.max.ms = 30000
	socket.connection.setup.timeout.ms = 10000
	ssl.cipher.suites = null
	ssl.enabled.protocols = [TLSv1.2, TLSv1.3]
	ssl.endpoint.identification.algorithm = https
	ssl.engine.factory.class = null
	ssl.key.password = null
	ssl.keymanager.algorithm = SunX509
	ssl.keystore.certificate.chain = null
	ssl.keystore.key = null
	ssl.keystore.location = null
	ssl.keystore.password = null
	ssl.keystore.type = JKS
	ssl.protocol = TLSv1.3
	ssl.provider = null
	ssl.secure.random.implementation = null
	ssl.trustmanager.algorithm = PKIX
	ssl.truststore.certificates = null
	ssl.truststore.location = null
	ssl.truststore.password = null
	ssl.truststore.type = JKS
	value.deserializer = class org.apache.kafka.common.serialization.StringDeserializer

2026-08-14T14:58:57.177+05:30  INFO 28548 --- [           main] o.a.k.c.t.i.KafkaMetricsCollector        : initializing Kafka metrics collector
2026-08-14T14:58:57.183+05:30  INFO 28548 --- [           main] o.a.kafka.common.utils.AppInfoParser     : Kafka version: 3.9.1
2026-08-14T14:58:57.183+05:30  INFO 28548 --- [           main] o.a.kafka.common.utils.AppInfoParser     : Kafka commitId: f745dfdcee2b9851
2026-08-14T14:58:57.183+05:30  INFO 28548 --- [           main] o.a.kafka.common.utils.AppInfoParser     : Kafka startTimeMs: 1786699737183
2026-08-14T14:58:57.183+05:30  INFO 28548 --- [           main] o.a.k.c.c.i.ClassicKafkaConsumer         : [Consumer clientId=consumer-identity.master-data-consumer.v1.DLT-10, groupId=identity.master-data-consumer.v1.DLT] Subscribed to topic(s): master-data-events.DLT
2026-08-14T14:58:57.185+05:30  INFO 28548 --- [           main] o.a.k.clients.consumer.ConsumerConfig    : ConsumerConfig values: 
	allow.auto.create.topics = true
	auto.commit.interval.ms = 5000
	auto.include.jmx.reporter = true
	auto.offset.reset = earliest
	bootstrap.servers = [localhost:29092]
	check.crcs = true
	client.dns.lookup = use_all_dns_ips
	client.id = consumer-identity.master-data-consumer.v1.DLT-11
	client.rack = 
	connections.max.idle.ms = 540000
	default.api.timeout.ms = 60000
	enable.auto.commit = false
	enable.metrics.push = true
	exclude.internal.topics = true
	fetch.max.bytes = 52428800
	fetch.max.wait.ms = 500
	fetch.min.bytes = 1
	group.id = identity.master-data-consumer.v1.DLT
	group.instance.id = null
	group.protocol = classic
	group.remote.assignor = null
	heartbeat.interval.ms = 3000
	interceptor.classes = [com.onified.logging.kafka.KafkaConsumerContextInterceptor]
	internal.leave.group.on.close = true
	internal.throw.on.fetch.stable.offset.unsupported = false
	isolation.level = read_uncommitted
	key.deserializer = class org.apache.kafka.common.serialization.StringDeserializer
	max.partition.fetch.bytes = 1048576
	max.poll.interval.ms = 300000
	max.poll.records = 50
	metadata.max.age.ms = 300000
	metadata.recovery.strategy = none
	metric.reporters = []
	metrics.num.samples = 2
	metrics.recording.level = INFO
	metrics.sample.window.ms = 30000
	partition.assignment.strategy = [class org.apache.kafka.clients.consumer.RangeAssignor, class org.apache.kafka.clients.consumer.CooperativeStickyAssignor]
	receive.buffer.bytes = 65536
	reconnect.backoff.max.ms = 1000
	reconnect.backoff.ms = 50
	request.timeout.ms = 30000
	retry.backoff.max.ms = 1000
	retry.backoff.ms = 100
	sasl.client.callback.handler.class = null
	sasl.jaas.config = null
	sasl.kerberos.kinit.cmd = /usr/bin/kinit
	sasl.kerberos.min.time.before.relogin = 60000
	sasl.kerberos.service.name = null
	sasl.kerberos.ticket.renew.jitter = 0.05
	sasl.kerberos.ticket.renew.window.factor = 0.8
	sasl.login.callback.handler.class = null
	sasl.login.class = null
	sasl.login.connect.timeout.ms = null
	sasl.login.read.timeout.ms = null
	sasl.login.refresh.buffer.seconds = 300
	sasl.login.refresh.min.period.seconds = 60
	sasl.login.refresh.window.factor = 0.8
	sasl.login.refresh.window.jitter = 0.05
	sasl.login.retry.backoff.max.ms = 10000
	sasl.login.retry.backoff.ms = 100
	sasl.mechanism = GSSAPI
	sasl.oauthbearer.clock.skew.seconds = 30
	sasl.oauthbearer.expected.audience = null
	sasl.oauthbearer.expected.issuer = null
	sasl.oauthbearer.header.urlencode = false
	sasl.oauthbearer.jwks.endpoint.refresh.ms = 3600000
	sasl.oauthbearer.jwks.endpoint.retry.backoff.max.ms = 10000
	sasl.oauthbearer.jwks.endpoint.retry.backoff.ms = 100
	sasl.oauthbearer.jwks.endpoint.url = null
	sasl.oauthbearer.scope.claim.name = scope
	sasl.oauthbearer.sub.claim.name = sub
	sasl.oauthbearer.token.endpoint.url = null
	security.protocol = PLAINTEXT
	security.providers = null
	send.buffer.bytes = 131072
	session.timeout.ms = 45000
	socket.connection.setup.timeout.max.ms = 30000
	socket.connection.setup.timeout.ms = 10000
	ssl.cipher.suites = null
	ssl.enabled.protocols = [TLSv1.2, TLSv1.3]
	ssl.endpoint.identification.algorithm = https
	ssl.engine.factory.class = null
	ssl.key.password = null
	ssl.keymanager.algorithm = SunX509
	ssl.keystore.certificate.chain = null
	ssl.keystore.key = null
	ssl.keystore.location = null
	ssl.keystore.password = null
	ssl.keystore.type = JKS
	ssl.protocol = TLSv1.3
	ssl.provider = null
	ssl.secure.random.implementation = null
	ssl.trustmanager.algorithm = PKIX
	ssl.truststore.certificates = null
	ssl.truststore.location = null
	ssl.truststore.password = null
	ssl.truststore.type = JKS
	value.deserializer = class org.apache.kafka.common.serialization.StringDeserializer

2026-08-14T14:58:57.185+05:30  INFO 28548 --- [           main] o.a.k.c.t.i.KafkaMetricsCollector        : initializing Kafka metrics collector
2026-08-14T14:58:57.188+05:30  WARN 28548 --- [ntainer#3-1-C-1] org.apache.kafka.clients.NetworkClient   : [Consumer clientId=consumer-identity.workflow-consumer.v1-5, groupId=identity.workflow-consumer.v1] The metadata response from the cluster reported a recoverable issue with correlation id 3 : {workflow-completion-events=UNKNOWN_TOPIC_OR_PARTITION}
2026-08-14T14:58:57.189+05:30  WARN 28548 --- [ntainer#3-0-C-1] org.apache.kafka.clients.NetworkClient   : [Consumer clientId=consumer-identity.workflow-consumer.v1-4, groupId=identity.workflow-consumer.v1] The metadata response from the cluster reported a recoverable issue with correlation id 3 : {workflow-completion-events=UNKNOWN_TOPIC_OR_PARTITION}
2026-08-14T14:58:57.189+05:30  WARN 28548 --- [ntainer#3-1-C-1] c.onified.logging.processor.LogEnricher  : No correlation_id found on any boundary — minting a new one (4005b302-20cb-42d2-98e0-b847c13828a4). This should only happen at a genuine flow origin; a downstream service hitting this path indicates a propagation bug.
2026-08-14T14:58:57.189+05:30  WARN 28548 --- [ntainer#2-2-C-1] org.apache.kafka.clients.NetworkClient   : [Consumer clientId=consumer-identity-partner-auto-share-consumer-3, groupId=identity-partner-auto-share-consumer] The metadata response from the cluster reported a recoverable issue with correlation id 3 : {platform.partner.lifecycle=UNKNOWN_TOPIC_OR_PARTITION}
2026-08-14T14:58:57.189+05:30  WARN 28548 --- [ntainer#2-1-C-1] org.apache.kafka.clients.NetworkClient   : [Consumer clientId=consumer-identity-partner-auto-share-consumer-2, groupId=identity-partner-auto-share-consumer] The metadata response from the cluster reported a recoverable issue with correlation id 3 : {platform.partner.lifecycle=UNKNOWN_TOPIC_OR_PARTITION}
2026-08-14T14:58:57.190+05:30  INFO 28548 --- [           main] o.a.kafka.common.utils.AppInfoParser     : Kafka version: 3.9.1
2026-08-14T14:58:57.199+05:30  WARN 28548 --- [r#3-retry-2-C-1] org.apache.kafka.clients.NetworkClient   : [Consumer clientId=consumer-identity.workflow-consumer.v1-retry-9, groupId=identity.workflow-consumer.v1-retry] The metadata response from the cluster reported a recoverable issue with correlation id 3 : {workflow-completion-events-retry=UNKNOWN_TOPIC_OR_PARTITION}
2026-08-14T14:58:57.200+05:30  WARN 28548 --- [r#3-retry-0-C-1] org.apache.kafka.clients.NetworkClient   : [Consumer clientId=consumer-identity.workflow-consumer.v1-retry-7, groupId=identity.workflow-consumer.v1-retry] The metadata response from the cluster reported a recoverable issue with correlation id 3 : {workflow-completion-events-retry=UNKNOWN_TOPIC_OR_PARTITION}
2026-08-14T14:58:57.266+05:30  WARN 28548 --- [ntainer#3-2-C-1] org.apache.kafka.clients.NetworkClient   : [Consumer clientId=consumer-identity.workflow-consumer.v1-6, groupId=identity.workflow-consumer.v1] The metadata response from the cluster reported a recoverable issue with correlation id 3 : {workflow-completion-events=LEADER_NOT_AVAILABLE}
2026-08-14T14:58:57.266+05:30  WARN 28548 --- [ntainer#2-0-C-1] org.apache.kafka.clients.NetworkClient   : [Consumer clientId=consumer-identity-partner-auto-share-consumer-1, groupId=identity-partner-auto-share-consumer] The metadata response from the cluster reported a recoverable issue with correlation id 3 : {platform.partner.lifecycle=LEADER_NOT_AVAILABLE}
2026-08-14T14:58:57.266+05:30  WARN 28548 --- [r#3-retry-1-C-1] org.apache.kafka.clients.NetworkClient   : [Consumer clientId=consumer-identity.workflow-consumer.v1-retry-8, groupId=identity.workflow-consumer.v1-retry] The metadata response from the cluster reported a recoverable issue with correlation id 3 : {workflow-completion-events-retry=LEADER_NOT_AVAILABLE}
2026-08-14T14:58:59.805+05:30  WARN 28548 --- [ng-sdk-producer] org.apache.kafka.clients.NetworkClient   : [Producer clientId=logging-sdk-producer] Error connecting to node kafka:29092 (id: 1 rack: null)

java.net.UnknownHostException: No such host is known (kafka)
	at java.base/java.net.Inet6AddressImpl.lookupAllHostAddr(Native Method) ~[na:na]
	at java.base/java.net.Inet6AddressImpl.lookupAllHostAddr(Inet6AddressImpl.java:52) ~[na:na]
	at java.base/java.net.InetAddress$PlatformResolver.lookupByName(InetAddress.java:1211) ~[na:na]
	at java.base/java.net.InetAddress.getAddressesFromNameService(InetAddress.java:1828) ~[na:na]
	at java.base/java.net.InetAddress$NameServiceAddresses.get(InetAddress.java:1139) ~[na:na]
	at java.base/java.net.InetAddress.getAllByName0(InetAddress.java:1818) ~[na:na]
	at java.base/java.net.InetAddress.getAllByName(InetAddress.java:1688) ~[na:na]
	at org.apache.kafka.clients.DefaultHostResolver.resolve(DefaultHostResolver.java:27) ~[kafka-clients-3.9.1.jar:na]
	at org.apache.kafka.clients.ClientUtils.resolve(ClientUtils.java:125) ~[kafka-clients-3.9.1.jar:na]
	at org.apache.kafka.clients.ClusterConnectionStates$NodeConnectionState.resolveAddresses(ClusterConnectionStates.java:536) ~[kafka-clients-3.9.1.jar:na]
	at org.apache.kafka.clients.ClusterConnectionStates$NodeConnectionState.currentAddress(ClusterConnectionStates.java:511) ~[kafka-clients-3.9.1.jar:na]
	at org.apache.kafka.clients.ClusterConnectionStates$NodeConnectionState.access$200(ClusterConnectionStates.java:466) ~[kafka-clients-3.9.1.jar:na]
	at org.apache.kafka.clients.ClusterConnectionStates.currentAddress(ClusterConnectionStates.java:173) ~[kafka-clients-3.9.1.jar:na]
	at org.apache.kafka.clients.NetworkClient.initiateConnect(NetworkClient.java:1075) ~[kafka-clients-3.9.1.jar:na]
	at org.apache.kafka.clients.NetworkClient.access$800(NetworkClient.java:77) ~[kafka-clients-3.9.1.jar:na]
	at org.apache.kafka.clients.NetworkClient$DefaultMetadataUpdater.maybeUpdate(NetworkClient.java:1264) ~[kafka-clients-3.9.1.jar:na]
	at org.apache.kafka.clients.NetworkClient$DefaultMetadataUpdater.maybeUpdate(NetworkClient.java:1164) ~[kafka-clients-3.9.1.jar:na]
	at org.apache.kafka.clients.NetworkClient.poll(NetworkClient.java:593) ~[kafka-clients-3.9.1.jar:na]
	at org.apache.kafka.clients.NetworkClientUtils.isReady(NetworkClientUtils.java:43) ~[kafka-clients-3.9.1.jar:na]
	at org.apache.kafka.clients.NetworkClientUtils.awaitReady(NetworkClientUtils.java:65) ~[kafka-clients-3.9.1.jar:na]
	at org.apache.kafka.clients.producer.internals.Sender.awaitNodeReady(Sender.java:569) ~[kafka-clients-3.9.1.jar:na]
	at org.apache.kafka.clients.producer.internals.Sender.maybeSendAndPollTransactionalRequest(Sender.java:490) ~[kafka-clients-3.9.1.jar:na]
	at org.apache.kafka.clients.producer.internals.Sender.runOnce(Sender.java:337) ~[kafka-clients-3.9.1.jar:na]
	at org.apache.kafka.clients.producer.internals.Sender.run(Sender.java:251) ~[kafka-clients-3.9.1.jar:na]
	at java.base/java.lang.Thread.run(Thread.java:1583) ~[na:na]


> Task :services:platform:identity:bootRun FAILED

[Incubating] Problems report is available at: file:///C:/Onified/onified-backend-beta/build/reports/problems/problems-report.html

FAILURE: Build failed with an exception.

* What went wrong:
Execution failed for task ':services:platform:identity:bootRun'.
> Process 'command 'C:\Program Files\Amazon Corretto\jdk21.0.12_8\bin\java.exe'' finished with non-zero exit value -1 (NTSTATUS 0xFFFFFFFF)

* Try:
> Run with --stacktrace option to get the stack trace.
> Run with --info or --debug option to get more log output.
> Run with --scan to get full insights from a Build Scan (powered by Develocity).
> Get more help at https://help.gradle.org.

Deprecated Gradle features were used in this build, making it incompatible with Gradle 10.

You can use '--warning-mode all' to show the individual deprecation warnings and determine if they come from your own scripts or plugins.

For more on this, please refer to https://docs.gradle.org/9.4.1/userguide/command_line_interface.html#sec:command_line_warnings in the Gradle documentation.

BUILD FAILED in 8m 51s
14 actionable tasks: 3 executed, 11 up-to-date
